{"tonal_atonal": [0.9999333024024963, 0.0012449799105525017], "voice_instrumental": [0.02422572299838066, 0.9839721322059631], "gender": [0.09970805794000626, 0.9007596969604492], "danceability": [0.9990313053131104, 0.0010740186553448439]}