{"tonal_atonal": [0.9544356465339661, 0.04073502868413925], "voice_instrumental": [0.056849606335163116, 0.9343441724777222], "gender": [0.232539102435112, 0.7679241895675659], "danceability": [0.8434546589851379, 0.16375942528247833]}