{"tonal_atonal": [0.9720265865325928, 0.03154902532696724], "voice_instrumental": [0.7099315524101257, 0.2647886574268341], "gender": [0.5285429358482361, 0.4767948091030121], "danceability": [0.44223013520240784, 0.5303346514701843]}