{"tonal_atonal": [0.9424779415130615, 0.06450224667787552], "voice_instrumental": [0.27253004908561707, 0.7205368280410767], "gender": [0.48359256982803345, 0.5179689526557922], "danceability": [0.9912942051887512, 0.0315401628613472]}