{"tonal_atonal": [0.13781529664993286, 0.8895851969718933], "voice_instrumental": [0.8119222521781921, 0.14862868189811707], "gender": [0.24046100676059723, 0.7598040699958801], "danceability": [0.01187127735465765, 0.9853102564811707]}