{"tonal_atonal": [0.8425911068916321, 0.1727781742811203], "voice_instrumental": [0.7565800547599792, 0.2571261525154114], "gender": [0.6509125232696533, 0.35064706206321716], "danceability": [0.9860321879386902, 0.01246122270822525]}