{"tonal_atonal": [0.5966376662254333, 0.47180163860321045], "voice_instrumental": [0.7505804896354675, 0.26873651146888733], "gender": [0.5522228479385376, 0.44930076599121094], "danceability": [0.7652187943458557, 0.23024724423885345]}