{"tonal_atonal": [0.8407220840454102, 0.26309558749198914], "voice_instrumental": [0.5110945105552673, 0.47192031145095825], "gender": [0.7402401566505432, 0.26158109307289124], "danceability": [0.907821536064148, 0.0891730785369873]}