{"tonal_atonal": [0.2391044646501541, 0.8748099207878113], "voice_instrumental": [0.9556317329406738, 0.05201107636094093], "gender": [0.18969470262527466, 0.8095333576202393], "danceability": [0.07283191382884979, 0.9425928592681885]}