{"tonal_atonal": [0.19589830935001373, 0.7563008069992065], "voice_instrumental": [0.4203413128852844, 0.578770101070404], "gender": [0.43201953172683716, 0.5682854056358337], "danceability": [0.016708292067050934, 0.9839012622833252]}