{"tonal_atonal": [0.860663652420044, 0.2625691592693329], "voice_instrumental": [0.5708140730857849, 0.4212897717952728], "gender": [0.49983689188957214, 0.5004324913024902], "danceability": [0.8630399703979492, 0.12854312360286713]}