{"tonal_atonal": [0.23702342808246613, 0.8218486309051514], "voice_instrumental": [0.5336254835128784, 0.4382193386554718], "gender": [0.5600026845932007, 0.441419392824173], "danceability": [0.9356820583343506, 0.07680127769708633]}