{"tonal_atonal": [0.5030221343040466, 0.46976742148399353], "voice_instrumental": [0.8858127593994141, 0.10926678776741028], "gender": [0.3770535886287689, 0.6242662668228149], "danceability": [0.016094915568828583, 0.9865562915802002]}