{"tonal_atonal": [0.9980810284614563, 0.020101645961403847], "voice_instrumental": [0.31313708424568176, 0.715166449546814], "gender": [0.22647054493427277, 0.7749528288841248], "danceability": [0.9999986886978149, 4.774929493578384e-06]}