{"tonal_atonal": [0.745171844959259, 0.22120292484760284], "voice_instrumental": [0.8085132837295532, 0.1660914123058319], "gender": [0.6873602271080017, 0.3195124566555023], "danceability": [0.060124848037958145, 0.9288190603256226]}