{"tonal_atonal": [0.9494017362594604, 0.1366260051727295], "voice_instrumental": [0.17680418491363525, 0.8472513556480408], "gender": [0.2215757519006729, 0.7760639786720276], "danceability": [0.19577278196811676, 0.7831436991691589]}