{"tonal_atonal": [0.9503083229064941, 0.05666434392333031], "voice_instrumental": [0.6787075400352478, 0.31826913356781006], "gender": [0.5999796986579895, 0.407360315322876], "danceability": [0.13570134341716766, 0.8003025650978088]}