{"tonal_atonal": [0.9998764991760254, 0.00045446102740243077], "voice_instrumental": [0.2009294033050537, 0.8034265637397766], "gender": [0.31401658058166504, 0.688837468624115], "danceability": [0.38263261318206787, 0.5935702323913574]}