{"tonal_atonal": [0.9981716275215149, 0.035035084933042526], "voice_instrumental": [0.003209257498383522, 0.9967076778411865], "gender": [0.2791380286216736, 0.72419273853302], "danceability": [0.9834136366844177, 0.014510750770568848]}