{"tonal_atonal": [0.4932445287704468, 0.44208240509033203], "voice_instrumental": [0.16750453412532806, 0.8223826289176941], "gender": [0.09648997336626053, 0.9026350975036621], "danceability": [0.07500948011875153, 0.9098613858222961]}