{"tonal_atonal": [0.8897013068199158, 0.1102658361196518], "voice_instrumental": [0.6991453766822815, 0.2907985746860504], "gender": [0.5714566707611084, 0.42996808886528015], "danceability": [0.059416063129901886, 0.9323910474777222]}