{"tonal_atonal": [0.9747889637947083, 0.03121897764503956], "voice_instrumental": [0.8632631301879883, 0.12126427888870239], "gender": [0.5444360971450806, 0.458452433347702], "danceability": [0.06287801265716553, 0.9234585165977478]}