{"tonal_atonal": [0.5259832143783569, 0.47632354497909546], "voice_instrumental": [0.5297912955284119, 0.4594714641571045], "gender": [0.35664117336273193, 0.6438356637954712], "danceability": [0.1445818543434143, 0.8646001815795898]}