{"tonal_atonal": [0.8335384726524353, 0.1592961549758911], "voice_instrumental": [0.6874104738235474, 0.27793633937835693], "gender": [0.5318450331687927, 0.47380292415618896], "danceability": [0.06666213274002075, 0.9225448369979858]}