{"tonal_atonal": [0.5565945506095886, 0.3837101459503174], "voice_instrumental": [0.546543538570404, 0.4433771073818207], "gender": [0.2667224407196045, 0.7339428067207336], "danceability": [0.380923867225647, 0.6384493708610535]}