{"tonal_atonal": [0.9170400500297546, 0.08130867779254913], "voice_instrumental": [0.5844811797142029, 0.38902756571769714], "gender": [0.7293777465820312, 0.28751200437545776], "danceability": [0.04410116374492645, 0.9433225393295288]}