{"tonal_atonal": [0.9971087574958801, 0.00640405248850584], "voice_instrumental": [0.8736316561698914, 0.10840310156345367], "gender": [0.5823456048965454, 0.41937220096588135], "danceability": [0.4293704628944397, 0.5692725777626038]}