{"tonal_atonal": [0.9927492141723633, 0.004533523693680763], "voice_instrumental": [0.1652935892343521, 0.7577418684959412], "gender": [0.5342298150062561, 0.4684145748615265], "danceability": [0.9602541327476501, 0.02927384339272976]}