{"tonal_atonal": [0.9507039785385132, 0.10256027430295944], "voice_instrumental": [0.794654369354248, 0.1725589781999588], "gender": [0.6606048345565796, 0.3413035571575165], "danceability": [0.875261664390564, 0.1092371866106987]}