{"tonal_atonal": [0.8059735298156738, 0.22477811574935913], "voice_instrumental": [0.7070501446723938, 0.3035695552825928], "gender": [0.5681211948394775, 0.4343668222427368], "danceability": [0.9514741897583008, 0.04168945923447609]}