{"tonal_atonal": [0.40940895676612854, 0.4872857332229614], "voice_instrumental": [0.40804675221443176, 0.5992693305015564], "gender": [0.5014740824699402, 0.5005321502685547], "danceability": [0.2650374174118042, 0.7527410387992859]}