{"tonal_atonal": [0.8807913661003113, 0.09689132124185562], "voice_instrumental": [0.906627893447876, 0.0931878387928009], "gender": [0.5592475533485413, 0.44220536947250366], "danceability": [0.022726723924279213, 0.9775677919387817]}