{"tonal_atonal": [0.6589303016662598, 0.27478909492492676], "voice_instrumental": [0.7517207264900208, 0.2201342135667801], "gender": [0.7216929793357849, 0.28316715359687805], "danceability": [0.04425602778792381, 0.9478026628494263]}