{"tonal_atonal": [0.860511064529419, 0.1590350866317749], "voice_instrumental": [0.14396533370018005, 0.8459342122077942], "gender": [0.42092540860176086, 0.5798660516738892], "danceability": [0.09475899487733841, 0.883184015750885]}