{"tonal_atonal": [0.950785756111145, 0.040640685707330704], "voice_instrumental": [0.878648042678833, 0.12018950283527374], "gender": [0.4918084442615509, 0.5095191597938538], "danceability": [0.025022881105542183, 0.9743369221687317]}