{"tonal_atonal": [0.7513927817344666, 0.29835712909698486], "voice_instrumental": [0.4056147634983063, 0.5844948887825012], "gender": [0.3074667453765869, 0.6909955739974976], "danceability": [0.061875324696302414, 0.928199291229248]}