{"tonal_atonal": [0.7162133455276489, 0.2891998589038849], "voice_instrumental": [0.2952355742454529, 0.6622588038444519], "gender": [0.34862396121025085, 0.6511455774307251], "danceability": [0.24373503029346466, 0.7195427417755127]}