{"tonal_atonal": [0.7666142582893372, 0.22947922348976135], "voice_instrumental": [0.7618707418441772, 0.22753065824508667], "gender": [0.6574209928512573, 0.3449328541755676], "danceability": [0.5991792678833008, 0.3883362412452698]}