{"tonal_atonal": [0.4278285503387451, 0.5738381743431091], "voice_instrumental": [0.7530000805854797, 0.24036268889904022], "gender": [0.6620842814445496, 0.34339192509651184], "danceability": [0.0752279981970787, 0.8979398012161255]}