{"tonal_atonal": [0.7740367650985718, 0.31493520736694336], "voice_instrumental": [0.1359809935092926, 0.8592228889465332], "gender": [0.3051883578300476, 0.6957485675811768], "danceability": [0.3259280025959015, 0.6733564734458923]}