{"tonal_atonal": [0.3919050395488739, 0.5695546269416809], "voice_instrumental": [0.8876911997795105, 0.10864633321762085], "gender": [0.6540257334709167, 0.35072606801986694], "danceability": [0.027041029185056686, 0.9710230827331543]}