{"tonal_atonal": [0.938122034072876, 0.045479461550712585], "voice_instrumental": [0.7497203946113586, 0.2090185433626175], "gender": [0.7308089137077332, 0.27637097239494324], "danceability": [0.6963658332824707, 0.29867470264434814]}