{"tonal_atonal": [0.9550613760948181, 0.07103712111711502], "voice_instrumental": [0.23005560040473938, 0.755620002746582], "gender": [0.08988761156797409, 0.9080938100814819], "danceability": [0.2810903787612915, 0.6850650310516357]}