{"tonal_atonal": [0.8567370772361755, 0.12954017519950867], "voice_instrumental": [0.8978798389434814, 0.09903495758771896], "gender": [0.6582435369491577, 0.34385114908218384], "danceability": [0.716493546962738, 0.24799971282482147]}