{"tonal_atonal": [0.9897584319114685, 0.016223128885030746], "voice_instrumental": [0.20088809728622437, 0.8066415786743164], "gender": [0.8775687217712402, 0.12312863767147064], "danceability": [0.7725042700767517, 0.22023142874240875]}