{"tonal_atonal": [0.9942484498023987, 0.02245362102985382], "voice_instrumental": [0.10339675843715668, 0.8866401314735413], "gender": [0.13814015686511993, 0.86122727394104], "danceability": [0.47643324732780457, 0.5316394567489624]}