{"tonal_atonal": [0.9897910356521606, 0.03200974687933922], "voice_instrumental": [0.1614052802324295, 0.8344162106513977], "gender": [0.6204097270965576, 0.3780561685562134], "danceability": [0.9903749823570251, 0.008926833048462868]}