{"tonal_atonal": [0.929180383682251, 0.1051454171538353], "voice_instrumental": [0.45451730489730835, 0.5281082987785339], "gender": [0.4776849150657654, 0.5289936065673828], "danceability": [0.1007603332400322, 0.8659487366676331]}