{"tonal_atonal": [0.998075008392334, 0.022166363894939423], "voice_instrumental": [0.05509427189826965, 0.9560414552688599], "gender": [0.18654732406139374, 0.8168953061103821], "danceability": [0.9999996423721313, 1.501305177953327e-06]}