{"tonal_atonal": [0.9697368741035461, 0.0636836513876915], "voice_instrumental": [0.30013012886047363, 0.6669610738754272], "gender": [0.3116138279438019, 0.6898680329322815], "danceability": [0.9835789799690247, 0.013580285012722015]}