{"tonal_atonal": [0.9434189796447754, 0.06728613376617432], "voice_instrumental": [0.7925275564193726, 0.20042826235294342], "gender": [0.5319995880126953, 0.4700218439102173], "danceability": [0.22644302248954773, 0.7489196062088013]}