{"tonal_atonal": [0.9046525359153748, 0.13020533323287964], "voice_instrumental": [0.7038929462432861, 0.23878121376037598], "gender": [0.41117551922798157, 0.5888733267784119], "danceability": [0.4843637943267822, 0.5082635283470154]}