{"tonal_atonal": [0.8848651051521301, 0.11281000822782516], "voice_instrumental": [0.07308154553174973, 0.9268864393234253], "gender": [0.23578156530857086, 0.7652520537376404], "danceability": [0.7645930051803589, 0.23997217416763306]}