{"tonal_atonal": [0.797595739364624, 0.1336105763912201], "voice_instrumental": [0.466503769159317, 0.5193555951118469], "gender": [0.3926823139190674, 0.6092488765716553], "danceability": [0.23159819841384888, 0.7740044593811035]}