{"tonal_atonal": [0.31464073061943054, 0.6686874628067017], "voice_instrumental": [0.13344325125217438, 0.8686110377311707], "gender": [0.36101675033569336, 0.6390340328216553], "danceability": [0.029969608411192894, 0.9647642374038696]}