{"tonal_atonal": [0.7712992429733276, 0.4093632996082306], "voice_instrumental": [0.5427230000495911, 0.43118324875831604], "gender": [0.1552652269601822, 0.8432742357254028], "danceability": [0.2721799910068512, 0.6903552412986755]}