{"tonal_atonal": [0.994469404220581, 0.008173419162631035], "voice_instrumental": [0.7382442951202393, 0.23821066319942474], "gender": [0.5430459380149841, 0.4581865072250366], "danceability": [0.2564955949783325, 0.6782450675964355]}