{"tonal_atonal": [0.9770129919052124, 0.01189429871737957], "voice_instrumental": [0.4453810751438141, 0.5702059268951416], "gender": [0.2869882881641388, 0.7132428884506226], "danceability": [0.9251822829246521, 0.06504886597394943]}