{"tonal_atonal": [0.563454806804657, 0.4637451469898224], "voice_instrumental": [0.41485077142715454, 0.5734598636627197], "gender": [0.7054977416992188, 0.2961123585700989], "danceability": [0.010453348979353905, 0.9901055097579956]}