{"tonal_atonal": [0.6593940854072571, 0.416929692029953], "voice_instrumental": [0.7318331003189087, 0.26007530093193054], "gender": [0.6786577105522156, 0.32678958773612976], "danceability": [0.08205598592758179, 0.8935062885284424]}