{"tonal_atonal": [0.8782097101211548, 0.08986194431781769], "voice_instrumental": [0.7042414546012878, 0.27900180220603943], "gender": [0.6321984529495239, 0.3713543713092804], "danceability": [0.04576543718576431, 0.9498274326324463]}