{"tonal_atonal": [0.9993210434913635, 0.0008804669487290084], "voice_instrumental": [0.1835222840309143, 0.8068664073944092], "gender": [0.4268799424171448, 0.5728729367256165], "danceability": [0.8161972165107727, 0.17542698979377747]}