{"tonal_atonal": [0.6730543971061707, 0.2418065071105957], "voice_instrumental": [0.24935713410377502, 0.7442788481712341], "gender": [0.34628069400787354, 0.6537248492240906], "danceability": [0.051173292100429535, 0.9497258067131042]}