{"tonal_atonal": [0.6374291777610779, 0.3316074311733246], "voice_instrumental": [0.07297341525554657, 0.9234557747840881], "gender": [0.22149813175201416, 0.7783369421958923], "danceability": [0.15062128007411957, 0.8331878185272217]}