{"tonal_atonal": [0.6086159944534302, 0.4041338860988617], "voice_instrumental": [0.9078864455223083, 0.092371366918087], "gender": [0.4675484895706177, 0.5336379408836365], "danceability": [0.017468752339482307, 0.9824734330177307]}