{"tonal_atonal": [0.8325017690658569, 0.14873157441616058], "voice_instrumental": [0.4873126745223999, 0.5001881718635559], "gender": [0.785775899887085, 0.21662527322769165], "danceability": [0.6250333786010742, 0.37601277232170105]}