{"tonal_atonal": [0.973822832107544, 0.02836921066045761], "voice_instrumental": [0.2385985106229782, 0.7608650326728821], "gender": [0.3612270951271057, 0.6388554573059082], "danceability": [0.3071434795856476, 0.6789712905883789]}