{"tonal_atonal": [0.1767655313014984, 0.8236161470413208], "voice_instrumental": [0.9217265248298645, 0.07589677721261978], "gender": [0.5212564468383789, 0.48029056191444397], "danceability": [0.19665023684501648, 0.805358350276947]}