{"tonal_atonal": [0.07465239614248276, 0.9129884243011475], "voice_instrumental": [0.6971611976623535, 0.3015481233596802], "gender": [0.6772840619087219, 0.3252212405204773], "danceability": [0.06869768351316452, 0.9212037324905396]}