{"tonal_atonal": [0.92103511095047, 0.06177688390016556], "voice_instrumental": [0.7848709225654602, 0.19690626859664917], "gender": [0.6852717995643616, 0.3109019696712494], "danceability": [0.64466392993927, 0.35937395691871643]}