{"tonal_atonal": [0.7567590475082397, 0.2834293246269226], "voice_instrumental": [0.870662271976471, 0.1492430865764618], "gender": [0.3729962706565857, 0.6293309330940247], "danceability": [0.7223788499832153, 0.2769940495491028]}