{"tonal_atonal": [0.31121203303337097, 0.6555845737457275], "voice_instrumental": [0.8129146695137024, 0.17782160639762878], "gender": [0.5437665581703186, 0.4579390287399292], "danceability": [0.7981690764427185, 0.2030070722103119]}