{"tonal_atonal": [0.8427855968475342, 0.17972852289676666], "voice_instrumental": [0.7378020286560059, 0.27547281980514526], "gender": [0.8755561113357544, 0.12664787471294403], "danceability": [0.8347362875938416, 0.14922694861888885]}