{"tonal_atonal": [0.6677632927894592, 0.315056174993515], "voice_instrumental": [0.3853355348110199, 0.5940672159194946], "gender": [0.2937147915363312, 0.7052912712097168], "danceability": [0.3738213777542114, 0.6361979842185974]}