{"tonal_atonal": [0.7968207001686096, 0.2335016131401062], "voice_instrumental": [0.04264890402555466, 0.9595539569854736], "gender": [0.1781153678894043, 0.8216727375984192], "danceability": [0.4467650353908539, 0.510398268699646]}