{"tonal_atonal": [0.9461982846260071, 0.028682611882686615], "voice_instrumental": [0.6285337209701538, 0.33859583735466003], "gender": [0.6861374378204346, 0.3166252672672272], "danceability": [0.03175979480147362, 0.9690991044044495]}