{"tonal_atonal": [0.48637375235557556, 0.5097353458404541], "voice_instrumental": [0.6453330516815186, 0.326744943857193], "gender": [0.602222204208374, 0.4053639769554138], "danceability": [0.05743464082479477, 0.9183199405670166]}