{"tonal_atonal": [0.8402179479598999, 0.11341790854930878], "voice_instrumental": [0.26280367374420166, 0.7240222096443176], "gender": [0.5110278129577637, 0.48987093567848206], "danceability": [0.4567664861679077, 0.5216071009635925]}