{"tonal_atonal": [0.8585808277130127, 0.1471644788980484], "voice_instrumental": [0.3416253924369812, 0.6492067575454712], "gender": [0.2026084065437317, 0.7968552112579346], "danceability": [0.4667392075061798, 0.5271656513214111]}