{"tonal_atonal": [0.6826227903366089, 0.223711758852005], "voice_instrumental": [0.5170184969902039, 0.47687360644340515], "gender": [0.4385954737663269, 0.5628991723060608], "danceability": [0.5499578714370728, 0.4357142150402069]}