{"tonal_atonal": [0.22814726829528809, 0.7798013091087341], "voice_instrumental": [0.2392464429140091, 0.769598662853241], "gender": [0.1021561399102211, 0.8984477519989014], "danceability": [0.23413440585136414, 0.7525389790534973]}