{"tonal_atonal": [0.5246326923370361, 0.46243318915367126], "voice_instrumental": [0.24528729915618896, 0.7487550973892212], "gender": [0.38800132274627686, 0.6135409474372864], "danceability": [0.34870725870132446, 0.6188271641731262]}