{"tonal_atonal": [0.9841909408569336, 0.01969463936984539], "voice_instrumental": [0.11742715537548065, 0.8743855357170105], "gender": [0.16135191917419434, 0.8372398614883423], "danceability": [0.4574855864048004, 0.520581841468811]}