{"tonal_atonal": [0.7237732410430908, 0.2266278713941574], "voice_instrumental": [0.37098628282546997, 0.6151068806648254], "gender": [0.33146464824676514, 0.6696763038635254], "danceability": [0.9172497391700745, 0.09574433416128159]}