{"tonal_atonal": [0.8554155826568604, 0.18505406379699707], "voice_instrumental": [0.713900625705719, 0.2288583666086197], "gender": [0.5797085762023926, 0.41738492250442505], "danceability": [0.7740047574043274, 0.22452037036418915]}