{"tonal_atonal": [0.6532586216926575, 0.30024978518486023], "voice_instrumental": [0.6693219542503357, 0.28342723846435547], "gender": [0.502739429473877, 0.5049023628234863], "danceability": [0.029014617204666138, 0.9669769406318665]}