{"tonal_atonal": [0.8139984011650085, 0.24124938249588013], "voice_instrumental": [0.7490925788879395, 0.2090281993150711], "gender": [0.7737542390823364, 0.22757960855960846], "danceability": [0.8924184441566467, 0.09716338664293289]}