{"tonal_atonal": [0.19240878522396088, 0.8509626984596252], "voice_instrumental": [0.7143513560295105, 0.24330803751945496], "gender": [0.2545577883720398, 0.7463921904563904], "danceability": [0.7598564028739929, 0.20537151396274567]}