{"tonal_atonal": [0.11500821262598038, 0.9090350866317749], "voice_instrumental": [0.7402404546737671, 0.2352498173713684], "gender": [0.6857957243919373, 0.31559431552886963], "danceability": [0.026909952983260155, 0.96759033203125]}