{"tonal_atonal": [0.44253990054130554, 0.5235990285873413], "voice_instrumental": [0.8200598359107971, 0.17568469047546387], "gender": [0.4174777865409851, 0.5840433239936829], "danceability": [0.008753434754908085, 0.9921157956123352]}