{"tonal_atonal": [0.9306775331497192, 0.10896185040473938], "voice_instrumental": [0.6434124112129211, 0.31167280673980713], "gender": [0.4332864582538605, 0.5677368640899658], "danceability": [0.7803221344947815, 0.18798963725566864]}