{"tonal_atonal": [0.8113135099411011, 0.24492008984088898], "voice_instrumental": [0.702441930770874, 0.28890424966812134], "gender": [0.6108577251434326, 0.3934156894683838], "danceability": [0.24304547905921936, 0.6401057839393616]}