{"tonal_atonal": [0.8458263278007507, 0.21496713161468506], "voice_instrumental": [0.5722516775131226, 0.41127026081085205], "gender": [0.5548000335693359, 0.44841843843460083], "danceability": [0.907153308391571, 0.08960186690092087]}