{"tonal_atonal": [0.8239835500717163, 0.21048136055469513], "voice_instrumental": [0.6899047493934631, 0.2548549771308899], "gender": [0.476811021566391, 0.5239810347557068], "danceability": [0.869581937789917, 0.13623663783073425]}