{"tonal_atonal": [0.7366129755973816, 0.21507665514945984], "voice_instrumental": [0.9229865074157715, 0.07496839016675949], "gender": [0.6740773320198059, 0.32941433787345886], "danceability": [0.011101853102445602, 0.9916508197784424]}