{"tonal_atonal": [0.03627524897456169, 0.9668316841125488], "voice_instrumental": [0.8081926703453064, 0.13360215723514557], "gender": [0.4939195513725281, 0.5074352622032166], "danceability": [0.16142429411411285, 0.8403245806694031]}