{"tonal_atonal": [0.18231168389320374, 0.8741341829299927], "voice_instrumental": [0.1314617544412613, 0.8655703663825989], "gender": [0.2709823548793793, 0.7287952303886414], "danceability": [0.43916210532188416, 0.5575799345970154]}