{"tonal_atonal": [0.5623239874839783, 0.4153180420398712], "voice_instrumental": [0.9096343517303467, 0.08995849639177322], "gender": [0.5346078872680664, 0.46615070104599], "danceability": [0.021749472245573997, 0.978133499622345]}