{"tonal_atonal": [0.8759067058563232, 0.13313500583171844], "voice_instrumental": [0.09929125756025314, 0.8991029262542725], "gender": [0.35130447149276733, 0.6496775150299072], "danceability": [0.13660816848278046, 0.8509261608123779]}