{"tonal_atonal": [0.9312174320220947, 0.04860848933458328], "voice_instrumental": [0.7802299857139587, 0.21162055432796478], "gender": [0.5963323712348938, 0.4075399935245514], "danceability": [0.027663638815283775, 0.9717929363250732]}