{"tonal_atonal": [0.9690951704978943, 0.08766990154981613], "voice_instrumental": [0.018322037532925606, 0.9905397891998291], "gender": [0.11240235716104507, 0.8882437348365784], "danceability": [0.9987879395484924, 0.001375295571051538]}