{"tonal_atonal": [0.8968570828437805, 0.09286096692085266], "voice_instrumental": [0.5711678862571716, 0.4019988179206848], "gender": [0.6461710929870605, 0.3626360297203064], "danceability": [0.07243018597364426, 0.9036274552345276]}