{"tonal_atonal": [0.6996867656707764, 0.45940449833869934], "voice_instrumental": [0.8705685138702393, 0.13172008097171783], "gender": [0.36347341537475586, 0.6361468434333801], "danceability": [0.22379934787750244, 0.7178888916969299]}