{"tonal_atonal": [0.21480774879455566, 0.874451220035553], "voice_instrumental": [0.9069836735725403, 0.08791477978229523], "gender": [0.568045973777771, 0.4338410794734955], "danceability": [0.12248652428388596, 0.869245707988739]}