{"tonal_atonal": [0.32923948764801025, 0.6462277770042419], "voice_instrumental": [0.3487408459186554, 0.613296627998352], "gender": [0.3759232759475708, 0.6243913173675537], "danceability": [0.510962188243866, 0.49256107211112976]}