{"tonal_atonal": [0.9857348799705505, 0.010335289873182774], "voice_instrumental": [0.6492656469345093, 0.3309725224971771], "gender": [0.5035067200660706, 0.498854398727417], "danceability": [0.23670120537281036, 0.753681480884552]}