{"tonal_atonal": [0.8512216210365295, 0.14229236543178558], "voice_instrumental": [0.8184331655502319, 0.1655573546886444], "gender": [0.5134365558624268, 0.48804473876953125], "danceability": [0.08537894487380981, 0.9044198393821716]}