{"tonal_atonal": [0.9814630150794983, 0.050054196268320084], "voice_instrumental": [0.6075187921524048, 0.40976470708847046], "gender": [0.7602438926696777, 0.23994100093841553], "danceability": [0.9757484793663025, 0.023675506934523582]}