{"tonal_atonal": [0.9043495655059814, 0.10460297763347626], "voice_instrumental": [0.705264687538147, 0.2787283957004547], "gender": [0.4957703948020935, 0.5193137526512146], "danceability": [0.060096338391304016, 0.9141699075698853]}