{"tonal_atonal": [0.871868371963501, 0.13937443494796753], "voice_instrumental": [0.1623070240020752, 0.8329774737358093], "gender": [0.23896494507789612, 0.7623534798622131], "danceability": [0.8898271918296814, 0.10771264135837555]}