{"tonal_atonal": [0.9999998807907104, 1.5767199101901497e-06], "voice_instrumental": [0.1874598115682602, 0.837165117263794], "gender": [0.43304240703582764, 0.574705958366394], "danceability": [1.0, 0.0]}