{"tonal_atonal": [0.9990140795707703, 0.002235333900898695], "voice_instrumental": [0.3516898453235626, 0.6604570746421814], "gender": [0.105470672249794, 0.893497109413147], "danceability": [0.2631460428237915, 0.6752089858055115]}