{"tonal_atonal": [0.9169848561286926, 0.17822541296482086], "voice_instrumental": [0.5738030076026917, 0.4430912435054779], "gender": [0.40258580446243286, 0.5990944504737854], "danceability": [0.5193225145339966, 0.49134910106658936]}