{"tonal_atonal": [0.5799477100372314, 0.5006906390190125], "voice_instrumental": [0.1808553785085678, 0.8120394945144653], "gender": [0.7874952554702759, 0.2136470079421997], "danceability": [0.7730944156646729, 0.22676435112953186]}