{"tonal_atonal": [0.5932870507240295, 0.42960503697395325], "voice_instrumental": [0.7181282639503479, 0.2550504803657532], "gender": [0.3535555303096771, 0.6469849944114685], "danceability": [0.009167933836579323, 0.9920374751091003]}