{"tonal_atonal": [0.6494010090827942, 0.39080801606178284], "voice_instrumental": [0.44214531779289246, 0.566535234451294], "gender": [0.3385418951511383, 0.6612886786460876], "danceability": [0.900954008102417, 0.11108922213315964]}