{"tonal_atonal": [0.36387473344802856, 0.6662800908088684], "voice_instrumental": [0.9183238744735718, 0.07274475693702698], "gender": [0.4408506751060486, 0.5604655146598816], "danceability": [0.027383320033550262, 0.9741087555885315]}