{"tonal_atonal": [0.9295682907104492, 0.08340571820735931], "voice_instrumental": [0.2571476697921753, 0.741815447807312], "gender": [0.14345647394657135, 0.8568503260612488], "danceability": [0.7153727412223816, 0.28459763526916504]}