{"tonal_atonal": [0.9646052122116089, 0.03300325945019722], "voice_instrumental": [0.27627041935920715, 0.7405797243118286], "gender": [0.2993021011352539, 0.6949215531349182], "danceability": [0.9287161827087402, 0.09802026301622391]}