{"tonal_atonal": [0.8041653037071228, 0.21851149201393127], "voice_instrumental": [0.7755386233329773, 0.22353869676589966], "gender": [0.563348650932312, 0.4385659098625183], "danceability": [0.8507930040359497, 0.1445191353559494]}