{"tonal_atonal": [0.49588245153427124, 0.5683503150939941], "voice_instrumental": [0.7896983027458191, 0.2089979350566864], "gender": [0.6157052516937256, 0.38786813616752625], "danceability": [0.05445137247443199, 0.9291580319404602]}