{"tonal_atonal": [0.9950910210609436, 0.005373151507228613], "voice_instrumental": [0.7512682676315308, 0.22868850827217102], "gender": [0.6817604303359985, 0.3204393982887268], "danceability": [0.8441699743270874, 0.1750347912311554]}