{"tonal_atonal": [0.8827924132347107, 0.08748484402894974], "voice_instrumental": [0.8347815275192261, 0.15699657797813416], "gender": [0.5502802729606628, 0.45148494839668274], "danceability": [0.06703684478998184, 0.9352851510047913]}