{"tonal_atonal": [0.9959835410118103, 0.0029833107255399227], "voice_instrumental": [0.3390085697174072, 0.6294646859169006], "gender": [0.3399864733219147, 0.6608423590660095], "danceability": [0.8274760246276855, 0.1703624278306961]}