{"tonal_atonal": [0.5733160376548767, 0.3861095607280731], "voice_instrumental": [0.8225722312927246, 0.19383996725082397], "gender": [0.5365877151489258, 0.47023317217826843], "danceability": [0.04804209619760513, 0.9307025074958801]}