{"mood_acoustic": [0.9353041648864746, 0.04641328006982803], "mood_aggressive": [0.0005606811610050499, 0.9981447458267212], "mood_electronic": [0.28845715522766113, 0.7944839596748352], "mood_happy": [0.0006710368325002491, 0.9987654685974121], "mood_party": [1.0, 2.416539018668118e-06], "mood_relaxed": [0.008733797818422318, 0.9901962280273438], "mood_sad": [0.009957251138985157, 0.9834460616111755]}