{"mood_acoustic": [0.020974788814783096, 0.9780126810073853], "mood_aggressive": [0.11974932998418808, 0.9282870888710022], "mood_electronic": [0.9881139993667603, 0.016682807356119156], "mood_happy": [0.2699812650680542, 0.6375113725662231], "mood_party": [0.07082588225603104, 0.9289178848266602], "mood_relaxed": [0.7313045263290405, 0.2563604414463043], "mood_sad": [0.9826909899711609, 0.014866018667817116]}