{"mood_acoustic": [0.7402553558349609, 0.2570168375968933], "mood_aggressive": [0.03487107902765274, 0.9596773386001587], "mood_electronic": [0.038729794323444366, 0.968108057975769], "mood_happy": [0.615561842918396, 0.4016822278499603], "mood_party": [0.9980457425117493, 0.0022061674389988184], "mood_relaxed": [0.4034821689128876, 0.6120498776435852], "mood_sad": [0.5514018535614014, 0.3953171670436859]}