{"mood_acoustic": [0.07839291542768478, 0.9249840974807739], "mood_aggressive": [0.0013421960175037384, 0.9980581998825073], "mood_electronic": [0.2644200921058655, 0.820713996887207], "mood_happy": [0.21135249733924866, 0.7685914039611816], "mood_party": [0.9954553842544556, 0.00673877727240324], "mood_relaxed": [0.004929839633405209, 0.9946338534355164], "mood_sad": [0.1352599561214447, 0.8548027873039246]}