{"mood_acoustic": [0.4988938271999359, 0.4843219220638275], "mood_aggressive": [4.856045052292757e-05, 0.9997537732124329], "mood_electronic": [0.13018253445625305, 0.9090967178344727], "mood_happy": [0.019237522035837173, 0.9691361784934998], "mood_party": [0.9997962713241577, 0.0003190714633092284], "mood_relaxed": [0.0038735338021069765, 0.9956321120262146], "mood_sad": [0.16794225573539734, 0.8084135055541992]}