{"mood_acoustic": [0.7375358939170837, 0.25611016154289246], "mood_aggressive": [0.0886126458644867, 0.9115995168685913], "mood_electronic": [0.4807925820350647, 0.5509635806083679], "mood_happy": [0.04663936048746109, 0.9557194709777832], "mood_party": [0.9674298167228699, 0.03783435747027397], "mood_relaxed": [0.1032746285200119, 0.8996435403823853], "mood_sad": [0.2611939013004303, 0.7264370918273926]}