{"mood_acoustic": [0.7704517841339111, 0.222463458776474], "mood_aggressive": [0.00012667570263147354, 0.9993317723274231], "mood_electronic": [0.03919609636068344, 0.9752136468887329], "mood_happy": [0.0004966187407262623, 0.9989743828773499], "mood_party": [0.9999586939811707, 7.946429832372814e-05], "mood_relaxed": [0.004239221569150686, 0.9951889514923096], "mood_sad": [0.004235467873513699, 0.9936742186546326]}