{"mood_acoustic": [0.5929759740829468, 0.4283078610897064], "mood_aggressive": [0.004201446659862995, 0.9926792979240417], "mood_electronic": [0.6328346133232117, 0.39669498801231384], "mood_happy": [0.17491254210472107, 0.8357667326927185], "mood_party": [0.9980145692825317, 0.0020885125268250704], "mood_relaxed": [0.07814418524503708, 0.924890398979187], "mood_sad": [0.3303430378437042, 0.6706104278564453]}