{"mood_acoustic": [0.3658572733402252, 0.6346033215522766], "mood_aggressive": [0.5023032426834106, 0.5151180624961853], "mood_electronic": [0.06567533314228058, 0.9339524507522583], "mood_happy": [0.7036454677581787, 0.2718721926212311], "mood_party": [0.6254255175590515, 0.3951921761035919], "mood_relaxed": [0.5845754146575928, 0.4051301181316376], "mood_sad": [0.7463968992233276, 0.23725932836532593]}