{"mood_acoustic": [0.1195487305521965, 0.8564683198928833], "mood_aggressive": [0.5196919441223145, 0.46057605743408203], "mood_electronic": [0.3440776765346527, 0.7094348669052124], "mood_happy": [0.76209557056427, 0.2288854718208313], "mood_party": [0.9795538187026978, 0.026971887797117233], "mood_relaxed": [0.49041399359703064, 0.5148302912712097], "mood_sad": [0.466217041015625, 0.49920782446861267]}