{"mood_acoustic": [0.24095214903354645, 0.760137140750885], "mood_aggressive": [0.013072114437818527, 0.9867568016052246], "mood_electronic": [0.5944374203681946, 0.4121449589729309], "mood_happy": [0.05812844634056091, 0.9264649748802185], "mood_party": [0.9859570264816284, 0.01320070493966341], "mood_relaxed": [0.10332966595888138, 0.897728681564331], "mood_sad": [0.24375773966312408, 0.7427436113357544]}