{"mood_acoustic": [0.04502956569194794, 0.9584674835205078], "mood_aggressive": [0.006510396953672171, 0.9939371347427368], "mood_electronic": [0.9311969876289368, 0.118007592856884], "mood_happy": [0.2958747446537018, 0.6792349815368652], "mood_party": [0.8183651566505432, 0.16909146308898926], "mood_relaxed": [0.5355674624443054, 0.48287636041641235], "mood_sad": [0.31365036964416504, 0.6519070863723755]}