{"mood_acoustic": [0.17096133530139923, 0.8365434408187866], "mood_aggressive": [0.022354401648044586, 0.9678586721420288], "mood_electronic": [0.5145103335380554, 0.5504801273345947], "mood_happy": [0.02318527363240719, 0.9700422883033752], "mood_party": [0.9928673505783081, 0.009420379064977169], "mood_relaxed": [0.037126585841178894, 0.9642240405082703], "mood_sad": [0.3727980852127075, 0.6085695028305054]}