{"mood_acoustic": [0.07351665943861008, 0.9397252798080444], "mood_aggressive": [0.03933509811758995, 0.9674963355064392], "mood_electronic": [0.9847510457038879, 0.02234666235744953], "mood_happy": [0.5160069465637207, 0.5370280146598816], "mood_party": [0.9946485161781311, 0.0057311635464429855], "mood_relaxed": [0.4737674593925476, 0.5399926900863647], "mood_sad": [0.943246066570282, 0.059982780367136]}