{"mood_acoustic": [0.8383294343948364, 0.15200960636138916], "mood_aggressive": [5.168579446035437e-05, 0.9997692704200745], "mood_electronic": [0.06081355735659599, 0.9503340125083923], "mood_happy": [0.04487268626689911, 0.9551284909248352], "mood_party": [0.9999494552612305, 0.00010100336658069864], "mood_relaxed": [0.019195083528757095, 0.9793598651885986], "mood_sad": [0.0015590934781357646, 0.9980847239494324]}