{"mood_acoustic": [0.9892140626907349, 0.008190859109163284], "mood_aggressive": [9.40516620175913e-05, 0.9998539090156555], "mood_electronic": [0.22469070553779602, 0.7743733525276184], "mood_happy": [0.25884175300598145, 0.7567222714424133], "mood_party": [0.999998927116394, 1.3263772416394204e-05], "mood_relaxed": [0.014202430844306946, 0.9843965172767639], "mood_sad": [0.12324494123458862, 0.8493671417236328]}