{"mood_acoustic": [0.847486674785614, 0.10712947696447372], "mood_aggressive": [0.0005495611112564802, 0.998634934425354], "mood_electronic": [0.08379307389259338, 0.9264398217201233], "mood_happy": [0.11642932891845703, 0.8592299818992615], "mood_party": [0.9993970990180969, 0.0009051283122971654], "mood_relaxed": [0.13371530175209045, 0.8682317137718201], "mood_sad": [0.08331216871738434, 0.9016688466072083]}