{"mood_acoustic": [0.896821916103363, 0.07961328327655792], "mood_aggressive": [0.002282345201820135, 0.9972950220108032], "mood_electronic": [0.7437357306480408, 0.2472122460603714], "mood_happy": [0.6391193270683289, 0.3824502229690552], "mood_party": [0.9998047351837158, 0.0003974760475102812], "mood_relaxed": [0.3773266077041626, 0.6256891489028931], "mood_sad": [0.8229652047157288, 0.1546557992696762]}