{"mood_acoustic": [0.49928420782089233, 0.5293710827827454], "mood_aggressive": [0.3185100853443146, 0.685215950012207], "mood_electronic": [0.76297926902771, 0.25980621576309204], "mood_happy": [0.07745198905467987, 0.9055547118186951], "mood_party": [0.9895069003105164, 0.010041710920631886], "mood_relaxed": [0.28800493478775024, 0.7097205519676208], "mood_sad": [0.48554983735084534, 0.4602467715740204]}