{"mood_acoustic": [0.8246349096298218, 0.17182660102844238], "mood_aggressive": [0.0003725037968251854, 0.9993871450424194], "mood_electronic": [0.6572754979133606, 0.41146591305732727], "mood_happy": [0.11641968041658401, 0.8911873698234558], "mood_party": [0.9998989105224609, 0.0002196571440435946], "mood_relaxed": [0.030806265771389008, 0.9677680134773254], "mood_sad": [0.028469374403357506, 0.9643918871879578]}