{"mood_acoustic": [0.02315271832048893, 0.9682779908180237], "mood_aggressive": [0.5376427173614502, 0.47924819588661194], "mood_electronic": [0.7663897275924683, 0.28686991333961487], "mood_happy": [0.21579767763614655, 0.7708374857902527], "mood_party": [0.7345519065856934, 0.23526740074157715], "mood_relaxed": [0.8044909238815308, 0.19369828701019287], "mood_sad": [0.9217129945755005, 0.09588359296321869]}