{"mood_acoustic": [0.1009453758597374, 0.8788291215896606], "mood_aggressive": [0.7884351015090942, 0.21164418756961823], "mood_electronic": [0.2640974521636963, 0.7414003610610962], "mood_happy": [0.5822298526763916, 0.40521717071533203], "mood_party": [0.8478590846061707, 0.13650955259799957], "mood_relaxed": [0.777306318283081, 0.21642260253429413], "mood_sad": [0.8211255073547363, 0.14054110646247864]}