{"mood_acoustic": [0.16299699246883392, 0.8062291145324707], "mood_aggressive": [0.07967249304056168, 0.9219884872436523], "mood_electronic": [0.8651833534240723, 0.21479181945323944], "mood_happy": [0.18096353113651276, 0.8001265525817871], "mood_party": [0.9653809666633606, 0.04065573588013649], "mood_relaxed": [0.1234804019331932, 0.8803640007972717], "mood_sad": [0.5708043575286865, 0.37563586235046387]}