{"mood_acoustic": [0.16822709143161774, 0.8734075427055359], "mood_aggressive": [0.00496448902413249, 0.9972172379493713], "mood_electronic": [0.983787477016449, 0.02029266394674778], "mood_happy": [0.3633158802986145, 0.6276804208755493], "mood_party": [0.8556126356124878, 0.12321893870830536], "mood_relaxed": [0.15794974565505981, 0.8371740579605103], "mood_sad": [0.855285108089447, 0.1242523118853569]}