{"mood_acoustic": [0.0024021894205361605, 0.9915173053741455], "mood_aggressive": [0.27595338225364685, 0.7255622744560242], "mood_electronic": [0.6155665516853333, 0.44831499457359314], "mood_happy": [0.15879519283771515, 0.8432773351669312], "mood_party": [0.7238950729370117, 0.24523179233074188], "mood_relaxed": [0.5363408923149109, 0.48635780811309814], "mood_sad": [0.8484919667243958, 0.15837068855762482]}