{"mood_acoustic": [0.8579392433166504, 0.1251806914806366], "mood_aggressive": [0.000660235935356468, 0.9984774589538574], "mood_electronic": [0.5440407991409302, 0.4557809829711914], "mood_happy": [0.0952296331524849, 0.9033867120742798], "mood_party": [0.9999030232429504, 0.00024810832110233605], "mood_relaxed": [0.07632462680339813, 0.9211095571517944], "mood_sad": [0.11408963054418564, 0.8831008672714233]}