{"mood_acoustic": [0.5807547569274902, 0.40694332122802734], "mood_aggressive": [0.17918458580970764, 0.8218175172805786], "mood_electronic": [0.42340099811553955, 0.5972427129745483], "mood_happy": [0.4053511619567871, 0.5779215097427368], "mood_party": [0.9384799003601074, 0.049967601895332336], "mood_relaxed": [0.2885475754737854, 0.7055235505104065], "mood_sad": [0.2953093945980072, 0.6920086741447449]}