{"mood_acoustic": [0.4331231117248535, 0.5984413623809814], "mood_aggressive": [0.15170885622501373, 0.8349658250808716], "mood_electronic": [0.45259779691696167, 0.5623367428779602], "mood_happy": [0.7773293256759644, 0.2282673716545105], "mood_party": [0.5236643552780151, 0.48182493448257446], "mood_relaxed": [0.6305865049362183, 0.3688295781612396], "mood_sad": [0.8457828760147095, 0.14801442623138428]}