{"mood_acoustic": [0.9277517199516296, 0.05557304620742798], "mood_aggressive": [6.070240488043055e-05, 0.9998712539672852], "mood_electronic": [0.13959957659244537, 0.864457368850708], "mood_happy": [0.3884198069572449, 0.6446539163589478], "mood_party": [0.9999867081642151, 3.447600465733558e-05], "mood_relaxed": [0.13772958517074585, 0.8575149774551392], "mood_sad": [0.03503956273198128, 0.9536814093589783]}