{"mood_acoustic": [0.8144298791885376, 0.21698321402072906], "mood_aggressive": [0.0007000633631832898, 0.9982844591140747], "mood_electronic": [0.7719650864601135, 0.28358525037765503], "mood_happy": [0.0012277655769139528, 0.997977614402771], "mood_party": [0.9999830722808838, 4.087694833287969e-05], "mood_relaxed": [0.006774779874831438, 0.9928934574127197], "mood_sad": [0.09872934222221375, 0.8990722894668579]}