{"mood_acoustic": [0.2745055556297302, 0.7338398098945618], "mood_aggressive": [0.0039849490858614445, 0.998561680316925], "mood_electronic": [0.5905131697654724, 0.390062153339386], "mood_happy": [0.6884101629257202, 0.3432731330394745], "mood_party": [0.8580734729766846, 0.1385321319103241], "mood_relaxed": [0.2387113720178604, 0.773543119430542], "mood_sad": [0.6790707111358643, 0.2676427364349365]}