{"mood_acoustic": [0.0005021721590310335, 0.9984953999519348], "mood_aggressive": [0.1585717350244522, 0.8665769100189209], "mood_electronic": [0.9449896216392517, 0.058427028357982635], "mood_happy": [0.5175557732582092, 0.40664708614349365], "mood_party": [0.25310784578323364, 0.7846403121948242], "mood_relaxed": [0.8573319911956787, 0.13245375454425812], "mood_sad": [0.956559419631958, 0.045430269092321396]}