{"mood_acoustic": [0.12386535853147507, 0.8699270486831665], "mood_aggressive": [0.11023890227079391, 0.8993163704872131], "mood_electronic": [0.2742602527141571, 0.7760463953018188], "mood_happy": [0.7009223103523254, 0.299961119890213], "mood_party": [0.8374586701393127, 0.1592099368572235], "mood_relaxed": [0.7181503772735596, 0.2744905948638916], "mood_sad": [0.6716170907020569, 0.32042768597602844]}