{"mood_acoustic": [0.6032922863960266, 0.4101915955543518], "mood_aggressive": [0.0056131635792553425, 0.9947934746742249], "mood_electronic": [0.890281081199646, 0.11276458203792572], "mood_happy": [0.011257532984018326, 0.9841998815536499], "mood_party": [0.9999983906745911, 1.270039956580149e-05], "mood_relaxed": [0.0067023844458162785, 0.9938428401947021], "mood_sad": [0.055590081959962845, 0.9452135562896729]}