{"mood_acoustic": [0.5682244300842285, 0.45892488956451416], "mood_aggressive": [0.0017069207970052958, 0.9971633553504944], "mood_electronic": [0.2145305871963501, 0.8457868695259094], "mood_happy": [0.0255401860922575, 0.9728865623474121], "mood_party": [0.9995235204696655, 0.0006906429771333933], "mood_relaxed": [0.009810841642320156, 0.9890207648277283], "mood_sad": [0.15477488934993744, 0.8439897894859314]}