{"mood_acoustic": [0.48122701048851013, 0.6074813008308411], "mood_aggressive": [0.0006185822421684861, 0.9976396560668945], "mood_electronic": [0.23825226724147797, 0.8454056978225708], "mood_happy": [0.0018342486582696438, 0.9961013793945312], "mood_party": [0.9995951056480408, 0.0006055717822164297], "mood_relaxed": [0.005072336178272963, 0.9943805932998657], "mood_sad": [0.08069115877151489, 0.9088321924209595]}