{"mood_acoustic": [0.9509193897247314, 0.028531307354569435], "mood_aggressive": [0.00020580104319378734, 0.999581515789032], "mood_electronic": [0.05369329825043678, 0.9539052248001099], "mood_happy": [0.8853181600570679, 0.13894057273864746], "mood_party": [0.9995484948158264, 0.0006311680190265179], "mood_relaxed": [0.15301764011383057, 0.8455862402915955], "mood_sad": [0.21332186460494995, 0.6984903216362]}