{"mood_acoustic": [0.8021103739738464, 0.21243450045585632], "mood_aggressive": [0.0003725175920408219, 0.9984700083732605], "mood_electronic": [0.38741591572761536, 0.6863964200019836], "mood_happy": [0.0014885617420077324, 0.9967011213302612], "mood_party": [0.9999750852584839, 5.832880924572237e-05], "mood_relaxed": [0.017503026872873306, 0.981199324131012], "mood_sad": [0.06385045498609543, 0.9364442229270935]}