{"mood_acoustic": [0.02530381642282009, 0.9667177200317383], "mood_aggressive": [0.004788389895111322, 0.9900315999984741], "mood_electronic": [0.0545688159763813, 0.9641620516777039], "mood_happy": [0.0008158304844982922, 0.9985270500183105], "mood_party": [0.9941512942314148, 0.007844732142984867], "mood_relaxed": [0.001783122424967587, 0.9979498982429504], "mood_sad": [0.16597267985343933, 0.8170524835586548]}