{"mood_acoustic": [0.039038971066474915, 0.9645845293998718], "mood_aggressive": [0.00785867776721716, 0.9941200613975525], "mood_electronic": [0.9071000218391418, 0.11501386016607285], "mood_happy": [0.8206856846809387, 0.18199169635772705], "mood_party": [0.34870821237564087, 0.6053732633590698], "mood_relaxed": [0.33444082736968994, 0.6609720587730408], "mood_sad": [0.9198040962219238, 0.07132416218519211]}