{"mood_acoustic": [0.9829536080360413, 0.013034137897193432], "mood_aggressive": [2.9792559871566482e-05, 0.9998829960823059], "mood_electronic": [0.02460155077278614, 0.9809467196464539], "mood_happy": [0.07247772067785263, 0.934257984161377], "mood_party": [0.999998927116394, 8.960811101133004e-06], "mood_relaxed": [0.028815526515245438, 0.9689621329307556], "mood_sad": [0.031051671132445335, 0.9556015133857727]}