{"mood_acoustic": [0.3555666208267212, 0.5856878161430359], "mood_aggressive": [0.0005261083133518696, 0.9994866251945496], "mood_electronic": [0.1727735847234726, 0.8677579164505005], "mood_happy": [0.24865025281906128, 0.7635272145271301], "mood_party": [0.9982053637504578, 0.0024388213641941547], "mood_relaxed": [0.5126917362213135, 0.4818377196788788], "mood_sad": [0.03230574354529381, 0.9620863795280457]}