{"mood_acoustic": [0.0014366620453074574, 0.9971623420715332], "mood_aggressive": [0.007095187436789274, 0.9874956011772156], "mood_electronic": [0.18508169054985046, 0.8651198744773865], "mood_happy": [0.07636643201112747, 0.9076282382011414], "mood_party": [0.9743240475654602, 0.030808953568339348], "mood_relaxed": [0.017157627269625664, 0.9818319082260132], "mood_sad": [0.06662330776453018, 0.9288548827171326]}