{"mood_acoustic": [0.00028748446493409574, 0.9998430609703064], "mood_aggressive": [0.4335077404975891, 0.6305631399154663], "mood_electronic": [0.9890670776367188, 0.010580765083432198], "mood_happy": [0.02514483407139778, 0.9765081405639648], "mood_party": [0.1231459304690361, 0.8606554269790649], "mood_relaxed": [0.8081728219985962, 0.19330154359340668], "mood_sad": [0.9792808294296265, 0.01987302117049694]}