{"mood_acoustic": [0.4678789973258972, 0.4740871787071228], "mood_aggressive": [0.27632418274879456, 0.71909099817276], "mood_electronic": [0.09315425157546997, 0.9160940051078796], "mood_happy": [0.3910555839538574, 0.5949485301971436], "mood_party": [0.9565521478652954, 0.040100645273923874], "mood_relaxed": [0.5785360336303711, 0.41319558024406433], "mood_sad": [0.2348637878894806, 0.7408313751220703]}