{"mood_acoustic": [0.09873905777931213, 0.9091717004776001], "mood_aggressive": [0.13628637790679932, 0.8602573871612549], "mood_electronic": [0.9587811231613159, 0.0677093043923378], "mood_happy": [0.8584680557250977, 0.1474355310201645], "mood_party": [0.4353458285331726, 0.560088038444519], "mood_relaxed": [0.5595491528511047, 0.41779613494873047], "mood_sad": [0.921990156173706, 0.08946674317121506]}