{"mood_acoustic": [0.05777783319354057, 0.9348782300949097], "mood_aggressive": [0.0015728224534541368, 0.9989421963691711], "mood_electronic": [0.8699651956558228, 0.1777689903974533], "mood_happy": [0.050436925143003464, 0.8761811256408691], "mood_party": [0.9991865754127502, 0.0011684226337820292], "mood_relaxed": [0.12836863100528717, 0.8709331750869751], "mood_sad": [0.009087464772164822, 0.9815192818641663]}