{"mood_acoustic": [0.6496366858482361, 0.3387950360774994], "mood_aggressive": [0.00340532255358994, 0.9929408431053162], "mood_electronic": [0.687160849571228, 0.3287946879863739], "mood_happy": [0.003743769135326147, 0.9936241507530212], "mood_party": [0.9999844431877136, 7.238354737637565e-05], "mood_relaxed": [0.05537038668990135, 0.9472191333770752], "mood_sad": [0.4747379422187805, 0.469230592250824]}