{"mood_acoustic": [0.054659564048051834, 0.9447442293167114], "mood_aggressive": [0.07909921556711197, 0.9178711771965027], "mood_electronic": [0.9060996770858765, 0.11811621487140656], "mood_happy": [0.2681080400943756, 0.6311345100402832], "mood_party": [0.5857610106468201, 0.3859184682369232], "mood_relaxed": [0.6967172622680664, 0.300579696893692], "mood_sad": [0.7123056650161743, 0.3258500099182129]}