{"mood_acoustic": [0.6497066020965576, 0.34668344259262085], "mood_aggressive": [0.0008187196799553931, 0.9980449080467224], "mood_electronic": [0.4888871908187866, 0.5648300647735596], "mood_happy": [0.04217575863003731, 0.9605472087860107], "mood_party": [0.9996756315231323, 0.00048077048268169165], "mood_relaxed": [0.031022999435663223, 0.9673240184783936], "mood_sad": [0.11080159991979599, 0.8811511993408203]}