{"mood_acoustic": [0.8651642799377441, 0.10980300605297089], "mood_aggressive": [0.0007965290569700301, 0.9972530603408813], "mood_electronic": [0.23654422163963318, 0.8376950025558472], "mood_happy": [0.0005553294904530048, 0.998716413974762], "mood_party": [0.9999991655349731, 1.0237242349830922e-05], "mood_relaxed": [0.012528597377240658, 0.9861599206924438], "mood_sad": [0.02023547701537609, 0.9791818261146545]}