{"mood_acoustic": [1.0753315109468531e-05, 0.9999762177467346], "mood_aggressive": [0.0873090848326683, 0.9602900147438049], "mood_electronic": [0.9991253614425659, 0.0020972900092601776], "mood_happy": [0.6884129047393799, 0.3767165541648865], "mood_party": [0.09563441574573517, 0.8919698596000671], "mood_relaxed": [0.765212893486023, 0.25687307119369507], "mood_sad": [0.9999988675117493, 8.883461305231322e-06]}