{"mood_acoustic": [0.09310956299304962, 0.9216089248657227], "mood_aggressive": [0.032983142882585526, 0.9747850894927979], "mood_electronic": [0.9740504622459412, 0.0321551114320755], "mood_happy": [0.10180536657571793, 0.8665634989738464], "mood_party": [0.45515528321266174, 0.5234569907188416], "mood_relaxed": [0.3947522044181824, 0.6165308952331543], "mood_sad": [0.733658492565155, 0.27823299169540405]}