{"mood_acoustic": [0.697303056716919, 0.3067215383052826], "mood_aggressive": [0.003387427655979991, 0.9910773634910583], "mood_electronic": [0.5136121511459351, 0.4686598479747772], "mood_happy": [0.00675184465944767, 0.9892492890357971], "mood_party": [0.9999733567237854, 8.67958297021687e-05], "mood_relaxed": [0.2960365116596222, 0.7189633250236511], "mood_sad": [0.17056871950626373, 0.814211368560791]}