{"mood_acoustic": [0.09765364229679108, 0.9030171036720276], "mood_aggressive": [0.4561721682548523, 0.5565145015716553], "mood_electronic": [0.9750939011573792, 0.025168059393763542], "mood_happy": [0.45848143100738525, 0.5246904492378235], "mood_party": [0.18403640389442444, 0.8002133965492249], "mood_relaxed": [0.8497862815856934, 0.14025083184242249], "mood_sad": [0.9486260414123535, 0.05075383931398392]}