{"mood_acoustic": [0.698181688785553, 0.29918381571769714], "mood_aggressive": [0.0005020625540055335, 0.9982312917709351], "mood_electronic": [0.34502172470092773, 0.6987922787666321], "mood_happy": [0.006810817401856184, 0.9885759353637695], "mood_party": [0.9999212026596069, 0.00017101422417908907], "mood_relaxed": [0.04080549627542496, 0.9581964612007141], "mood_sad": [0.057881634682416916, 0.9368597865104675]}