{"mood_acoustic": [0.9006450772285461, 0.0774715319275856], "mood_aggressive": [4.7100340452743694e-05, 0.9998002052307129], "mood_electronic": [0.32640284299850464, 0.7232499718666077], "mood_happy": [0.006935503333806992, 0.9903409481048584], "mood_party": [0.9999948143959045, 1.6981875887722708e-05], "mood_relaxed": [0.021754685789346695, 0.9765445590019226], "mood_sad": [0.021220076829195023, 0.9750498533248901]}