{"mood_acoustic": [0.9031609296798706, 0.09304779767990112], "mood_aggressive": [0.00013264871085993946, 0.9996775984764099], "mood_electronic": [0.22617964446544647, 0.8855506181716919], "mood_happy": [0.26983314752578735, 0.7776153683662415], "mood_party": [0.9999618530273438, 5.865143975825049e-05], "mood_relaxed": [0.007220887113362551, 0.9916569590568542], "mood_sad": [0.00039284490048885345, 0.9992006421089172]}