{"mood_acoustic": [0.7622182369232178, 0.22805866599082947], "mood_aggressive": [5.077615787740797e-05, 0.9998608231544495], "mood_electronic": [0.1519913673400879, 0.8766845464706421], "mood_happy": [0.02478666976094246, 0.962692379951477], "mood_party": [0.9998388290405273, 0.0003065514611080289], "mood_relaxed": [0.028994468972086906, 0.9694913625717163], "mood_sad": [0.05459178611636162, 0.9444833993911743]}