{"mood_acoustic": [0.23776866495609283, 0.7428997755050659], "mood_aggressive": [0.42853936553001404, 0.5669321417808533], "mood_electronic": [0.11775591224431992, 0.892030656337738], "mood_happy": [0.574094295501709, 0.42340779304504395], "mood_party": [0.7698521614074707, 0.22770965099334717], "mood_relaxed": [0.6883580684661865, 0.3112306594848633], "mood_sad": [0.6240023970603943, 0.34886208176612854]}