{"mood_acoustic": [0.9539586305618286, 0.043200913816690445], "mood_aggressive": [0.0003082264447584748, 0.9989829063415527], "mood_electronic": [0.3817640542984009, 0.6752834916114807], "mood_happy": [0.002951062750071287, 0.9960471987724304], "mood_party": [0.9999977350234985, 9.481862434768118e-06], "mood_relaxed": [0.010956771671772003, 0.9873420596122742], "mood_sad": [0.013815997168421745, 0.9778152704238892]}