{"mood_acoustic": [0.1875736564397812, 0.79144686460495], "mood_aggressive": [0.5308343768119812, 0.4629729390144348], "mood_electronic": [0.01086772233247757, 0.9870241284370422], "mood_happy": [0.7001975178718567, 0.27029579877853394], "mood_party": [0.6871383190155029, 0.2809627950191498], "mood_relaxed": [0.8063990473747253, 0.1911027580499649], "mood_sad": [0.6336283683776855, 0.35111209750175476]}