{"mood_acoustic": [0.5175638198852539, 0.49263280630111694], "mood_aggressive": [0.1285366714000702, 0.8910251259803772], "mood_electronic": [0.8825973868370056, 0.16624979674816132], "mood_happy": [0.1566499024629593, 0.8220576047897339], "mood_party": [0.9390619993209839, 0.060460999608039856], "mood_relaxed": [0.25786614418029785, 0.7580128908157349], "mood_sad": [0.4730914235115051, 0.5088847279548645]}