{"mood_acoustic": [0.7027329206466675, 0.3041132688522339], "mood_aggressive": [0.0012693072203546762, 0.996380627155304], "mood_electronic": [0.5163269639015198, 0.5214320421218872], "mood_happy": [0.010619457811117172, 0.9864065051078796], "mood_party": [0.9999753832817078, 7.991404709173366e-05], "mood_relaxed": [0.03539559245109558, 0.9631616473197937], "mood_sad": [0.1372910439968109, 0.8426916599273682]}