{"mood_acoustic": [0.9574621915817261, 0.03572755306959152], "mood_aggressive": [0.00017764163203537464, 0.9997950792312622], "mood_electronic": [0.10831258445978165, 0.9034417867660522], "mood_happy": [0.8732249140739441, 0.14567771553993225], "mood_party": [0.9990071058273315, 0.0015795192448422313], "mood_relaxed": [0.15010543167591095, 0.8508719801902771], "mood_sad": [0.40490248799324036, 0.5608553290367126]}