{"mood_acoustic": [0.9677492380142212, 0.028859848156571388], "mood_aggressive": [2.1614738216158003e-05, 0.9999699592590332], "mood_electronic": [0.30006128549575806, 0.7096609473228455], "mood_happy": [0.8911363482475281, 0.15171395242214203], "mood_party": [0.9999544024467468, 0.00014201545855030417], "mood_relaxed": [0.03292744606733322, 0.9631313681602478], "mood_sad": [0.9106560349464417, 0.08688103407621384]}