{"mood_acoustic": [0.8472983837127686, 0.16434814035892487], "mood_aggressive": [0.0001337443827651441, 0.9998617768287659], "mood_electronic": [0.7666013836860657, 0.22218722105026245], "mood_happy": [0.44815683364868164, 0.6660245060920715], "mood_party": [0.9952054619789124, 0.004113622475415468], "mood_relaxed": [0.08642661571502686, 0.9103858470916748], "mood_sad": [0.11156563460826874, 0.8496526479721069]}