{"mood_acoustic": [0.03171161189675331, 0.9691645503044128], "mood_aggressive": [0.07711508125066757, 0.949033796787262], "mood_electronic": [0.9934313297271729, 0.009978304617106915], "mood_happy": [0.7730066180229187, 0.23033039271831512], "mood_party": [0.07793828099966049, 0.9239885210990906], "mood_relaxed": [0.9210585355758667, 0.08108274638652802], "mood_sad": [0.9947642087936401, 0.008776838891208172]}