{"mood_acoustic": [0.9619266390800476, 0.0327712707221508], "mood_aggressive": [4.448886102181859e-05, 0.9998942613601685], "mood_electronic": [0.22445347905158997, 0.8444833755493164], "mood_happy": [0.15844139456748962, 0.8740735054016113], "mood_party": [0.9999969601631165, 1.4325313713925425e-05], "mood_relaxed": [0.006985033862292767, 0.9918228387832642], "mood_sad": [0.06964229047298431, 0.9304758906364441]}