{"mood_acoustic": [0.0, 1.0], "mood_aggressive": [0.08851374685764313, 0.9620825052261353], "mood_electronic": [0.7674165368080139, 0.09681203961372375], "mood_happy": [0.8504012823104858, 0.13771632313728333], "mood_party": [0.05459321662783623, 0.9362969994544983], "mood_relaxed": [0.7329155802726746, 0.24414563179016113], "mood_sad": [0.9945482015609741, 0.006434779614210129]}