{"mood_acoustic": [0.15983203053474426, 0.8398203253746033], "mood_aggressive": [0.008435350842773914, 0.9936603307723999], "mood_electronic": [0.8883602023124695, 0.14746063947677612], "mood_happy": [0.31844621896743774, 0.6937426328659058], "mood_party": [0.9754639863967896, 0.03516968712210655], "mood_relaxed": [0.22517381608486176, 0.7759243845939636], "mood_sad": [0.5698122382164001, 0.38176432251930237]}