{"mood_acoustic": [0.39890050888061523, 0.6067724823951721], "mood_aggressive": [0.033000923693180084, 0.967704176902771], "mood_electronic": [0.7018316388130188, 0.3610045611858368], "mood_happy": [0.15496192872524261, 0.8390693068504333], "mood_party": [0.9994863867759705, 0.0004355713026598096], "mood_relaxed": [0.17859534919261932, 0.8243981599807739], "mood_sad": [0.17784851789474487, 0.7941252589225769]}