{"mood_acoustic": [0.7490980625152588, 0.24186167120933533], "mood_aggressive": [0.00084344093920663, 0.9975470900535583], "mood_electronic": [0.48420336842536926, 0.5293387770652771], "mood_happy": [0.004806095268577337, 0.9943515658378601], "mood_party": [0.9999536871910095, 9.733094339026138e-05], "mood_relaxed": [0.014025665819644928, 0.9851804375648499], "mood_sad": [0.20647688210010529, 0.7980696558952332]}