{"mood_acoustic": [0.6783028244972229, 0.35403233766555786], "mood_aggressive": [0.0005609094514511526, 0.9984992146492004], "mood_electronic": [0.3788665533065796, 0.6762107014656067], "mood_happy": [0.010791306383907795, 0.9826343655586243], "mood_party": [0.9998774528503418, 0.0002345444227103144], "mood_relaxed": [0.016081828624010086, 0.9828137159347534], "mood_sad": [0.02394811064004898, 0.9741818308830261]}