{"mood_acoustic": [0.5002045631408691, 0.47036200761795044], "mood_aggressive": [0.11785335093736649, 0.881006121635437], "mood_electronic": [0.2942788898944855, 0.7304524183273315], "mood_happy": [0.49714773893356323, 0.5054503083229065], "mood_party": [0.9063459634780884, 0.0907697007060051], "mood_relaxed": [0.48492053151130676, 0.5140645503997803], "mood_sad": [0.5218945741653442, 0.45042553544044495]}