{"mood_acoustic": [0.04627204313874245, 0.9555635452270508], "mood_aggressive": [0.3222292959690094, 0.7026917934417725], "mood_electronic": [0.397706538438797, 0.6199586391448975], "mood_happy": [0.6570665836334229, 0.30514347553253174], "mood_party": [0.4983886182308197, 0.45962032675743103], "mood_relaxed": [0.5588124394416809, 0.44259724020957947], "mood_sad": [0.742746114730835, 0.23752103745937347]}