{"mood_acoustic": [0.9454058408737183, 0.05362515151500702], "mood_aggressive": [1.98445613932563e-05, 0.9999070763587952], "mood_electronic": [0.10485680401325226, 0.937714695930481], "mood_happy": [0.006356026977300644, 0.9924624562263489], "mood_party": [0.9999898076057434, 2.626833702379372e-05], "mood_relaxed": [0.006513906642794609, 0.9924504160881042], "mood_sad": [0.01006905548274517, 0.989131510257721]}