{"mood_acoustic": [0.8523983359336853, 0.26446956396102905], "mood_aggressive": [0.00030745466938242316, 0.9996591806411743], "mood_electronic": [0.9965399503707886, 0.0038236924447119236], "mood_happy": [0.051892317831516266, 0.9086252450942993], "mood_party": [0.9999954700469971, 3.2931733585428447e-05], "mood_relaxed": [0.003920265939086676, 0.9954760670661926], "mood_sad": [0.43564239144325256, 0.5614461898803711]}