{"mood_acoustic": [0.21855203807353973, 0.778778612613678], "mood_aggressive": [0.009158403612673283, 0.9884312748908997], "mood_electronic": [0.8824061155319214, 0.119162417948246], "mood_happy": [0.515885055065155, 0.5279136896133423], "mood_party": [0.830446183681488, 0.1547302007675171], "mood_relaxed": [0.2926778197288513, 0.719018816947937], "mood_sad": [0.912641704082489, 0.08693040907382965]}