{"mood_acoustic": [0.24899497628211975, 0.7361447811126709], "mood_aggressive": [0.028935756534337997, 0.9738592505455017], "mood_electronic": [0.2116563320159912, 0.822171688079834], "mood_happy": [0.7945107221603394, 0.18968671560287476], "mood_party": [0.8558937907218933, 0.1721721887588501], "mood_relaxed": [0.4557631015777588, 0.551260232925415], "mood_sad": [0.5245175957679749, 0.4333394765853882]}