{"mood_acoustic": [0.00173251423984766, 0.9975627064704895], "mood_aggressive": [0.12134949862957001, 0.8844121694564819], "mood_electronic": [0.9980002045631409, 0.0032288951333612204], "mood_happy": [0.1981588751077652, 0.8571538329124451], "mood_party": [0.19163691997528076, 0.7860161066055298], "mood_relaxed": [0.4569741189479828, 0.5736091136932373], "mood_sad": [0.9995976090431213, 0.0026715239509940147]}