{"mood_acoustic": [0.0002248497912660241, 0.9992835521697998], "mood_aggressive": [0.35315608978271484, 0.6622741222381592], "mood_electronic": [0.8860920071601868, 0.14553195238113403], "mood_happy": [0.09749878197908401, 0.8769186735153198], "mood_party": [0.9059408903121948, 0.12148748338222504], "mood_relaxed": [0.06492279469966888, 0.9418234825134277], "mood_sad": [0.8949255347251892, 0.11559324711561203]}