{"mood_acoustic": [0.8033338785171509, 0.22135233879089355], "mood_aggressive": [0.00029246657504700124, 0.9997819066047668], "mood_electronic": [0.29416051506996155, 0.6824101209640503], "mood_happy": [0.8639990091323853, 0.17299620807170868], "mood_party": [0.9635289907455444, 0.042483843863010406], "mood_relaxed": [0.31170713901519775, 0.6862508058547974], "mood_sad": [0.6663270592689514, 0.28643590211868286]}