{"mood_acoustic": [0.46472617983818054, 0.5823939442634583], "mood_aggressive": [0.07143141329288483, 0.9210914373397827], "mood_electronic": [0.5657537579536438, 0.4412158131599426], "mood_happy": [0.046978116035461426, 0.9534544348716736], "mood_party": [0.9910157322883606, 0.006882087327539921], "mood_relaxed": [0.24166461825370789, 0.7590311765670776], "mood_sad": [0.47993749380111694, 0.5133540630340576]}