{"mood_acoustic": [0.6517446041107178, 0.305878609418869], "mood_aggressive": [0.004908831790089607, 0.9970744252204895], "mood_electronic": [0.4669059216976166, 0.5339988470077515], "mood_happy": [0.5871347784996033, 0.45318886637687683], "mood_party": [0.9984119534492493, 0.0022672193590551615], "mood_relaxed": [0.1495383381843567, 0.8499482870101929], "mood_sad": [0.7641940116882324, 0.21861356496810913]}