{"mood_acoustic": [0.25648921728134155, 0.7552525997161865], "mood_aggressive": [0.17280644178390503, 0.8016157746315002], "mood_electronic": [0.9398563504219055, 0.07374618947505951], "mood_happy": [0.23410911858081818, 0.7286145687103271], "mood_party": [0.4970404803752899, 0.5052859783172607], "mood_relaxed": [0.43204230070114136, 0.5727952122688293], "mood_sad": [0.7760619521141052, 0.2203311175107956]}