{"mood_acoustic": [0.015751859173178673, 0.9796475172042847], "mood_aggressive": [0.019864162430167198, 0.9793708324432373], "mood_electronic": [0.9690842032432556, 0.03218600153923035], "mood_happy": [0.7008600234985352, 0.28456947207450867], "mood_party": [0.16335217654705048, 0.8139137029647827], "mood_relaxed": [0.7645423412322998, 0.2274460345506668], "mood_sad": [0.8649145364761353, 0.15627272427082062]}