{"mood_acoustic": [0.30453649163246155, 0.7625536322593689], "mood_aggressive": [0.000936996890231967, 0.997282862663269], "mood_electronic": [0.11318682134151459, 0.9505900740623474], "mood_happy": [0.0077647012658417225, 0.9884315729141235], "mood_party": [0.9987417459487915, 0.0020003332756459713], "mood_relaxed": [0.006515359506011009, 0.9929049611091614], "mood_sad": [0.035695575177669525, 0.9552958607673645]}