{"mood_acoustic": [0.06551498174667358, 0.9124318361282349], "mood_aggressive": [0.0012652864679694176, 0.9963468313217163], "mood_electronic": [0.2202043980360031, 0.8644061088562012], "mood_happy": [0.2408013492822647, 0.7473769187927246], "mood_party": [0.9970561861991882, 0.0042160553857684135], "mood_relaxed": [0.011516976170241833, 0.9876068234443665], "mood_sad": [0.4672377109527588, 0.5157108902931213]}