{"mood_acoustic": [0.0655142217874527, 0.9321218132972717], "mood_aggressive": [0.9479227662086487, 0.05244062840938568], "mood_electronic": [0.04341154173016548, 0.9639759063720703], "mood_happy": [0.035169631242752075, 0.9544077515602112], "mood_party": [0.7663131952285767, 0.20690613985061646], "mood_relaxed": [0.9231358766555786, 0.07487018406391144], "mood_sad": [0.9706532955169678, 0.026482651010155678]}