{"mood_acoustic": [0.8976951837539673, 0.09833371639251709], "mood_aggressive": [0.002559108193963766, 0.9967941045761108], "mood_electronic": [0.3415592610836029, 0.6958122849464417], "mood_happy": [0.004487952683120966, 0.9922149181365967], "mood_party": [0.9999825358390808, 9.155028237728402e-05], "mood_relaxed": [0.04633606597781181, 0.9520829916000366], "mood_sad": [0.251996785402298, 0.7081188559532166]}