{"mood_acoustic": [0.012575610540807247, 0.9939779043197632], "mood_aggressive": [0.12835949659347534, 0.9498705863952637], "mood_electronic": [0.9433895349502563, 0.06381770968437195], "mood_happy": [0.24950996041297913, 0.7988516092300415], "mood_party": [0.3323543667793274, 0.6610517501831055], "mood_relaxed": [0.55802983045578, 0.4458688497543335], "mood_sad": [0.90708988904953, 0.09015010297298431]}