{"mood_acoustic": [2.3475288344343426e-06, 0.9999747276306152], "mood_aggressive": [0.32217422127723694, 0.7120434045791626], "mood_electronic": [0.9985672831535339, 0.0010504638776183128], "mood_happy": [0.3919849097728729, 0.5571542978286743], "mood_party": [0.17609897255897522, 0.8113451600074768], "mood_relaxed": [0.69319748878479, 0.3018064498901367], "mood_sad": [0.9998162984848022, 0.0005747064715251327]}