{"mood_acoustic": [0.33764833211898804, 0.6689960956573486], "mood_aggressive": [0.127606600522995, 0.8350644111633301], "mood_electronic": [0.8576138019561768, 0.15965116024017334], "mood_happy": [0.4291733503341675, 0.6166601181030273], "mood_party": [0.9976449608802795, 0.0028587079141288996], "mood_relaxed": [0.09005184471607208, 0.9082397222518921], "mood_sad": [0.9107047319412231, 0.09021325409412384]}