{"mood_acoustic": [0.3112010061740875, 0.6895060539245605], "mood_aggressive": [0.05725681036710739, 0.9380438923835754], "mood_electronic": [0.5580464005470276, 0.4834302067756653], "mood_happy": [0.15222659707069397, 0.8445176482200623], "mood_party": [0.997006893157959, 0.0031382630113512278], "mood_relaxed": [0.19279906153678894, 0.8047243356704712], "mood_sad": [0.31946733593940735, 0.6741337776184082]}