{"mood_acoustic": [1.4775941359346234e-08, 0.9999960064888], "mood_aggressive": [0.9204570651054382, 0.08061302453279495], "mood_electronic": [0.9246715903282166, 0.05507601425051689], "mood_happy": [0.09374706447124481, 0.8164119124412537], "mood_party": [0.10876093059778214, 0.8971480131149292], "mood_relaxed": [0.8150010108947754, 0.16736990213394165], "mood_sad": [0.9986341595649719, 0.003822016529738903]}