{"mood_acoustic": [0.08909210562705994, 0.9150894284248352], "mood_aggressive": [0.6321743130683899, 0.3718153238296509], "mood_electronic": [0.8316662311553955, 0.17421725392341614], "mood_happy": [0.41856545209884644, 0.549485445022583], "mood_party": [0.4339735507965088, 0.5345370173454285], "mood_relaxed": [0.7123613953590393, 0.2762359380722046], "mood_sad": [0.8306201100349426, 0.15949074923992157]}