{"mood_acoustic": [0.9487632513046265, 0.05564502626657486], "mood_aggressive": [0.00042467491584829986, 0.9995745420455933], "mood_electronic": [0.08638137578964233, 0.9334871768951416], "mood_happy": [0.6208035945892334, 0.4382832944393158], "mood_party": [0.9980698823928833, 0.0028779038693755865], "mood_relaxed": [0.13733318448066711, 0.8651155233383179], "mood_sad": [0.05892971530556679, 0.9231565594673157]}