{"mood_acoustic": [0.15614157915115356, 0.845648467540741], "mood_aggressive": [0.013421151787042618, 0.9857869148254395], "mood_electronic": [0.8845406770706177, 0.1281418651342392], "mood_happy": [0.3670850396156311, 0.7125880718231201], "mood_party": [0.9982122778892517, 0.0022233796771615744], "mood_relaxed": [0.37500426173210144, 0.6351132988929749], "mood_sad": [0.8381648063659668, 0.15791992843151093]}