{"mood_acoustic": [0.6383465528488159, 0.3720538318157196], "mood_aggressive": [0.0007747532217763364, 0.9989596605300903], "mood_electronic": [0.8402904272079468, 0.17421814799308777], "mood_happy": [0.47597163915634155, 0.5517820119857788], "mood_party": [0.9967033267021179, 0.0037065797951072454], "mood_relaxed": [0.15191122889518738, 0.8451958894729614], "mood_sad": [0.661567747592926, 0.3272320628166199]}