{"mood_acoustic": [0.23591595888137817, 0.786372184753418], "mood_aggressive": [0.2077142596244812, 0.7938128113746643], "mood_electronic": [0.8910562992095947, 0.11110623925924301], "mood_happy": [0.7267128825187683, 0.25122901797294617], "mood_party": [0.24539731442928314, 0.7383071780204773], "mood_relaxed": [0.6428768634796143, 0.342830628156662], "mood_sad": [0.8381838202476501, 0.17773494124412537]}