{"mood_acoustic": [0.41734978556632996, 0.6024693250656128], "mood_aggressive": [0.01749550551176071, 0.9678486585617065], "mood_electronic": [0.800604522228241, 0.25735417008399963], "mood_happy": [0.016979778185486794, 0.9715568423271179], "mood_party": [0.9931824803352356, 0.009045309387147427], "mood_relaxed": [0.020430155098438263, 0.9785709977149963], "mood_sad": [0.49420639872550964, 0.5070184469223022]}