{"mood_acoustic": [0.15647053718566895, 0.8383551836013794], "mood_aggressive": [0.012493244372308254, 0.9895776510238647], "mood_electronic": [0.8056579828262329, 0.22380803525447845], "mood_happy": [0.6894156336784363, 0.31150901317596436], "mood_party": [0.9959267377853394, 0.007396320812404156], "mood_relaxed": [0.5916153788566589, 0.4127190113067627], "mood_sad": [0.9128110408782959, 0.0781208798289299]}