{"mood_acoustic": [0.15420176088809967, 0.8343811631202698], "mood_aggressive": [0.013102132827043533, 0.9873723983764648], "mood_electronic": [0.8926661610603333, 0.11944843828678131], "mood_happy": [0.5871337056159973, 0.4438362121582031], "mood_party": [0.937508761882782, 0.04362780973315239], "mood_relaxed": [0.4498124122619629, 0.5869324803352356], "mood_sad": [0.7808102369308472, 0.2219521403312683]}