{"mood_acoustic": [4.758354155143252e-09, 0.9999999403953552], "mood_aggressive": [0.46173080801963806, 0.5865678787231445], "mood_electronic": [0.9582861661911011, 0.06510010361671448], "mood_happy": [0.6293065547943115, 0.3803485631942749], "mood_party": [0.14854228496551514, 0.8445073366165161], "mood_relaxed": [0.8326679468154907, 0.16185730695724487], "mood_sad": [0.996919572353363, 0.005218077450990677]}