{"mood_acoustic": [0.2376771867275238, 0.7514986395835876], "mood_aggressive": [0.7008861899375916, 0.2995939552783966], "mood_electronic": [0.7659326791763306, 0.23411959409713745], "mood_happy": [0.3354852795600891, 0.592391312122345], "mood_party": [0.38328713178634644, 0.6291955709457397], "mood_relaxed": [0.7383312582969666, 0.2577667832374573], "mood_sad": [0.9569959044456482, 0.04229985550045967]}