{"mood_acoustic": [0.6224826574325562, 0.3889267146587372], "mood_aggressive": [0.02195732109248638, 0.9737794399261475], "mood_electronic": [0.5407121777534485, 0.46846845746040344], "mood_happy": [0.06456308811903, 0.9347747564315796], "mood_party": [0.9986583590507507, 0.0014517450472339988], "mood_relaxed": [0.10090941935777664, 0.9003540277481079], "mood_sad": [0.2827169895172119, 0.6777698397636414]}