{"mood_acoustic": [0.7426121234893799, 0.2547132670879364], "mood_aggressive": [0.0013440599432215095, 0.9969123601913452], "mood_electronic": [0.28390541672706604, 0.7632208466529846], "mood_happy": [0.019857490435242653, 0.9802975058555603], "mood_party": [0.9998131394386292, 0.0002636291610542685], "mood_relaxed": [0.076250359416008, 0.9234755039215088], "mood_sad": [0.13484284281730652, 0.8653952479362488]}