{"mood_acoustic": [0.027754971757531166, 0.9753926992416382], "mood_aggressive": [0.013812480494379997, 0.9894787073135376], "mood_electronic": [0.9746872782707214, 0.03338129073381424], "mood_happy": [0.3844016194343567, 0.6136624813079834], "mood_party": [0.8715873956680298, 0.1199641078710556], "mood_relaxed": [0.2888505458831787, 0.7179251313209534], "mood_sad": [0.7642443180084229, 0.23380373418331146]}