{"mood_acoustic": [0.2838347852230072, 0.6848559975624084], "mood_aggressive": [0.16606152057647705, 0.8360019326210022], "mood_electronic": [0.11884450167417526, 0.8931519389152527], "mood_happy": [0.548049807548523, 0.4565233290195465], "mood_party": [0.9612666964530945, 0.03798640891909599], "mood_relaxed": [0.4403425455093384, 0.5850314497947693], "mood_sad": [0.46452218294143677, 0.5202507972717285]}