{"mood_acoustic": [7.628252205904573e-05, 0.9995827674865723], "mood_aggressive": [0.9473500847816467, 0.05275771766901016], "mood_electronic": [0.7547492384910583, 0.23289702832698822], "mood_happy": [0.4042662978172302, 0.5381880402565002], "mood_party": [0.24325193464756012, 0.7283543348312378], "mood_relaxed": [0.8537847399711609, 0.13177333772182465], "mood_sad": [0.9579153060913086, 0.03191879764199257]}