{"mood_acoustic": [0.9925424456596375, 0.007914343848824501], "mood_aggressive": [1.926246113725938e-05, 0.9999120831489563], "mood_electronic": [0.36006972193717957, 0.6872633099555969], "mood_happy": [0.0013989806175231934, 0.9975114464759827], "mood_party": [0.9999998211860657, 2.723870011323015e-06], "mood_relaxed": [0.0035321705508977175, 0.9958148002624512], "mood_sad": [0.005582004319876432, 0.9918449521064758]}