{"mood_acoustic": [0.6521605253219604, 0.34243854880332947], "mood_aggressive": [5.8831748901866376e-05, 0.9999157190322876], "mood_electronic": [0.29259440302848816, 0.7246840000152588], "mood_happy": [0.8681986927986145, 0.12265689671039581], "mood_party": [0.952978253364563, 0.04443097859621048], "mood_relaxed": [0.4096297323703766, 0.5930173397064209], "mood_sad": [0.7433217763900757, 0.2506004571914673]}