{"mood_acoustic": [0.00038997491355985403, 0.9993560910224915], "mood_aggressive": [0.06861493736505508, 0.9600272178649902], "mood_electronic": [0.994536817073822, 0.007976916618645191], "mood_happy": [0.33527785539627075, 0.6457787752151489], "mood_party": [0.02317808009684086, 0.975203812122345], "mood_relaxed": [0.9486443400382996, 0.04093071073293686], "mood_sad": [0.9997205138206482, 0.0007548050489276648]}