{"mood_acoustic": [0.1135268583893776, 0.8897832632064819], "mood_aggressive": [0.19743959605693817, 0.8019691109657288], "mood_electronic": [0.6610480546951294, 0.34321561455726624], "mood_happy": [0.4604400396347046, 0.5423073768615723], "mood_party": [0.3268720209598541, 0.6721441149711609], "mood_relaxed": [0.6641483902931213, 0.3401458263397217], "mood_sad": [0.955553412437439, 0.04486559331417084]}