{"mood_acoustic": [0.772646963596344, 0.22459672391414642], "mood_aggressive": [0.0007200536201708019, 0.9983941316604614], "mood_electronic": [0.4035694897174835, 0.6210156679153442], "mood_happy": [0.002735962625592947, 0.9951410293579102], "mood_party": [0.9999873042106628, 3.920746166841127e-05], "mood_relaxed": [0.07680963724851608, 0.9243415594100952], "mood_sad": [0.09738386422395706, 0.9051721096038818]}