{"mood_acoustic": [0.9425932168960571, 0.05366072058677673], "mood_aggressive": [0.0014862701063975692, 0.9979318976402283], "mood_electronic": [0.4126800000667572, 0.7019932270050049], "mood_happy": [0.4341800808906555, 0.5761626362800598], "mood_party": [0.9999645948410034, 0.0001260916906176135], "mood_relaxed": [0.09274780005216599, 0.9034159779548645], "mood_sad": [0.211070254445076, 0.7718371152877808]}