{"mood_acoustic": [0.006130245514214039, 0.9936396479606628], "mood_aggressive": [0.24736995995044708, 0.7601178884506226], "mood_electronic": [0.9669089317321777, 0.04910691827535629], "mood_happy": [0.15267102420330048, 0.7985098958015442], "mood_party": [0.12178611755371094, 0.8696374297142029], "mood_relaxed": [0.8380085229873657, 0.14717015624046326], "mood_sad": [0.9976791143417358, 0.007007944863289595]}