{"mood_acoustic": [0.967943549156189, 0.02837092988193035], "mood_aggressive": [0.0015446832403540611, 0.9971018433570862], "mood_electronic": [0.030938291922211647, 0.9784754514694214], "mood_happy": [0.02429772913455963, 0.9710222482681274], "mood_party": [0.9999731183052063, 6.97496288921684e-05], "mood_relaxed": [0.014547165483236313, 0.9844411611557007], "mood_sad": [0.022481786087155342, 0.9644700288772583]}