{"mood_acoustic": [0.3157252371311188, 0.6605579853057861], "mood_aggressive": [0.0001634832879062742, 0.9997940063476562], "mood_electronic": [0.8244910836219788, 0.18662920594215393], "mood_happy": [0.5027453303337097, 0.526725172996521], "mood_party": [0.9999797344207764, 8.512844942742959e-05], "mood_relaxed": [0.24496972560882568, 0.7684175372123718], "mood_sad": [0.606766939163208, 0.41668227314949036]}