{"mood_acoustic": [5.2452087118126656e-08, 0.9999964237213135], "mood_aggressive": [0.9974342584609985, 0.003405287628993392], "mood_electronic": [0.04564647749066353, 0.9666309356689453], "mood_happy": [0.011216259561479092, 0.9725906252861023], "mood_party": [0.8025490045547485, 0.13465166091918945], "mood_relaxed": [0.9793305397033691, 0.01809864304959774], "mood_sad": [0.9866695404052734, 0.013372826389968395]}