{"mood_acoustic": [0.12584681808948517, 0.8642020225524902], "mood_aggressive": [0.03654760867357254, 0.9363359808921814], "mood_electronic": [0.7435675859451294, 0.27452728152275085], "mood_happy": [0.008824626915156841, 0.9859564900398254], "mood_party": [0.9881814122200012, 0.011992285959422588], "mood_relaxed": [0.11322499811649323, 0.903256893157959], "mood_sad": [0.7993245124816895, 0.21082471311092377]}