{"mood_acoustic": [0.7075515985488892, 0.30703791975975037], "mood_aggressive": [0.0003585285448934883, 0.9986068606376648], "mood_electronic": [0.2818926274776459, 0.7392464280128479], "mood_happy": [0.00045446137664839625, 0.9987703561782837], "mood_party": [0.9999590516090393, 7.491180440410972e-05], "mood_relaxed": [0.02216070145368576, 0.9759138226509094], "mood_sad": [0.05565986782312393, 0.9336833953857422]}