{"mood_acoustic": [0.03509288653731346, 0.9684502482414246], "mood_aggressive": [0.06824129819869995, 0.9661330580711365], "mood_electronic": [0.9379292130470276, 0.056413814425468445], "mood_happy": [0.3154588043689728, 0.7120097279548645], "mood_party": [0.22113054990768433, 0.7549730539321899], "mood_relaxed": [0.7289879322052002, 0.2722412347793579], "mood_sad": [0.9664133191108704, 0.03214116394519806]}