{"mood_acoustic": [0.003960374277085066, 0.9950785636901855], "mood_aggressive": [0.0005988729535602033, 0.9994305968284607], "mood_electronic": [0.8976631164550781, 0.12013174593448639], "mood_happy": [0.16737455129623413, 0.831570029258728], "mood_party": [0.9593026638031006, 0.032940998673439026], "mood_relaxed": [0.12401045113801956, 0.876031756401062], "mood_sad": [0.08556348830461502, 0.9079352617263794]}