{"mood_acoustic": [0.935834527015686, 0.06816181540489197], "mood_aggressive": [0.00020302273333072662, 0.9997174739837646], "mood_electronic": [0.04197161644697189, 0.963169515132904], "mood_happy": [0.916955828666687, 0.08684103190898895], "mood_party": [0.9919697642326355, 0.010898569598793983], "mood_relaxed": [0.38865184783935547, 0.6238924264907837], "mood_sad": [0.6253357529640198, 0.3018728196620941]}