{"mood_acoustic": [0.9023032784461975, 0.0746595486998558], "mood_aggressive": [7.666535384487361e-05, 0.9997646808624268], "mood_electronic": [0.2199719101190567, 0.793560802936554], "mood_happy": [0.07706752419471741, 0.9349384903907776], "mood_party": [0.9999973773956299, 1.1704775715770666e-05], "mood_relaxed": [0.02401569113135338, 0.9749621748924255], "mood_sad": [0.02385127730667591, 0.968406617641449]}