{"mood_acoustic": [0.8465307354927063, 0.16132794320583344], "mood_aggressive": [0.002115648938342929, 0.9961004853248596], "mood_electronic": [0.3322283923625946, 0.7223042249679565], "mood_happy": [0.28802064061164856, 0.7161324620246887], "mood_party": [0.999797523021698, 0.0003863294259645045], "mood_relaxed": [0.04426649585366249, 0.9518439173698425], "mood_sad": [0.15839052200317383, 0.8314516544342041]}