{"mood_acoustic": [0.06500411778688431, 0.9305701851844788], "mood_aggressive": [0.05606289207935333, 0.9324235916137695], "mood_electronic": [0.9608290791511536, 0.052584800869226456], "mood_happy": [0.4487300217151642, 0.6434119939804077], "mood_party": [0.9975235462188721, 0.0030706478282809258], "mood_relaxed": [0.14259111881256104, 0.858473002910614], "mood_sad": [0.8616607189178467, 0.13179552555084229]}