{"mood_acoustic": [0.9381386041641235, 0.059563156217336655], "mood_aggressive": [8.943110151449218e-05, 0.9995235800743103], "mood_electronic": [0.030869701877236366, 0.9829034805297852], "mood_happy": [0.0003070049569942057, 0.9992664456367493], "mood_party": [0.9999893307685852, 2.7893829610547982e-05], "mood_relaxed": [0.0033244797959923744, 0.9961858987808228], "mood_sad": [0.0009591220878064632, 0.9982198476791382]}