{"mood_acoustic": [0.019302677363157272, 0.9868744611740112], "mood_aggressive": [0.05129879713058472, 0.962283194065094], "mood_electronic": [0.9894502758979797, 0.012008252553641796], "mood_happy": [0.44630691409111023, 0.5380457639694214], "mood_party": [0.054840050637722015, 0.9324773550033569], "mood_relaxed": [0.7934712767601013, 0.1994946002960205], "mood_sad": [0.9995524287223816, 0.00299437646754086]}