{"mood_acoustic": [0.3221703767776489, 0.6662114262580872], "mood_aggressive": [0.03114433027803898, 0.9745715260505676], "mood_electronic": [0.8323443531990051, 0.16497421264648438], "mood_happy": [0.9238436818122864, 0.10951891541481018], "mood_party": [0.6552050113677979, 0.34380707144737244], "mood_relaxed": [0.48384109139442444, 0.5169705152511597], "mood_sad": [0.9914710521697998, 0.010705267079174519]}