{"mood_acoustic": [0.6379844546318054, 0.3028009831905365], "mood_aggressive": [0.0003992439596913755, 0.9997270107269287], "mood_electronic": [0.30908408761024475, 0.7294353246688843], "mood_happy": [0.9246389865875244, 0.0693705826997757], "mood_party": [0.9078212380409241, 0.1281292885541916], "mood_relaxed": [0.6402826309204102, 0.3547218441963196], "mood_sad": [0.9265886545181274, 0.05722814053297043]}