{"mood_acoustic": [1.1452639228082262e-05, 0.9999455213546753], "mood_aggressive": [0.9352754354476929, 0.07516400516033173], "mood_electronic": [0.9773347973823547, 0.02835387922823429], "mood_happy": [0.008131477050483227, 0.9849622249603271], "mood_party": [0.1976490169763565, 0.7827343344688416], "mood_relaxed": [0.9244751930236816, 0.06814400106668472], "mood_sad": [0.9797834157943726, 0.021199051290750504]}