{"mood_acoustic": [0.5801769495010376, 0.40265092253685], "mood_aggressive": [9.746196155901998e-05, 0.9993886947631836], "mood_electronic": [0.0315016508102417, 0.9867568016052246], "mood_happy": [0.00024225993547588587, 0.9991628527641296], "mood_party": [0.9999160766601562, 0.00017064122948795557], "mood_relaxed": [0.006585323717445135, 0.9927583932876587], "mood_sad": [0.0008862860267981887, 0.9988054633140564]}