{"mood_acoustic": [0.8004311323165894, 0.17047785222530365], "mood_aggressive": [0.0001384923089062795, 0.9997888803482056], "mood_electronic": [0.6321274042129517, 0.5002672672271729], "mood_happy": [0.19646058976650238, 0.81022709608078], "mood_party": [0.9999946355819702, 3.795932570938021e-05], "mood_relaxed": [0.08210832625627518, 0.912749707698822], "mood_sad": [0.025377294048666954, 0.9750775694847107]}