{"danceability": [0.6122289896011353, 0.3915550708770752], "gender": [0.34302395582199097, 0.6409446597099304], "tonal_atonal": [0.5422742366790771, 0.4560171365737915], "voice_instrumental": [0.13642391562461853, 0.8599748611450195]}