{"danceability": [0.28736957907676697, 0.7068261504173279], "gender": [0.5261473059654236, 0.45923522114753723], "tonal_atonal": [0.6457650661468506, 0.35509881377220154], "voice_instrumental": [0.7268232703208923, 0.27004292607307434]}