{"danceability": [0.03861866891384125, 0.9616202116012573], "gender": [0.3513113558292389, 0.6316747069358826], "tonal_atonal": [0.06795410066843033, 0.9376819729804993], "voice_instrumental": [0.38591063022613525, 0.6168552041053772]}