{"tonal_atonal": [0.6682350039482117, 0.31598156690597534], "danceability": [0.5007318258285522, 0.4888126254081726], "voice_instrumental": [0.8223145008087158, 0.17602971196174622], "gender": [0.7672992944717407, 0.23453018069267273]}