{"tonal_atonal": [0.3736134469509125, 0.6305679082870483], "danceability": [0.6664918661117554, 0.3388480544090271], "voice_instrumental": [0.5848495960235596, 0.4192284345626831], "gender": [0.24827368557453156, 0.7509950399398804]}