{"tonal_atonal": [0.4909495711326599, 0.5141900777816772], "danceability": [0.3411903977394104, 0.6627807021141052], "voice_instrumental": [0.35813483595848083, 0.6484454274177551], "gender": [0.2930702865123749, 0.6885255575180054]}