{"danceability": [0.13039830327033997, 0.8645173907279968], "gender": [0.5195897221565247, 0.4667235016822815], "tonal_atonal": [0.5518223643302917, 0.4520896375179291], "voice_instrumental": [0.6738658547401428, 0.3180123269557953]}