{"tonal_atonal": [0.25786569714546204, 0.7343723773956299], "danceability": [0.04879268631339073, 0.9418448805809021], "voice_instrumental": [0.8447086215019226, 0.14790241420269012], "gender": [0.771355152130127, 0.22838038206100464]}