{"danceability": [0.9793406128883362, 0.02064605802297592], "gender": [0.4652654528617859, 0.49114182591438293], "tonal_atonal": [0.9779810905456543, 0.023090144619345665], "voice_instrumental": [0.625083327293396, 0.35912978649139404]}