{"tonal_atonal": [0.22057485580444336, 0.7873772382736206], "danceability": [0.09086306393146515, 0.9079688787460327], "voice_instrumental": [0.33024051785469055, 0.6718485355377197], "gender": [0.15609575808048248, 0.825920581817627]}