{"tonal_atonal": [0.933923602104187, 0.06619688868522644], "danceability": [0.8917121887207031, 0.10366515815258026], "voice_instrumental": [0.08546409010887146, 0.9144797921180725], "gender": [0.22980555891990662, 0.763566792011261]}