{"tonal_atonal": [0.7934392690658569, 0.18791614472866058], "danceability": [0.5246771574020386, 0.47967320680618286], "voice_instrumental": [0.9429587125778198, 0.05496209114789963], "gender": [0.601068913936615, 0.35916560888290405]}