{"tonal_atonal": [0.9924123883247375, 0.006816321052610874], "danceability": [0.9687740802764893, 0.03181200847029686], "voice_instrumental": [0.30763354897499084, 0.6836134195327759], "gender": [0.32734113931655884, 0.6601082682609558]}