{"danceability": [0.920790433883667, 0.07955209910869598], "gender": [0.6692696809768677, 0.29784706234931946], "tonal_atonal": [0.9849127531051636, 0.015350140631198883], "voice_instrumental": [0.7422029376029968, 0.24413341283798218]}