{"danceability": [0.04962368682026863, 0.9399281144142151], "gender": [0.6556729078292847, 0.330356240272522], "tonal_atonal": [0.27520501613616943, 0.7287057042121887], "voice_instrumental": [0.7576109766960144, 0.24413952231407166]}