{"tonal_atonal": [0.7638152837753296, 0.23825135827064514], "danceability": [0.33041805028915405, 0.6690140962600708], "voice_instrumental": [0.8418920040130615, 0.1533554196357727], "gender": [0.6424633860588074, 0.35269927978515625]}