{"tonal_atonal": [0.21591921150684357, 0.7854336500167847], "danceability": [0.5534815788269043, 0.44417449831962585], "voice_instrumental": [0.40630099177360535, 0.5940744280815125], "gender": [0.28846991062164307, 0.7035573720932007]}