{"tonal_atonal": [0.712682843208313, 0.2888920307159424], "danceability": [0.35980960726737976, 0.6423234343528748], "voice_instrumental": [0.6078309416770935, 0.39319416880607605], "gender": [0.652645468711853, 0.35276296734809875]}