{"danceability": [0.9906790852546692, 0.007894844748079777], "gender": [0.36618730425834656, 0.5500686764717102], "tonal_atonal": [0.9780806303024292, 0.022022774443030357], "voice_instrumental": [0.5280259847640991, 0.46415698528289795]}