{"tonal_atonal": [0.8179301023483276, 0.1583576798439026], "danceability": [0.6522660851478577, 0.3420411944389343], "voice_instrumental": [0.9223242402076721, 0.07421219348907471], "gender": [0.8610439896583557, 0.1306024044752121]}