{"danceability": [0.9938892126083374, 0.006254912819713354], "gender": [0.5771195888519287, 0.40318727493286133], "tonal_atonal": [0.923636257648468, 0.07912521064281464], "voice_instrumental": [0.5145134329795837, 0.4727403223514557]}