{"tonal_atonal": [0.1567673236131668, 0.8457425236701965], "danceability": [0.5719174146652222, 0.4297179579734802], "voice_instrumental": [0.7256212830543518, 0.26640525460243225], "gender": [0.48565182089805603, 0.5210458040237427]}