{"danceability": [0.8905108571052551, 0.10667712986469269], "gender": [0.616344690322876, 0.38630107045173645], "tonal_atonal": [0.7754872441291809, 0.21871453523635864], "voice_instrumental": [0.7356887459754944, 0.2576894462108612]}