{"danceability": [0.5706135034561157, 0.44436004757881165], "gender": [0.40899279713630676, 0.5654503107070923], "tonal_atonal": [0.9060186743736267, 0.08939030021429062], "voice_instrumental": [0.6348657608032227, 0.35419440269470215]}