{"tonal_atonal": [0.8013262748718262, 0.21233759820461273], "danceability": [0.7518253326416016, 0.24061653017997742], "voice_instrumental": [0.7716032266616821, 0.2242104709148407], "gender": [0.7659040689468384, 0.22747692465782166]}