{"danceability": [0.3357739746570587, 0.6647337079048157], "gender": [0.2174445241689682, 0.7664328217506409], "tonal_atonal": [0.6815722584724426, 0.3199300169944763], "voice_instrumental": [0.028576545417308807, 0.9700055718421936]}