{"tonal_atonal": [0.31435734033584595, 0.6930643916130066], "danceability": [0.7403140664100647, 0.26193222403526306], "voice_instrumental": [0.8023080825805664, 0.18778164684772491], "gender": [0.6183560490608215, 0.3826301097869873]}