{"danceability": [0.8678702712059021, 0.12555168569087982], "gender": [0.5367560982704163, 0.4583166241645813], "tonal_atonal": [0.5364806652069092, 0.4735175371170044], "voice_instrumental": [0.7347688674926758, 0.2553807497024536]}