{"danceability": [0.6316283941268921, 0.3647371232509613], "gender": [0.17925472557544708, 0.804901123046875], "tonal_atonal": [0.945213258266449, 0.04946991428732872], "voice_instrumental": [0.15436401963233948, 0.8436034321784973]}