{"danceability": [0.8630682826042175, 0.13450521230697632], "gender": [0.6111782789230347, 0.37440353631973267], "tonal_atonal": [0.8727636933326721, 0.12823235988616943], "voice_instrumental": [0.5534038543701172, 0.42941880226135254]}