{"danceability": [0.7853043079376221, 0.2109220027923584], "gender": [0.7444366812705994, 0.24682794511318207], "tonal_atonal": [0.476340115070343, 0.5339015126228333], "voice_instrumental": [0.7936432361602783, 0.20568937063217163]}