{"tonal_atonal": [0.545509934425354, 0.4627101719379425], "danceability": [0.8663086891174316, 0.1356097310781479], "voice_instrumental": [0.21108783781528473, 0.7862356901168823], "gender": [0.5289409160614014, 0.46177664399147034]}