{"tonal_atonal": [0.9415584206581116, 0.06424186378717422], "danceability": [0.267137348651886, 0.7234655618667603], "voice_instrumental": [0.7551321387290955, 0.24377891421318054], "gender": [0.5822284817695618, 0.4545007348060608]}