{"danceability": [0.08388344198465347, 0.9089890122413635], "gender": [0.7412118911743164, 0.20047667622566223], "tonal_atonal": [0.06124149635434151, 0.9366179704666138], "voice_instrumental": [0.9282113313674927, 0.08142372965812683]}