{"danceability": [0.9864519238471985, 0.013235846534371376], "gender": [0.4339528977870941, 0.49603956937789917], "tonal_atonal": [0.9272171854972839, 0.0773155689239502], "voice_instrumental": [0.6395999193191528, 0.33063727617263794]}