{"danceability": [0.9451698064804077, 0.05292743071913719], "gender": [0.6337319016456604, 0.34250104427337646], "tonal_atonal": [0.8202316164970398, 0.19457480311393738], "voice_instrumental": [0.7023288607597351, 0.29498037695884705]}