{"danceability": [0.22756358981132507, 0.7505476474761963], "gender": [0.2906166911125183, 0.6725345849990845], "tonal_atonal": [0.5016060471534729, 0.5151215195655823], "voice_instrumental": [0.14240875840187073, 0.8599089980125427]}