{"tonal_atonal": [0.6053520441055298, 0.3929075300693512], "danceability": [0.7931728959083557, 0.20708945393562317], "voice_instrumental": [0.7482948899269104, 0.2394009679555893], "gender": [0.7062038779258728, 0.28980234265327454]}