{"tonal_atonal": [0.5374182462692261, 0.4659585654735565], "danceability": [0.4794124960899353, 0.5185559391975403], "voice_instrumental": [0.24554932117462158, 0.7508121132850647], "gender": [0.2764636278152466, 0.7031998634338379]}