{"tonal_atonal": [0.8500778675079346, 0.14747834205627441], "danceability": [0.7735772728919983, 0.22077713906764984], "voice_instrumental": [0.8959916830062866, 0.10126851499080658], "gender": [0.6207078695297241, 0.35235315561294556]}