{"tonal_atonal": [0.7458245754241943, 0.2538723051548004], "danceability": [0.5272024869918823, 0.4866306781768799], "voice_instrumental": [0.6451700329780579, 0.3603712022304535], "gender": [0.5755256414413452, 0.4376729726791382]}