{"danceability": [0.05637761205434799, 0.9410926103591919], "gender": [0.7457830905914307, 0.21403928101062775], "tonal_atonal": [0.10006169974803925, 0.9004561901092529], "voice_instrumental": [0.9429397583007812, 0.061413589864969254]}