{"danceability": [0.49089208245277405, 0.5089106559753418], "gender": [0.44445040822029114, 0.5580326318740845], "tonal_atonal": [0.6704791784286499, 0.32917019724845886], "voice_instrumental": [0.7774751782417297, 0.22433792054653168]}