{"danceability": [0.28394290804862976, 0.7197462320327759], "gender": [0.4038858711719513, 0.5874918699264526], "tonal_atonal": [0.2047465294599533, 0.8097529411315918], "voice_instrumental": [0.20375852286815643, 0.7949337363243103]}