{"danceability": [0.09785624593496323, 0.8871623873710632], "gender": [0.7848067879676819, 0.21313421428203583], "tonal_atonal": [0.47534435987472534, 0.5153122544288635], "voice_instrumental": [0.8410561680793762, 0.15549176931381226]}