{"tonal_atonal": [0.5734418034553528, 0.42708149552345276], "danceability": [0.24071918427944183, 0.7464732527732849], "voice_instrumental": [0.7915772795677185, 0.20219337940216064], "gender": [0.6480294466018677, 0.3597763478755951]}