{"tonal_atonal": [0.7185981869697571, 0.27880069613456726], "danceability": [0.2537836730480194, 0.7436385750770569], "voice_instrumental": [0.5519546866416931, 0.44971245527267456], "gender": [0.6006606221199036, 0.38724473118782043]}