{"danceability": [0.38935771584510803, 0.6064773797988892], "gender": [0.7791434526443481, 0.2165234535932541], "tonal_atonal": [0.5651611089706421, 0.4255080819129944], "voice_instrumental": [0.8154800534248352, 0.18249860405921936]}