{"tonal_atonal": [0.8366949558258057, 0.15298867225646973], "danceability": [0.21832583844661713, 0.7864083647727966], "voice_instrumental": [0.7120867967605591, 0.27820447087287903], "gender": [0.705196738243103, 0.28923705220222473]}