{"tonal_atonal": [0.9403064846992493, 0.05681582912802696], "danceability": [0.932761013507843, 0.06707277148962021], "voice_instrumental": [0.3311024606227875, 0.6639314889907837], "gender": [0.3901302218437195, 0.591938316822052]}