{"danceability": [0.9683519005775452, 0.03311656787991524], "gender": [0.40044689178466797, 0.5750199556350708], "tonal_atonal": [0.9807822108268738, 0.019427785649895668], "voice_instrumental": [0.3209375739097595, 0.677640438079834]}