{"danceability": [0.38633403182029724, 0.6175993084907532], "gender": [0.6443592309951782, 0.3635048270225525], "tonal_atonal": [0.8851400017738342, 0.11752261221408844], "voice_instrumental": [0.7110055685043335, 0.27815207839012146]}