{"tonal_atonal": [0.7547729015350342, 0.24766568839550018], "danceability": [0.773790180683136, 0.23252862691879272], "voice_instrumental": [0.7818655967712402, 0.215558722615242], "gender": [0.5617578029632568, 0.42987680435180664]}