{"tonal_atonal": [0.9730489253997803, 0.029010312631726265], "danceability": [0.7457837462425232, 0.261309951543808], "voice_instrumental": [0.11970517039299011, 0.8816996216773987], "gender": [0.38753363490104675, 0.603179931640625]}