{"danceability": [0.4709629714488983, 0.5261295437812805], "gender": [0.25332051515579224, 0.7519923448562622], "tonal_atonal": [0.9866418242454529, 0.014097057282924652], "voice_instrumental": [0.28895625472068787, 0.7179863452911377]}