{"danceability": [0.24117815494537354, 0.7726824283599854], "gender": [0.48456233739852905, 0.5159842371940613], "tonal_atonal": [0.11321813613176346, 0.8937831521034241], "voice_instrumental": [0.5864183306694031, 0.39856091141700745]}