{"tonal_atonal": [0.5562165379524231, 0.44612520933151245], "danceability": [0.20322515070438385, 0.7951738238334656], "voice_instrumental": [0.21674442291259766, 0.7886573076248169], "gender": [0.29109105467796326, 0.6842120289802551]}