{"danceability": [0.8794373869895935, 0.11743848770856857], "gender": [0.3465009331703186, 0.627312958240509], "tonal_atonal": [0.8780300617218018, 0.12307611852884293], "voice_instrumental": [0.7389973998069763, 0.2666636109352112]}