{"tonal_atonal": [0.13302983343601227, 0.8662956357002258], "danceability": [0.03104272484779358, 0.9658406972885132], "voice_instrumental": [0.7925596237182617, 0.21155855059623718], "gender": [0.531195878982544, 0.458257257938385]}