{"danceability": [0.5728103518486023, 0.4388262629508972], "gender": [0.5819182395935059, 0.4273392856121063], "tonal_atonal": [0.7247847318649292, 0.29158928990364075], "voice_instrumental": [0.11762934923171997, 0.8814510107040405]}