{"tonal_atonal": [0.32403919100761414, 0.685186505317688], "danceability": [0.10265925526618958, 0.8989282250404358], "voice_instrumental": [0.8969305157661438, 0.10811731964349747], "gender": [0.7540735602378845, 0.21494776010513306]}