{"danceability": [0.1861819326877594, 0.7955334186553955], "gender": [0.7540209889411926, 0.2436583787202835], "tonal_atonal": [0.6750854849815369, 0.3225370943546295], "voice_instrumental": [0.8625319600105286, 0.13524198532104492]}