{"danceability": [0.6403312683105469, 0.3768704831600189], "gender": [0.4170648455619812, 0.6118713617324829], "tonal_atonal": [0.9818285703659058, 0.017172545194625854], "voice_instrumental": [0.04744858294725418, 0.9521594643592834]}