{"tonal_atonal": [0.5100433826446533, 0.48653125762939453], "danceability": [0.4649851620197296, 0.5344945788383484], "voice_instrumental": [0.30597588419914246, 0.6923246383666992], "gender": [0.21231761574745178, 0.7617451548576355]}