{"danceability": [0.28201407194137573, 0.712291955947876], "gender": [0.6824183464050293, 0.3190477192401886], "tonal_atonal": [0.9614615440368652, 0.038506701588630676], "voice_instrumental": [0.8189615607261658, 0.1735696792602539]}