{"tonal_atonal": [0.9475454688072205, 0.05197995528578758], "danceability": [0.48439309000968933, 0.5235844850540161], "voice_instrumental": [0.29881954193115234, 0.7167765498161316], "gender": [0.24522411823272705, 0.7446858882904053]}