{"danceability": [0.2780890166759491, 0.7163496613502502], "gender": [0.2219831943511963, 0.7577844262123108], "tonal_atonal": [0.914320707321167, 0.0848221555352211], "voice_instrumental": [0.1923513561487198, 0.8169788718223572]}