{"tonal_atonal": [0.5942191481590271, 0.40700167417526245], "danceability": [0.5654425621032715, 0.4325765371322632], "voice_instrumental": [0.8273349404335022, 0.16579823195934296], "gender": [0.6683533787727356, 0.328849196434021]}