{"tonal_atonal": [0.6977238059043884, 0.30823662877082825], "danceability": [0.8195831775665283, 0.18570004403591156], "voice_instrumental": [0.4308217167854309, 0.5640105605125427], "gender": [0.5200537443161011, 0.47677943110466003]}