{"danceability": [0.9265441298484802, 0.07204402983188629], "gender": [0.6276569366455078, 0.33495593070983887], "tonal_atonal": [0.8672979474067688, 0.13723134994506836], "voice_instrumental": [0.8967664837837219, 0.10128998756408691]}