{"tonal_atonal": [0.7458867430686951, 0.2618959844112396], "danceability": [0.638216495513916, 0.36026835441589355], "voice_instrumental": [0.4179333448410034, 0.580284595489502], "gender": [0.605472207069397, 0.3866370916366577]}