{"danceability": [0.46036726236343384, 0.5445651412010193], "gender": [0.7426000237464905, 0.24270576238632202], "tonal_atonal": [0.8310447335243225, 0.16782674193382263], "voice_instrumental": [0.8138927221298218, 0.18523144721984863]}