{"danceability": [0.9511052370071411, 0.04648340865969658], "gender": [0.6182405948638916, 0.37435734272003174], "tonal_atonal": [0.603329598903656, 0.4007323384284973], "voice_instrumental": [0.7402383089065552, 0.25209975242614746]}