{"danceability": [0.6900344491004944, 0.3169996738433838], "gender": [0.4539741277694702, 0.565531313419342], "tonal_atonal": [0.9934601187705994, 0.006093475501984358], "voice_instrumental": [0.7448318004608154, 0.25161212682724]}