{"tonal_atonal": [0.6363354325294495, 0.35030385851860046], "danceability": [0.25547587871551514, 0.736352801322937], "voice_instrumental": [0.8805285692214966, 0.11832848936319351], "gender": [0.7518891096115112, 0.23727576434612274]}