{"danceability": [0.720665454864502, 0.2843455672264099], "gender": [0.22755293548107147, 0.7678053379058838], "tonal_atonal": [0.8145986199378967, 0.18880924582481384], "voice_instrumental": [0.14011406898498535, 0.8631987571716309]}