{"tonal_atonal": [0.6134631037712097, 0.3843669891357422], "danceability": [0.80674809217453, 0.19900323450565338], "voice_instrumental": [0.2619014382362366, 0.7319772243499756], "gender": [0.37379905581474304, 0.6137868165969849]}