{"danceability": [0.19054624438285828, 0.8005002737045288], "gender": [0.13522186875343323, 0.8483339548110962], "tonal_atonal": [0.22545288503170013, 0.7611562609672546], "voice_instrumental": [0.7743002772331238, 0.2225126028060913]}