{"tonal_atonal": [0.9130779504776001, 0.09693233668804169], "danceability": [0.95852130651474, 0.04075821116566658], "voice_instrumental": [0.5880248546600342, 0.40992704033851624], "gender": [0.4979604184627533, 0.4832555055618286]}