{"danceability": [0.3401813507080078, 0.678818941116333], "gender": [0.5764060020446777, 0.4401087164878845], "tonal_atonal": [0.9977842569351196, 0.0019110165303573012], "voice_instrumental": [0.8522076606750488, 0.15710420906543732]}