{"danceability": [0.0872386246919632, 0.9201005697250366], "gender": [0.43019890785217285, 0.6142515540122986], "tonal_atonal": [0.24152611196041107, 0.752569854259491], "voice_instrumental": [0.7553025484085083, 0.2380746304988861]}