{"danceability": [0.8411295413970947, 0.1602955460548401], "gender": [0.4401346743106842, 0.5566202998161316], "tonal_atonal": [0.9032520055770874, 0.09691431373357773], "voice_instrumental": [0.39100679755210876, 0.6050294041633606]}