{"tonal_atonal": [0.8345731496810913, 0.16389325261116028], "danceability": [0.5051642060279846, 0.48790422081947327], "voice_instrumental": [0.6212953329086304, 0.3721252679824829], "gender": [0.5727072358131409, 0.421099990606308]}