{"tonal_atonal": [0.37651968002319336, 0.6251758933067322], "danceability": [0.17992614209651947, 0.8215180039405823], "voice_instrumental": [0.36108389496803284, 0.6413247585296631], "gender": [0.44950300455093384, 0.5407586097717285]}