{"tonal_atonal": [0.9155117869377136, 0.08303575962781906], "danceability": [0.9288806319236755, 0.06893856823444366], "voice_instrumental": [0.5254282355308533, 0.46591654419898987], "gender": [0.4682108163833618, 0.5004492402076721]}