{"danceability": [0.09828010946512222, 0.9025440216064453], "gender": [0.3516879379749298, 0.6349104046821594], "tonal_atonal": [0.14279861748218536, 0.867757260799408], "voice_instrumental": [0.47747522592544556, 0.5176836252212524]}