{"danceability": [0.08496127277612686, 0.9153088331222534], "gender": [0.4437669813632965, 0.5511668920516968], "tonal_atonal": [0.5219539999961853, 0.48115336894989014], "voice_instrumental": [0.4016832709312439, 0.6022079586982727]}