{"tonal_atonal": [0.8292452692985535, 0.17112663388252258], "danceability": [0.5010626912117004, 0.497096985578537], "voice_instrumental": [0.35077282786369324, 0.6424300074577332], "gender": [0.3383336365222931, 0.6545402407646179]}