{"danceability": [0.48561468720436096, 0.5258377194404602], "gender": [0.49601736664772034, 0.490375816822052], "tonal_atonal": [0.5930845141410828, 0.41854777932167053], "voice_instrumental": [0.5452440977096558, 0.4488755464553833]}