{"danceability": [0.08974884450435638, 0.9098917841911316], "gender": [0.5759472250938416, 0.4386891722679138], "tonal_atonal": [0.04642029106616974, 0.9496639370918274], "voice_instrumental": [0.8732823729515076, 0.12400677800178528]}