{"tonal_atonal": [0.3275223970413208, 0.6775643229484558], "danceability": [0.489611953496933, 0.5135402083396912], "voice_instrumental": [0.4491024315357208, 0.5570709109306335], "gender": [0.4139803647994995, 0.5752065777778625]}