{"danceability": [0.8127620816230774, 0.19318787753582], "gender": [0.6050451993942261, 0.38946935534477234], "tonal_atonal": [0.7153308391571045, 0.2806859016418457], "voice_instrumental": [0.70479816198349, 0.27472543716430664]}