{"tonal_atonal": [0.6391677260398865, 0.34003472328186035], "danceability": [0.8178609609603882, 0.1828799694776535], "voice_instrumental": [0.8710928559303284, 0.12379106879234314], "gender": [0.7674882411956787, 0.23366785049438477]}