{"danceability": [0.9607281684875488, 0.03890889883041382], "gender": [0.19779470562934875, 0.796509325504303], "tonal_atonal": [0.9527382254600525, 0.044665075838565826], "voice_instrumental": [0.0067123956978321075, 0.9931407570838928]}