{"danceability": [0.48558634519577026, 0.5122832655906677], "gender": [0.2266831398010254, 0.7585207223892212], "tonal_atonal": [0.9898461699485779, 0.010412280447781086], "voice_instrumental": [0.2971387207508087, 0.7014983892440796]}