{"danceability": [0.9704815149307251, 0.028080616146326065], "gender": [0.3826497793197632, 0.5873803496360779], "tonal_atonal": [0.8414067029953003, 0.15367142856121063], "voice_instrumental": [0.4456474483013153, 0.5378918051719666]}