{"danceability": [0.33822378516197205, 0.6691955924034119], "gender": [0.38647279143333435, 0.6308965086936951], "tonal_atonal": [0.31933215260505676, 0.6908908486366272], "voice_instrumental": [0.5433946251869202, 0.445635586977005]}