{"danceability": [0.9936596155166626, 0.00612303614616394], "gender": [0.5663430690765381, 0.42373499274253845], "tonal_atonal": [0.9357370734214783, 0.0755302906036377], "voice_instrumental": [0.39602503180503845, 0.5881182551383972]}