{"danceability": [0.6292532086372375, 0.36318790912628174], "gender": [0.4493139386177063, 0.5116645693778992], "tonal_atonal": [0.9238539338111877, 0.06982657313346863], "voice_instrumental": [0.9824649095535278, 0.015776505693793297]}