{"danceability": [0.23048728704452515, 0.7725233435630798], "gender": [0.6875849366188049, 0.32219746708869934], "tonal_atonal": [0.3150508999824524, 0.6837018132209778], "voice_instrumental": [0.8147674202919006, 0.18947751820087433]}