{"danceability": [0.9779174327850342, 0.020318351686000824], "gender": [0.3702547252178192, 0.6146659255027771], "tonal_atonal": [0.9570469260215759, 0.04675563797354698], "voice_instrumental": [0.3428865671157837, 0.6714595556259155]}