{"danceability": [0.05813547596335411, 0.9281728267669678], "gender": [0.8428182005882263, 0.15008777379989624], "tonal_atonal": [0.3177548944950104, 0.6686431169509888], "voice_instrumental": [0.8055839538574219, 0.1842210292816162]}