{"tonal_atonal": [0.2815069556236267, 0.7177518606185913], "danceability": [0.12001564353704453, 0.8784569501876831], "voice_instrumental": [0.863252580165863, 0.13929490745067596], "gender": [0.7782089114189148, 0.22294050455093384]}