{"danceability": [0.9320358633995056, 0.06946373730897903], "gender": [0.7373353838920593, 0.2750389575958252], "tonal_atonal": [0.8442959189414978, 0.17597192525863647], "voice_instrumental": [0.16354936361312866, 0.8393385410308838]}