{"danceability": [0.983382523059845, 0.016571104526519775], "gender": [0.38971996307373047, 0.6169701814651489], "tonal_atonal": [0.9745972156524658, 0.025381524115800858], "voice_instrumental": [0.07769227772951126, 0.920849621295929]}