{"tonal_atonal": [0.9920355677604675, 0.008085602894425392], "danceability": [0.4375717043876648, 0.5676662921905518], "voice_instrumental": [0.9242178201675415, 0.07552482932806015], "gender": [0.38579797744750977, 0.6774953007698059]}