{"danceability": [0.14749832451343536, 0.8455892205238342], "gender": [0.8471801280975342, 0.1520395576953888], "tonal_atonal": [0.6265190243721008, 0.3678274154663086], "voice_instrumental": [0.8178851008415222, 0.1742432713508606]}