{"tonal_atonal": [0.2564006745815277, 0.7584818601608276], "danceability": [0.09378794580698013, 0.9034910798072815], "voice_instrumental": [0.13309812545776367, 0.8695068359375], "gender": [0.4686000943183899, 0.5185772776603699]}