{"tonal_atonal": [0.9857310056686401, 0.0148320272564888], "danceability": [0.45461398363113403, 0.5393098592758179], "voice_instrumental": [0.35461243987083435, 0.6396204233169556], "gender": [0.2563987374305725, 0.7123581767082214]}