{"tonal_atonal": [0.22340521216392517, 0.7824029326438904], "danceability": [0.04439925774931908, 0.9550163149833679], "voice_instrumental": [0.18734663724899292, 0.8111147880554199], "gender": [0.23524382710456848, 0.754145622253418]}