{"danceability": [0.587829053401947, 0.4193337559700012], "gender": [0.39798083901405334, 0.5827600359916687], "tonal_atonal": [0.919227123260498, 0.08219213783740997], "voice_instrumental": [0.5610443353652954, 0.43633002042770386]}