{"danceability": [0.2649376690387726, 0.7447986602783203], "gender": [0.37872302532196045, 0.6172658205032349], "tonal_atonal": [0.06095468997955322, 0.9436253309249878], "voice_instrumental": [0.3624425232410431, 0.6411148905754089]}