{"danceability": [0.7635908126831055, 0.24071621894836426], "gender": [0.5584537386894226, 0.442745566368103], "tonal_atonal": [0.6016833782196045, 0.3869337737560272], "voice_instrumental": [0.7161792516708374, 0.27154403924942017]}