{"danceability": [0.09180602431297302, 0.9039224982261658], "gender": [0.6162562966346741, 0.3750443458557129], "tonal_atonal": [0.40069085359573364, 0.6102352142333984], "voice_instrumental": [0.8592336177825928, 0.1414860188961029]}