{"danceability": [0.37830886244773865, 0.616254985332489], "gender": [0.8498179912567139, 0.1436326652765274], "tonal_atonal": [0.8587198853492737, 0.12939515709877014], "voice_instrumental": [0.8973503708839417, 0.09899330884218216]}