{"danceability": [0.9179099202156067, 0.08231215924024582], "gender": [0.5419626235961914, 0.46496719121932983], "tonal_atonal": [0.7791270017623901, 0.22395358979701996], "voice_instrumental": [0.48785632848739624, 0.5061602592468262]}