{"tonal_atonal": [0.8551110625267029, 0.14528682827949524], "danceability": [0.4293861985206604, 0.5666353702545166], "voice_instrumental": [0.74000084400177, 0.25738951563835144], "gender": [0.5259310603141785, 0.44434571266174316]}