{"tonal_atonal": [0.9245027303695679, 0.07788785547018051], "danceability": [0.4689135253429413, 0.5316122174263], "voice_instrumental": [0.5457833409309387, 0.462163507938385], "gender": [0.4677700400352478, 0.5584256649017334]}