{"tonal_atonal": [0.3704797625541687, 0.6478563547134399], "danceability": [0.21085038781166077, 0.7835231423377991], "voice_instrumental": [0.15747015178203583, 0.8410830497741699], "gender": [0.3897402584552765, 0.5794509649276733]}