{"tonal_atonal": [0.9641522765159607, 0.036563023924827576], "danceability": [0.8668847680091858, 0.13495519757270813], "voice_instrumental": [0.7842608690261841, 0.2044265866279602], "gender": [0.7166716456413269, 0.25828075408935547]}