{"danceability": [0.3192758858203888, 0.6794697046279907], "gender": [0.34590524435043335, 0.6190729737281799], "tonal_atonal": [0.7595910429954529, 0.24704481661319733], "voice_instrumental": [0.15630292892456055, 0.8457059860229492]}