{"tonal_atonal": [0.3349483907222748, 0.6585217714309692], "danceability": [0.10334999114274979, 0.8888072967529297], "voice_instrumental": [0.9385947585105896, 0.06514492630958557], "gender": [0.7484830021858215, 0.2266520857810974]}