{"tonal_atonal": [0.513154149055481, 0.49642789363861084], "danceability": [0.1786327213048935, 0.8197513818740845], "voice_instrumental": [0.5266017913818359, 0.4789920151233673], "gender": [0.2850768268108368, 0.6885247230529785]}