{"danceability": [0.6629795432090759, 0.33215636014938354], "gender": [0.6437735557556152, 0.3454068899154663], "tonal_atonal": [0.6906117796897888, 0.30754539370536804], "voice_instrumental": [0.6991264224052429, 0.29753926396369934]}