{"danceability": [0.7045373320579529, 0.2885398864746094], "gender": [0.3761170506477356, 0.5829361081123352], "tonal_atonal": [0.9827554225921631, 0.018720583990216255], "voice_instrumental": [0.5645630955696106, 0.428208589553833]}