{"tonal_atonal": [0.9873168468475342, 0.013012327253818512], "danceability": [0.34746578335762024, 0.6408497095108032], "voice_instrumental": [0.22011947631835938, 0.7765125632286072], "gender": [0.11235488206148148, 0.8832825422286987]}