{"tonal_atonal": [0.08113247156143188, 0.9239385724067688], "danceability": [0.4405171275138855, 0.5567609071731567], "voice_instrumental": [0.3995356261730194, 0.5968456268310547], "gender": [0.24229153990745544, 0.7618436813354492]}