{"tonal_atonal": [0.10720468312501907, 0.9036715030670166], "danceability": [0.0242452472448349, 0.9713295102119446], "voice_instrumental": [0.6511257290840149, 0.3532770574092865], "gender": [0.3825005292892456, 0.614870548248291]}