{"danceability": [0.40568122267723083, 0.601455807685852], "gender": [0.6663597822189331, 0.2936939597129822], "tonal_atonal": [0.7790151238441467, 0.22601422667503357], "voice_instrumental": [0.8403785228729248, 0.15768170356750488]}