{"tonal_atonal": [0.9889932870864868, 0.008946907706558704], "danceability": [0.17214363813400269, 0.8271226286888123], "voice_instrumental": [0.09812451899051666, 0.902839720249176], "gender": [0.31497156620025635, 0.6958047747612]}