{"danceability": [0.366668701171875, 0.64409339427948], "gender": [0.36219045519828796, 0.6900410056114197], "tonal_atonal": [0.9957665205001831, 0.003985428251326084], "voice_instrumental": [0.8787194490432739, 0.12477175891399384]}