{"danceability": [0.06268788874149323, 0.9324289560317993], "gender": [0.5536226034164429, 0.42205169796943665], "tonal_atonal": [0.29426416754722595, 0.7151179313659668], "voice_instrumental": [0.3674556612968445, 0.6311122179031372]}