{"danceability": [0.2507237195968628, 0.770258367061615], "gender": [0.7494404911994934, 0.2688128352165222], "tonal_atonal": [0.9004380702972412, 0.09433409571647644], "voice_instrumental": [0.958348274230957, 0.039148543030023575]}