{"danceability": [0.6077666878700256, 0.3851836919784546], "gender": [0.4640496075153351, 0.5024307370185852], "tonal_atonal": [0.9331788420677185, 0.06069886311888695], "voice_instrumental": [0.9736979007720947, 0.02564268931746483]}