{"tonal_atonal": [0.10773414373397827, 0.8989292979240417], "danceability": [0.6477102041244507, 0.3445526659488678], "voice_instrumental": [0.6296529173851013, 0.3669806718826294], "gender": [0.4507628381252289, 0.5577898621559143]}