{"danceability": [0.21264974772930145, 0.7914891242980957], "gender": [0.567013144493103, 0.44665417075157166], "tonal_atonal": [0.15378142893314362, 0.8455013036727905], "voice_instrumental": [0.7536377310752869, 0.25579047203063965]}