{"tonal_atonal": [0.2071884572505951, 0.7911949753761292], "danceability": [0.05964203178882599, 0.9315139651298523], "voice_instrumental": [0.9087356328964233, 0.08855614066123962], "gender": [0.6124858260154724, 0.3688737154006958]}