{"tonal_atonal": [0.5445186495780945, 0.4607604146003723], "danceability": [0.3541994094848633, 0.6492218375205994], "voice_instrumental": [0.3655931055545807, 0.6376358270645142], "gender": [0.5066105127334595, 0.4693889319896698]}