{"tonal_atonal": [0.38680747151374817, 0.64174485206604], "danceability": [0.06447233259677887, 0.9382331967353821], "voice_instrumental": [0.8769285678863525, 0.12668167054653168], "gender": [0.7236953973770142, 0.24204017221927643]}