{"danceability": [0.20954307913780212, 0.7952664494514465], "gender": [0.36559921503067017, 0.617169976234436], "tonal_atonal": [0.08345534652471542, 0.9254606366157532], "voice_instrumental": [0.2607426345348358, 0.7400197982788086]}