{"danceability": [0.474450945854187, 0.5196573734283447], "gender": [0.28611794114112854, 0.7009063363075256], "tonal_atonal": [0.8849611878395081, 0.11734054982662201], "voice_instrumental": [0.32865262031555176, 0.6701431274414062]}