{"tonal_atonal": [0.5540199875831604, 0.4444844424724579], "danceability": [0.20831182599067688, 0.7901582717895508], "voice_instrumental": [0.37030959129333496, 0.6317963004112244], "gender": [0.6510075926780701, 0.33789247274398804]}