{"tonal_atonal": [0.3218897581100464, 0.6640247702598572], "danceability": [0.1856914758682251, 0.813477098941803], "voice_instrumental": [0.685128390789032, 0.3142646551132202], "gender": [0.7994455099105835, 0.21971140801906586]}