{"tonal_atonal": [0.594144344329834, 0.403851181268692], "danceability": [0.24922814965248108, 0.7476627230644226], "voice_instrumental": [0.1665271520614624, 0.8321959972381592], "gender": [0.2777974307537079, 0.6897218823432922]}