{"danceability": [0.32453861832618713, 0.6716296076774597], "gender": [0.25146499276161194, 0.7293645143508911], "tonal_atonal": [0.5861806869506836, 0.42065638303756714], "voice_instrumental": [0.177870973944664, 0.8252997398376465]}