{"danceability": [0.901644766330719, 0.10009511560201645], "gender": [0.42234957218170166, 0.5505850315093994], "tonal_atonal": [0.9531047344207764, 0.04702639952301979], "voice_instrumental": [0.5487509965896606, 0.43856069445610046]}