{"danceability": [0.37193459272384644, 0.6347786784172058], "gender": [0.14349296689033508, 0.8412434458732605], "tonal_atonal": [0.9991419315338135, 0.0008317830506712198], "voice_instrumental": [0.26295578479766846, 0.7405412197113037]}