{"tonal_atonal": [0.9069821834564209, 0.08966197073459625], "danceability": [0.9979535937309265, 0.0018777810037136078], "voice_instrumental": [0.17343248426914215, 0.8310003876686096], "gender": [0.3846884071826935, 0.5847799777984619]}