{"tonal_atonal": [0.9981124997138977, 0.0019258465617895126], "danceability": [0.41452568769454956, 0.5997613668441772], "voice_instrumental": [0.7667686343193054, 0.24740657210350037], "gender": [0.3986090123653412, 0.6288422346115112]}