{"danceability": [0.5804235935211182, 0.4110015332698822], "gender": [0.7805951237678528, 0.21343359351158142], "tonal_atonal": [0.5045735836029053, 0.4880976676940918], "voice_instrumental": [0.7922205924987793, 0.20711952447891235]}