{"danceability": [0.3426535427570343, 0.6492870450019836], "gender": [0.6667854189872742, 0.32274243235588074], "tonal_atonal": [0.39982667565345764, 0.5799804329872131], "voice_instrumental": [0.8975512981414795, 0.09863423556089401]}