{"tonal_atonal": [0.6922183632850647, 0.3366034924983978], "danceability": [0.11693117767572403, 0.8805970549583435], "voice_instrumental": [0.8510255217552185, 0.13496573269367218], "gender": [0.5485193133354187, 0.43703317642211914]}