{"tonal_atonal": [0.7922376990318298, 0.22424842417240143], "danceability": [0.9729495644569397, 0.029710087925195694], "voice_instrumental": [0.3473639488220215, 0.6509615778923035], "gender": [0.5007929801940918, 0.4750964045524597]}