{"danceability": [0.11911256611347198, 0.8762689232826233], "gender": [0.6548354625701904, 0.35075750946998596], "tonal_atonal": [0.23117706179618835, 0.7734597325325012], "voice_instrumental": [0.7003122568130493, 0.30406051874160767]}