{"tonal_atonal": [0.896279513835907, 0.10289383679628372], "danceability": [0.9406681060791016, 0.058744870126247406], "voice_instrumental": [0.29617199301719666, 0.7013332843780518], "gender": [0.42504215240478516, 0.5489544868469238]}