{"tonal_atonal": [0.637126624584198, 0.34949401021003723], "danceability": [0.2713969349861145, 0.7315225005149841], "voice_instrumental": [0.8634329438209534, 0.12977704405784607], "gender": [0.7009463310241699, 0.28768444061279297]}