{"danceability": [0.18262770771980286, 0.8171080946922302], "gender": [0.27018916606903076, 0.7219497561454773], "tonal_atonal": [0.4842844307422638, 0.5294788479804993], "voice_instrumental": [0.1839764267206192, 0.8173630237579346]}