{"danceability": [0.7984886765480042, 0.20003479719161987], "gender": [0.6263308525085449, 0.3745196759700775], "tonal_atonal": [0.576282262802124, 0.4200916588306427], "voice_instrumental": [0.7811456322669983, 0.21602730453014374]}