{"danceability": [0.07478032261133194, 0.9251769781112671], "gender": [0.3015963137149811, 0.661194920539856], "tonal_atonal": [0.38741692900657654, 0.6211768984794617], "voice_instrumental": [0.22961632907390594, 0.7739365696907043]}