{"danceability": [0.6206977963447571, 0.36979082226753235], "gender": [0.24206779897212982, 0.7474914789199829], "tonal_atonal": [0.7812429070472717, 0.213093101978302], "voice_instrumental": [0.35765573382377625, 0.6420093774795532]}