{"tonal_atonal": [0.46274885535240173, 0.5487426519393921], "danceability": [0.3119445741176605, 0.7011978626251221], "voice_instrumental": [0.34061023592948914, 0.6640157699584961], "gender": [0.4973367154598236, 0.5000685453414917]}