{"tonal_atonal": [0.6083278656005859, 0.38590818643569946], "danceability": [0.1435292810201645, 0.8464671969413757], "voice_instrumental": [0.9228718876838684, 0.07464273273944855], "gender": [0.7482861876487732, 0.255464643239975]}