{"danceability": [0.050183072686195374, 0.9494131803512573], "gender": [0.5197449326515198, 0.4756040573120117], "tonal_atonal": [0.2254938781261444, 0.7939690351486206], "voice_instrumental": [0.5181259512901306, 0.47908347845077515]}