{"danceability": [0.34435251355171204, 0.6586384177207947], "gender": [0.5292046666145325, 0.44693928956985474], "tonal_atonal": [0.46551671624183655, 0.5341212749481201], "voice_instrumental": [0.4377598464488983, 0.5625364184379578]}