{"danceability": [0.34146836400032043, 0.6584833860397339], "gender": [0.5372918248176575, 0.48739954829216003], "tonal_atonal": [0.5813673138618469, 0.41432181000709534], "voice_instrumental": [0.6979711651802063, 0.2943360209465027]}