{"tonal_atonal": [0.9348448514938354, 0.06276215612888336], "danceability": [0.6587177515029907, 0.3410901725292206], "voice_instrumental": [0.477120041847229, 0.5203405022621155], "gender": [0.38420626521110535, 0.6064338684082031]}