{"danceability": [0.4344342052936554, 0.5720336437225342], "gender": [0.25030776858329773, 0.7223265767097473], "tonal_atonal": [0.9443470239639282, 0.054556816816329956], "voice_instrumental": [0.1158008798956871, 0.8845994472503662]}