{"danceability": [0.8739451169967651, 0.12454371154308319], "gender": [0.19570910930633545, 0.7963022589683533], "tonal_atonal": [0.9119043946266174, 0.09170068800449371], "voice_instrumental": [0.06282621622085571, 0.9381142854690552]}