{"danceability": [0.06515629589557648, 0.9334695339202881], "gender": [0.4865727722644806, 0.49245646595954895], "tonal_atonal": [0.23997224867343903, 0.7707545757293701], "voice_instrumental": [0.21552377939224243, 0.7877687215805054]}