{"danceability": [0.8063483834266663, 0.1979614943265915], "gender": [0.8078993558883667, 0.19516560435295105], "tonal_atonal": [0.531325101852417, 0.4621519446372986], "voice_instrumental": [0.8443918824195862, 0.15039466321468353]}