{"danceability": [0.09115192294120789, 0.8967048525810242], "gender": [0.7806511521339417, 0.20477358996868134], "tonal_atonal": [0.4721057415008545, 0.5125699043273926], "voice_instrumental": [0.8779410123825073, 0.11362434923648834]}