{"danceability": [0.875064492225647, 0.12701719999313354], "gender": [0.18940581381320953, 0.8175331950187683], "tonal_atonal": [0.26515963673591614, 0.7361307740211487], "voice_instrumental": [0.261487752199173, 0.7380163669586182]}