{"danceability": [0.07597307860851288, 0.9132153391838074], "gender": [0.7445244789123535, 0.26070094108581543], "tonal_atonal": [0.5921355485916138, 0.39746612310409546], "voice_instrumental": [0.7859511971473694, 0.2115468680858612]}