{"danceability": [0.8991578221321106, 0.1024148166179657], "gender": [0.6328446269035339, 0.3417825400829315], "tonal_atonal": [0.9889052510261536, 0.011581243015825748], "voice_instrumental": [0.6767755150794983, 0.31695589423179626]}