{"tonal_atonal": [0.5287432074546814, 0.45721110701560974], "danceability": [0.3360459804534912, 0.6631362438201904], "voice_instrumental": [0.8867586851119995, 0.11132513731718063], "gender": [0.7402398586273193, 0.24966685473918915]}