{"danceability": [0.997309148311615, 0.0024901314172893763], "gender": [0.3275423049926758, 0.6401963829994202], "tonal_atonal": [0.9949037432670593, 0.005101112648844719], "voice_instrumental": [0.25067758560180664, 0.7421168088912964]}