{"danceability": [0.3080590069293976, 0.6798932552337646], "gender": [0.6674098372459412, 0.3190246820449829], "tonal_atonal": [0.6838893890380859, 0.3148028552532196], "voice_instrumental": [0.8038063645362854, 0.19218550622463226]}