{"danceability": [0.5650888085365295, 0.4367372989654541], "gender": [0.5363087058067322, 0.47239336371421814], "tonal_atonal": [0.5705499649047852, 0.42700156569480896], "voice_instrumental": [0.8113536238670349, 0.1881784051656723]}