{"danceability": [0.4781317710876465, 0.5108250379562378], "gender": [0.229187473654747, 0.7694973945617676], "tonal_atonal": [0.09975212067365646, 0.9035937786102295], "voice_instrumental": [0.7121531963348389, 0.28549981117248535]}