{"danceability": [0.1674954742193222, 0.8291526436805725], "gender": [0.2827087640762329, 0.7443462014198303], "tonal_atonal": [0.17475606501102448, 0.8255484700202942], "voice_instrumental": [0.6798744797706604, 0.321521520614624]}