{"danceability": [0.951110303401947, 0.048253342509269714], "gender": [0.49690863490104675, 0.5096118450164795], "tonal_atonal": [0.9897388219833374, 0.009779084473848343], "voice_instrumental": [0.25387316942214966, 0.7444522976875305]}