{"tonal_atonal": [0.15634611248970032, 0.839385986328125], "danceability": [0.05142797529697418, 0.9404885768890381], "voice_instrumental": [0.8680810928344727, 0.11756844818592072], "gender": [0.692166805267334, 0.30425575375556946]}