{"danceability": [0.23250608146190643, 0.7751285433769226], "gender": [0.7389386296272278, 0.2741805911064148], "tonal_atonal": [0.28911659121513367, 0.7180131673812866], "voice_instrumental": [0.753876268863678, 0.25159040093421936]}