{"tonal_atonal": [0.37429729104042053, 0.6401901245117188], "danceability": [0.16138209402561188, 0.8374742269515991], "voice_instrumental": [0.34832295775413513, 0.6544933319091797], "gender": [0.7310152053833008, 0.26806071400642395]}