{"danceability": [0.9863818287849426, 0.013835233636200428], "gender": [0.5042531490325928, 0.46540117263793945], "tonal_atonal": [0.9718683958053589, 0.029389768838882446], "voice_instrumental": [0.5708634853363037, 0.4208451807498932]}