{"tonal_atonal": [0.511426568031311, 0.46826374530792236], "danceability": [0.33579784631729126, 0.6605557799339294], "voice_instrumental": [0.20946156978607178, 0.7867884039878845], "gender": [0.14104622602462769, 0.8462294340133667]}