{"tonal_atonal": [0.9356006383895874, 0.07502498477697372], "danceability": [0.9296429753303528, 0.06943388283252716], "voice_instrumental": [0.5794607996940613, 0.41275691986083984], "gender": [0.602898895740509, 0.3766307234764099]}