{"tonal_atonal": [0.769889235496521, 0.23268592357635498], "danceability": [0.7767965793609619, 0.22672715783119202], "voice_instrumental": [0.08893251419067383, 0.9119676947593689], "gender": [0.4208863377571106, 0.5456344485282898]}