{"tonal_atonal": [0.980016827583313, 0.02094345912337303], "danceability": [0.9617847204208374, 0.03799932822585106], "voice_instrumental": [0.5146626830101013, 0.4819003939628601], "gender": [0.6007757782936096, 0.39435455203056335]}