{"danceability": [0.3886362910270691, 0.6227796077728271], "gender": [0.6407238841056824, 0.3726119101047516], "tonal_atonal": [0.17786015570163727, 0.8163261413574219], "voice_instrumental": [0.6682724356651306, 0.334168940782547]}