{"tonal_atonal": [0.5731840133666992, 0.4232371747493744], "danceability": [0.4327476918697357, 0.5668683648109436], "voice_instrumental": [0.15266984701156616, 0.8488321304321289], "gender": [0.34048956632614136, 0.6507111191749573]}