{"danceability": [0.057176195085048676, 0.9426118731498718], "gender": [0.5993102192878723, 0.37795382738113403], "tonal_atonal": [0.27086836099624634, 0.7424948215484619], "voice_instrumental": [0.2509574294090271, 0.7509022355079651]}