{"tonal_atonal": [0.7793433666229248, 0.22414536774158478], "danceability": [0.9599944353103638, 0.03882070258259773], "voice_instrumental": [0.5096945762634277, 0.487077534198761], "gender": [0.5224709510803223, 0.5023090839385986]}