{"tonal_atonal": [0.11713720858097076, 0.8768717646598816], "danceability": [0.13180150091648102, 0.8659849762916565], "voice_instrumental": [0.7962145805358887, 0.19257034361362457], "gender": [0.6807137727737427, 0.31014031171798706]}