{"tonal_atonal": [0.3047795593738556, 0.711499810218811], "danceability": [0.02349749021232128, 0.9763847589492798], "voice_instrumental": [0.9481249451637268, 0.05538631230592728], "gender": [0.7470168471336365, 0.22158129513263702]}