{"danceability": [0.09756036102771759, 0.9036737680435181], "gender": [0.2194148600101471, 0.7716003060340881], "tonal_atonal": [0.38148561120033264, 0.6273250579833984], "voice_instrumental": [0.19734841585159302, 0.8009509444236755]}