{"tonal_atonal": [0.9743182063102722, 0.022887175902724266], "danceability": [0.8955693244934082, 0.10325805842876434], "voice_instrumental": [0.017221055924892426, 0.9828668832778931], "gender": [0.1234702542424202, 0.8727701902389526]}