{"tonal_atonal": [0.10395520180463791, 0.8991856575012207], "danceability": [0.17522020637989044, 0.8224514126777649], "voice_instrumental": [0.6032906174659729, 0.40111276507377625], "gender": [0.425381600856781, 0.56086266040802]}