{"tonal_atonal": [0.18302446603775024, 0.819786787033081], "danceability": [0.09915462136268616, 0.8993462920188904], "voice_instrumental": [0.840537965297699, 0.15513017773628235], "gender": [0.19847767055034637, 0.7977063655853271]}