{"tonal_atonal": [0.7514188885688782, 0.2628914415836334], "danceability": [0.7997657656669617, 0.19882458448410034], "voice_instrumental": [0.2827951908111572, 0.7147906422615051], "gender": [0.5639324188232422, 0.41834819316864014]}