{"tonal_atonal": [0.8243328332901001, 0.1760646402835846], "danceability": [0.47694918513298035, 0.5297242999076843], "voice_instrumental": [0.16424153745174408, 0.8392960429191589], "gender": [0.33611783385276794, 0.6432045102119446]}