{"tonal_atonal": [0.5397730469703674, 0.45900094509124756], "danceability": [0.07278309762477875, 0.9125751852989197], "voice_instrumental": [0.8694266676902771, 0.12293640524148941], "gender": [0.6846821904182434, 0.31769660115242004]}