{"danceability": [0.7422568798065186, 0.25870203971862793], "gender": [0.6869226098060608, 0.316493421792984], "tonal_atonal": [0.3977406620979309, 0.6150935292243958], "voice_instrumental": [0.7349534630775452, 0.26014038920402527]}