{"tonal_atonal": [0.5451323986053467, 0.45366957783699036], "danceability": [0.13306280970573425, 0.8645743131637573], "voice_instrumental": [0.9377914071083069, 0.056818887591362], "gender": [0.6066813468933105, 0.38910913467407227]}