{"tonal_atonal": [0.9872006177902222, 0.012784760445356369], "danceability": [0.7941047549247742, 0.21229231357574463], "voice_instrumental": [0.709616482257843, 0.2777955234050751], "gender": [0.44997936487197876, 0.5201950669288635]}