{"danceability": [0.6008716225624084, 0.4053920805454254], "gender": [0.5555098652839661, 0.43721121549606323], "tonal_atonal": [0.869229793548584, 0.13557884097099304], "voice_instrumental": [0.2680492401123047, 0.7315685749053955]}