{"danceability": [0.2834489941596985, 0.7193886041641235], "gender": [0.591842770576477, 0.413455992937088], "tonal_atonal": [0.2731282711029053, 0.7293879985809326], "voice_instrumental": [0.6924425959587097, 0.31076619029045105]}