{"danceability": [0.9067660570144653, 0.09986773878335953], "gender": [0.7121233940124512, 0.2792115807533264], "tonal_atonal": [0.96943598985672, 0.03177330642938614], "voice_instrumental": [0.8536537289619446, 0.14295053482055664]}