{"tonal_atonal": [0.9926059246063232, 0.006669316440820694], "danceability": [0.7452093958854675, 0.2377048134803772], "voice_instrumental": [0.4712807238101959, 0.5154145359992981], "gender": [0.7139853239059448, 0.2518042325973511]}