{"danceability": [0.6110889315605164, 0.38547608256340027], "gender": [0.48482057452201843, 0.5004960894584656], "tonal_atonal": [0.6326691508293152, 0.3744201362133026], "voice_instrumental": [0.1739705204963684, 0.8242484927177429]}