{"tonal_atonal": [0.7565273642539978, 0.24177518486976624], "danceability": [0.6811105608940125, 0.31429773569107056], "voice_instrumental": [0.24744005501270294, 0.7515613436698914], "gender": [0.28712135553359985, 0.7241629958152771]}