{"danceability": [0.47025781869888306, 0.4948725998401642], "gender": [0.20515155792236328, 0.7898372411727905], "tonal_atonal": [0.9766386151313782, 0.024124616757035255], "voice_instrumental": [0.1635115146636963, 0.838320791721344]}