{"danceability": [0.40204837918281555, 0.5999351739883423], "gender": [0.7325065732002258, 0.29259753227233887], "tonal_atonal": [0.60450279712677, 0.3880387246608734], "voice_instrumental": [0.6654382348060608, 0.33539941906929016]}