{"tonal_atonal": [0.9880845546722412, 0.011893801391124725], "danceability": [0.5287275910377502, 0.48016971349716187], "voice_instrumental": [0.28340208530426025, 0.7142307758331299], "gender": [0.2406463623046875, 0.7416110634803772]}