{"danceability": [0.9479092359542847, 0.04880499094724655], "gender": [0.7100819945335388, 0.28011900186538696], "tonal_atonal": [0.9582164287567139, 0.04371757060289383], "voice_instrumental": [0.7474299669265747, 0.2493111789226532]}