{"danceability": [0.9917198419570923, 0.007970146834850311], "gender": [0.535426914691925, 0.44633835554122925], "tonal_atonal": [0.8237142562866211, 0.18853197991847992], "voice_instrumental": [0.3846364915370941, 0.6197275519371033]}