{"tonal_atonal": [0.9309855103492737, 0.06942915916442871], "danceability": [0.8524150252342224, 0.14961151778697968], "voice_instrumental": [0.35789328813552856, 0.6238417625427246], "gender": [0.3250294327735901, 0.6581858396530151]}