{"tonal_atonal": [0.6001272797584534, 0.4079417586326599], "danceability": [0.043227434158325195, 0.9427617788314819], "voice_instrumental": [0.8153148293495178, 0.18317443132400513], "gender": [0.7285316586494446, 0.2821163833141327]}