{"danceability": [0.6388165354728699, 0.3664073646068573], "gender": [0.7273796796798706, 0.27866438031196594], "tonal_atonal": [0.900999128818512, 0.09146948158740997], "voice_instrumental": [0.9284449219703674, 0.0699877217411995]}