{"danceability": [0.029395898804068565, 0.9673316478729248], "gender": [0.7290455102920532, 0.2134799361228943], "tonal_atonal": [0.10165166109800339, 0.8954935073852539], "voice_instrumental": [0.9137303829193115, 0.0913090780377388]}