{"danceability": [0.5759972333908081, 0.4176701009273529], "gender": [0.782690703868866, 0.21671077609062195], "tonal_atonal": [0.5409139394760132, 0.4638376235961914], "voice_instrumental": [0.7768521308898926, 0.21862149238586426]}