{"tonal_atonal": [0.8924713134765625, 0.10939157009124756], "danceability": [0.9948759078979492, 0.00503022875636816], "voice_instrumental": [0.24031901359558105, 0.7681761384010315], "gender": [0.3860798478126526, 0.5941362380981445]}