{"danceability": [0.9565750956535339, 0.043308570981025696], "gender": [0.6612247228622437, 0.31893664598464966], "tonal_atonal": [0.9387199282646179, 0.06238482892513275], "voice_instrumental": [0.7128893733024597, 0.2816520929336548]}