{"tonal_atonal": [0.8466058969497681, 0.15195192396640778], "danceability": [0.8779132962226868, 0.12132902443408966], "voice_instrumental": [0.25656071305274963, 0.734804093837738], "gender": [0.3806387484073639, 0.5904818773269653]}