{"danceability": [0.12470851838588715, 0.8720025420188904], "gender": [0.44861310720443726, 0.543228268623352], "tonal_atonal": [0.5312372446060181, 0.4844205677509308], "voice_instrumental": [0.08483726531267166, 0.9152156114578247]}