{"tonal_atonal": [0.8422712683677673, 0.15981560945510864], "danceability": [0.3744215965270996, 0.6280332803726196], "voice_instrumental": [0.49726903438568115, 0.5050539970397949], "gender": [0.5614137649536133, 0.42559120059013367]}