{"danceability": [0.9957535266876221, 0.004166984930634499], "gender": [0.6174719929695129, 0.3915848731994629], "tonal_atonal": [0.7781321406364441, 0.267206072807312], "voice_instrumental": [0.33394670486450195, 0.6633567214012146]}