{"tonal_atonal": [0.30569347739219666, 0.7071182131767273], "danceability": [0.17211763560771942, 0.823624849319458], "voice_instrumental": [0.8462122082710266, 0.1408316045999527], "gender": [0.4859621524810791, 0.4788469970226288]}