{"danceability": [0.4827277362346649, 0.5231378674507141], "gender": [0.5361509919166565, 0.46481940150260925], "tonal_atonal": [0.9682963490486145, 0.03250504657626152], "voice_instrumental": [0.7086830735206604, 0.2896803915500641]}