{"tonal_atonal": [0.9413378834724426, 0.058596160262823105], "danceability": [0.33451661467552185, 0.6445840001106262], "voice_instrumental": [0.16710758209228516, 0.8346728682518005], "gender": [0.12327214330434799, 0.860014021396637]}