{"tonal_atonal": [0.9538618326187134, 0.05338340625166893], "danceability": [0.7980566620826721, 0.1984231024980545], "voice_instrumental": [0.5599721670150757, 0.4330589771270752], "gender": [0.5845516920089722, 0.39916351437568665]}