{"tonal_atonal": [0.8920065760612488, 0.10215751081705093], "danceability": [0.650995135307312, 0.33684778213500977], "voice_instrumental": [0.9282234311103821, 0.06636849790811539], "gender": [0.7529240846633911, 0.21910592913627625]}