{"danceability": [0.06918797641992569, 0.9237405061721802], "gender": [0.6905183792114258, 0.2892695367336273], "tonal_atonal": [0.4198780655860901, 0.5780721306800842], "voice_instrumental": [0.8713517785072327, 0.12924683094024658]}