{"tonal_atonal": [0.8067392110824585, 0.19954460859298706], "danceability": [0.713547945022583, 0.2797500491142273], "voice_instrumental": [0.1137935221195221, 0.886785089969635], "gender": [0.41038960218429565, 0.5924801826477051]}