{"tonal_atonal": [0.631858229637146, 0.33791884779930115], "danceability": [0.16986390948295593, 0.8325713872909546], "voice_instrumental": [0.8275657892227173, 0.17317694425582886], "gender": [0.5231940746307373, 0.5354362726211548]}