{"danceability": [0.7902824878692627, 0.20705094933509827], "gender": [0.8131292462348938, 0.17490243911743164], "tonal_atonal": [0.6824634075164795, 0.3125000298023224], "voice_instrumental": [0.8814142346382141, 0.10862717032432556]}