{"tonal_atonal": [0.36915814876556396, 0.5805370807647705], "danceability": [0.03020322136580944, 0.9695468544960022], "voice_instrumental": [0.7919783592224121, 0.22074328362941742], "gender": [0.35712072253227234, 0.6781006455421448]}