{"tonal_atonal": [0.9155914783477783, 0.08368512988090515], "danceability": [0.5460564494132996, 0.4556955397129059], "voice_instrumental": [0.8502256274223328, 0.15152257680892944], "gender": [0.4529872238636017, 0.5575562715530396]}