{"danceability": [0.1471347063779831, 0.84531170129776], "gender": [0.22160767018795013, 0.7683965563774109], "tonal_atonal": [0.3744010627269745, 0.6234269738197327], "voice_instrumental": [0.46533969044685364, 0.5374845862388611]}