{"danceability": [0.1265539675951004, 0.8823935389518738], "gender": [0.573978066444397, 0.3992777466773987], "tonal_atonal": [0.37222015857696533, 0.6335980296134949], "voice_instrumental": [0.7973668575286865, 0.2033974975347519]}