{"tonal_atonal": [0.9576539397239685, 0.04355612024664879], "danceability": [0.9552786946296692, 0.04528703913092613], "voice_instrumental": [0.23155957460403442, 0.770922064781189], "gender": [0.43827131390571594, 0.5621561408042908]}