{"tonal_atonal": [0.9611637592315674, 0.03750307112932205], "danceability": [0.928808331489563, 0.07032369077205658], "voice_instrumental": [0.48135945200920105, 0.5080846548080444], "gender": [0.4983033537864685, 0.48481789231300354]}