{"tonal_atonal": [0.8665176033973694, 0.14125286042690277], "danceability": [0.9479267597198486, 0.051451437175273895], "voice_instrumental": [0.6735602021217346, 0.31729856133461], "gender": [0.6720876693725586, 0.31382402777671814]}