{"tonal_atonal": [0.4785318076610565, 0.5250808000564575], "danceability": [0.509865403175354, 0.4838707149028778], "voice_instrumental": [0.6515184640884399, 0.3421376943588257], "gender": [0.2891691327095032, 0.6946884989738464]}