{"tonal_atonal": [0.43673771619796753, 0.5611187815666199], "danceability": [0.19797895848751068, 0.7990321516990662], "voice_instrumental": [0.8480062484741211, 0.1492297649383545], "gender": [0.570242702960968, 0.4182855784893036]}