{"danceability": [0.22429773211479187, 0.7803017497062683], "gender": [0.4262426495552063, 0.5713232159614563], "tonal_atonal": [0.5355061292648315, 0.47531118988990784], "voice_instrumental": [0.3387036621570587, 0.6587259769439697]}