{"tonal_atonal": [0.22595180571079254, 0.7605053186416626], "danceability": [0.1159810870885849, 0.8686177730560303], "voice_instrumental": [0.9492106437683105, 0.05346197262406349], "gender": [0.8186619281768799, 0.16841907799243927]}