{"danceability": [0.15404920279979706, 0.8476417660713196], "gender": [0.788438618183136, 0.22717958688735962], "tonal_atonal": [0.9060324430465698, 0.1005333736538887], "voice_instrumental": [0.8887396454811096, 0.11277753114700317]}