{"danceability": [0.6029265522956848, 0.39122509956359863], "gender": [0.2684139907360077, 0.7254521250724792], "tonal_atonal": [0.7324236035346985, 0.283721387386322], "voice_instrumental": [0.285187691450119, 0.7142783403396606]}