{"tonal_atonal": [0.41735413670539856, 0.5998466610908508], "danceability": [0.47635701298713684, 0.5183120965957642], "voice_instrumental": [0.22891657054424286, 0.7732594013214111], "gender": [0.32177937030792236, 0.6655644774436951]}