{"tonal_atonal": [0.09789340198040009, 0.8987549543380737], "danceability": [0.0990760326385498, 0.8998820781707764], "voice_instrumental": [0.7267417311668396, 0.2779412269592285], "gender": [0.3460109829902649, 0.6403424739837646]}