{"danceability": [0.0553426668047905, 0.9341192245483398], "gender": [0.8361338376998901, 0.14864078164100647], "tonal_atonal": [0.16227509081363678, 0.8252484202384949], "voice_instrumental": [0.8527296185493469, 0.1471351683139801]}