{"tonal_atonal": [0.9998973608016968, 0.00011158674897160381], "danceability": [0.2099199742078781, 0.8088308572769165], "voice_instrumental": [0.9740981459617615, 0.028044002130627632], "gender": [0.7054644823074341, 0.2733786702156067]}