{"tonal_atonal": [0.9476316571235657, 0.05348363146185875], "danceability": [0.7855314016342163, 0.20173411071300507], "voice_instrumental": [0.15860456228256226, 0.8420214653015137], "gender": [0.20588308572769165, 0.7833317518234253]}