{"danceability": [0.9534573554992676, 0.0461684986948967], "gender": [0.44345423579216003, 0.5508768558502197], "tonal_atonal": [0.9806256294250488, 0.02023390121757984], "voice_instrumental": [0.6673630475997925, 0.33105090260505676]}