{"danceability": [0.564399003982544, 0.4400084912776947], "gender": [0.4943956732749939, 0.4964863955974579], "tonal_atonal": [0.6283304691314697, 0.3729093074798584], "voice_instrumental": [0.3575965464115143, 0.6391280293464661]}