{"tonal_atonal": [0.7283814549446106, 0.27815884351730347], "danceability": [0.7562272548675537, 0.24055755138397217], "voice_instrumental": [0.8328046202659607, 0.16137050092220306], "gender": [0.738224983215332, 0.24831737577915192]}