{"tonal_atonal": [0.5410402417182922, 0.47380223870277405], "danceability": [0.6846140027046204, 0.32739701867103577], "voice_instrumental": [0.44545429944992065, 0.5607608556747437], "gender": [0.6145301461219788, 0.4126376807689667]}