{"mood_acoustic": [0.0069863940589129925, 0.993384838104248], "mood_aggressive": [0.7679665684700012, 0.2228168547153473], "mood_electronic": [0.9540523290634155, 0.04738345369696617], "mood_happy": [0.1548241823911667, 0.8397160768508911], "mood_party": [0.13709001243114471, 0.867485523223877], "mood_relaxed": [0.9036586284637451, 0.10502030700445175], "mood_sad": [0.9779945015907288, 0.02103625051677227]}