{"mood_acoustic": [0.09918937087059021, 0.8846818208694458], "mood_aggressive": [0.14167967438697815, 0.8300381302833557], "mood_electronic": [0.216570645570755, 0.7540721893310547], "mood_happy": [0.30609068274497986, 0.7227020263671875], "mood_party": [0.9775652289390564, 0.018546845763921738], "mood_relaxed": [0.012686038389801979, 0.9875010251998901], "mood_sad": [0.35467761754989624, 0.6820509433746338]}