{"mood_acoustic": [0.6418818235397339, 0.35244718194007874], "mood_aggressive": [0.018191352486610413, 0.9829869866371155], "mood_electronic": [0.47363534569740295, 0.5311789512634277], "mood_happy": [0.2553054988384247, 0.7380020022392273], "mood_party": [0.9366662502288818, 0.07121475785970688], "mood_relaxed": [0.1071140319108963, 0.8934904932975769], "mood_sad": [0.13839814066886902, 0.8606246113777161]}