{"mood_acoustic": [0.048666369169950485, 0.9517066478729248], "mood_aggressive": [0.2585486173629761, 0.7332660555839539], "mood_electronic": [0.8674263954162598, 0.13326279819011688], "mood_happy": [0.6284525990486145, 0.36768364906311035], "mood_party": [0.10542451590299606, 0.8987401723861694], "mood_relaxed": [0.7845652103424072, 0.21888403594493866], "mood_sad": [0.9634917974472046, 0.03658181056380272]}