{"mood_acoustic": [0.6854662895202637, 0.3184340298175812], "mood_aggressive": [0.01247779093682766, 0.987474799156189], "mood_electronic": [0.3815431296825409, 0.6311230659484863], "mood_happy": [0.6326416730880737, 0.3624979853630066], "mood_party": [0.8306073546409607, 0.18652711808681488], "mood_relaxed": [0.15060824155807495, 0.8501415848731995], "mood_sad": [0.5905727744102478, 0.39891138672828674]}