{"mood_acoustic": [0.8610439300537109, 0.13701646029949188], "mood_aggressive": [0.00482412613928318, 0.9955299496650696], "mood_electronic": [0.12080276757478714, 0.8798286318778992], "mood_happy": [0.1375388354063034, 0.853260338306427], "mood_party": [0.9874858856201172, 0.012177594937384129], "mood_relaxed": [0.03820258378982544, 0.9599340558052063], "mood_sad": [0.11552330106496811, 0.8877120018005371]}