{"mood_acoustic": [0.9082709550857544, 0.08899609744548798], "mood_electronic": [0.0995347797870636, 0.9012337923049927], "mood_aggressive": [0.019703976809978485, 0.981071412563324], "mood_relaxed": [0.09839284420013428, 0.8975213170051575], "mood_happy": [0.11029954999685287, 0.8883276581764221], "mood_sad": [0.05424647405743599, 0.9482386112213135], "mood_party": [0.9883529543876648, 0.013767597265541553]}