{"mood_acoustic": [0.6889811158180237, 0.2919894754886627], "mood_aggressive": [0.033253014087677, 0.9667288661003113], "mood_electronic": [0.6476732492446899, 0.35225221514701843], "mood_happy": [0.1403868943452835, 0.840211808681488], "mood_party": [0.9736691117286682, 0.03233484551310539], "mood_relaxed": [0.020550431683659554, 0.9751119613647461], "mood_sad": [0.31520530581474304, 0.690824568271637]}