{"mood_acoustic": [0.6222196817398071, 0.35976240038871765], "mood_electronic": [0.29409316182136536, 0.6971153020858765], "mood_aggressive": [0.006450208369642496, 0.9934778809547424], "mood_relaxed": [0.10507562756538391, 0.8996295928955078], "mood_happy": [0.11219881474971771, 0.8830716609954834], "mood_sad": [0.07294837385416031, 0.9303828477859497], "mood_party": [0.9661974310874939, 0.037610527127981186]}