{"mood_acoustic": [0.2128264456987381, 0.787747859954834], "mood_electronic": [0.41660013794898987, 0.5882858633995056], "mood_aggressive": [0.08075745403766632, 0.9216322302818298], "mood_relaxed": [0.5589873194694519, 0.46104755997657776], "mood_happy": [0.813977837562561, 0.19130881130695343], "mood_sad": [0.5580748915672302, 0.45146748423576355], "mood_party": [0.25490063428878784, 0.7505089044570923]}