{"mood_acoustic": [0.5561776757240295, 0.4454696774482727], "mood_electronic": [0.3495616614818573, 0.6459413766860962], "mood_aggressive": [0.008925523608922958, 0.9921431541442871], "mood_relaxed": [0.06226397678256035, 0.93790203332901], "mood_happy": [0.20643922686576843, 0.7898129224777222], "mood_sad": [0.22773057222366333, 0.7804262042045593], "mood_party": [0.9573383331298828, 0.04678796976804733]}