{"mood_acoustic": [0.4750894606113434, 0.5491107106208801], "mood_electronic": [0.37689682841300964, 0.6262185573577881], "mood_aggressive": [0.0069948649033904076, 0.9937729239463806], "mood_relaxed": [0.05568191036581993, 0.943256139755249], "mood_happy": [0.1824261099100113, 0.8217730522155762], "mood_sad": [0.03934381529688835, 0.9612879753112793], "mood_party": [0.9678586721420288, 0.0386958047747612]}