{"mood_acoustic": [0.4206279218196869, 0.5770707726478577], "mood_aggressive": [0.19739490747451782, 0.8015879392623901], "mood_electronic": [0.23638366162776947, 0.7645077705383301], "mood_happy": [0.6433208584785461, 0.36028122901916504], "mood_party": [0.7808062434196472, 0.22282543778419495], "mood_relaxed": [0.573678731918335, 0.4426533281803131], "mood_sad": [0.4566081464290619, 0.5458258390426636]}