{"mood_acoustic": [0.30658888816833496, 0.6854943037033081], "mood_electronic": [0.6973700523376465, 0.3018052577972412], "mood_aggressive": [0.1306709200143814, 0.8682210445404053], "mood_relaxed": [0.2723903954029083, 0.7436264157295227], "mood_happy": [0.3162585496902466, 0.6757024526596069], "mood_sad": [0.4160095751285553, 0.5856192708015442], "mood_party": [0.8027389645576477, 0.2032732218503952]}