{"mood_acoustic": [0.6066636443138123, 0.37779465317726135], "mood_electronic": [0.6658632159233093, 0.3321356475353241], "mood_aggressive": [0.009001696482300758, 0.9898520708084106], "mood_relaxed": [0.0037365113385021687, 0.9951987266540527], "mood_happy": [0.002882273169234395, 0.9969051480293274], "mood_sad": [0.10254699736833572, 0.8991492986679077], "mood_party": [0.9940956234931946, 0.007812818512320518]}