{"mood_acoustic": [0.18635033071041107, 0.8261871337890625], "mood_electronic": [0.850433886051178, 0.16870597004890442], "mood_aggressive": [0.7555419206619263, 0.2366434782743454], "mood_relaxed": [0.1087150052189827, 0.8822256922721863], "mood_happy": [0.06735528260469437, 0.9253526329994202], "mood_sad": [0.8892204165458679, 0.11023469269275665], "mood_party": [0.9287037253379822, 0.09500975161790848]}