{"mood_acoustic": [0.06780707836151123, 0.931776762008667], "mood_aggressive": [0.33544883131980896, 0.6680266261100769], "mood_electronic": [0.9515511393547058, 0.046605184674263], "mood_happy": [0.5734774470329285, 0.44172218441963196], "mood_party": [0.1974860280752182, 0.8094138503074646], "mood_relaxed": [0.7971277832984924, 0.20947718620300293], "mood_sad": [0.8495328426361084, 0.14678315818309784]}