{"mood_acoustic": [0.3776513338088989, 0.6023908257484436], "mood_aggressive": [0.13376246392726898, 0.8655126094818115], "mood_electronic": [0.7294708490371704, 0.2723090946674347], "mood_happy": [0.16825909912586212, 0.8388851881027222], "mood_party": [0.8225445747375488, 0.1918879896402359], "mood_relaxed": [0.24879515171051025, 0.7580029964447021], "mood_sad": [0.6413882970809937, 0.36551421880722046]}