{"mood_acoustic": [0.22490662336349487, 0.7710815072059631], "mood_aggressive": [0.05800815299153328, 0.9421005249023438], "mood_electronic": [0.8807423710823059, 0.11877210438251495], "mood_happy": [0.45832201838493347, 0.5380629301071167], "mood_party": [0.7698137760162354, 0.24051964282989502], "mood_relaxed": [0.14182952046394348, 0.8631736040115356], "mood_sad": [0.5152032971382141, 0.4776492416858673]}