{"mood_acoustic": [0.9297851324081421, 0.06975121796131134], "mood_electronic": [0.08183301240205765, 0.9252607226371765], "mood_aggressive": [0.016086865216493607, 0.9848519563674927], "mood_relaxed": [0.16864146292209625, 0.8430130481719971], "mood_happy": [0.34292662143707275, 0.6408146023750305], "mood_sad": [0.297635018825531, 0.6863900423049927], "mood_party": [0.9526108503341675, 0.04973997175693512]}