{"mood_acoustic": [0.07220458984375, 0.9273220300674438], "mood_electronic": [0.31249716877937317, 0.6964607834815979], "mood_aggressive": [0.7904404997825623, 0.20858004689216614], "mood_relaxed": [0.9007362127304077, 0.10974878817796707], "mood_happy": [0.5209235548973083, 0.4805944859981537], "mood_sad": [0.8754485249519348, 0.12343967705965042], "mood_party": [0.4877699315547943, 0.5247469544410706]}