{"mood_acoustic": [0.5304982662200928, 0.46061259508132935], "mood_electronic": [0.33057332038879395, 0.6578050255775452], "mood_aggressive": [0.05115041136741638, 0.9512913227081299], "mood_relaxed": [0.4194781482219696, 0.6003710031509399], "mood_happy": [0.8162104487419128, 0.18013472855091095], "mood_sad": [0.6939855217933655, 0.31328085064888], "mood_party": [0.6959234476089478, 0.31866759061813354]}