{"mood_acoustic": [0.1129661425948143, 0.8462435603141785], "mood_electronic": [0.2773326337337494, 0.7436885833740234], "mood_aggressive": [0.8520264029502869, 0.1272123157978058], "mood_relaxed": [0.43822410702705383, 0.6368621587753296], "mood_happy": [0.2513510584831238, 0.698269248008728], "mood_sad": [0.826217532157898, 0.18544992804527283], "mood_party": [0.8019176125526428, 0.18813754618167877]}