{"mood_acoustic": [0.3396661877632141, 0.6682330369949341], "mood_electronic": [0.5246266722679138, 0.4883641004562378], "mood_aggressive": [0.02262524887919426, 0.9752944111824036], "mood_relaxed": [0.03732561320066452, 0.966328501701355], "mood_happy": [0.11555017530918121, 0.8764671087265015], "mood_sad": [0.31040236353874207, 0.7052977681159973], "mood_party": [0.9524000287055969, 0.055350061506032944]}