{"mood_acoustic": [0.9636831879615784, 0.038882896304130554], "mood_aggressive": [0.0015496917767450213, 0.9983614683151245], "mood_electronic": [0.020423656329512596, 0.9808512330055237], "mood_happy": [0.04182817041873932, 0.9592563509941101], "mood_party": [0.9879992604255676, 0.012147710658609867], "mood_relaxed": [0.028124304488301277, 0.9671144485473633], "mood_sad": [0.046395864337682724, 0.9527797698974609]}