{"mood_acoustic": [0.012327009811997414, 0.9881277680397034], "mood_aggressive": [0.585140585899353, 0.41207772493362427], "mood_electronic": [0.963253378868103, 0.037757277488708496], "mood_happy": [0.448551744222641, 0.5460408926010132], "mood_party": [0.08629042655229568, 0.9175747632980347], "mood_relaxed": [0.8673550486564636, 0.1368885487318039], "mood_sad": [0.9635753035545349, 0.03378228470683098]}