{"mood_acoustic": [0.10223149508237839, 0.9008979797363281], "mood_aggressive": [0.5421953201293945, 0.4431392252445221], "mood_electronic": [0.8177456855773926, 0.17796212434768677], "mood_happy": [0.5622743368148804, 0.41650182008743286], "mood_party": [0.24781516194343567, 0.7535001039505005], "mood_relaxed": [0.7603812217712402, 0.23344305157661438], "mood_sad": [0.8225036859512329, 0.17747929692268372]}