{"mood_acoustic": [0.9559229016304016, 0.046198636293411255], "mood_aggressive": [0.015384520404040813, 0.9831126928329468], "mood_electronic": [0.06825826317071915, 0.932868480682373], "mood_happy": [0.13095447421073914, 0.862988293170929], "mood_party": [0.9930570125579834, 0.00815223902463913], "mood_relaxed": [0.06058311089873314, 0.9431424140930176], "mood_sad": [0.149351105093956, 0.8513011932373047]}