{"mood_acoustic": [0.013710570521652699, 0.9864847660064697], "mood_electronic": [0.979794979095459, 0.020718568935990334], "mood_aggressive": [0.16971242427825928, 0.8302045464515686], "mood_relaxed": [0.9024379253387451, 0.10361926257610321], "mood_happy": [0.11151894181966782, 0.88387531042099], "mood_sad": [0.9904913306236267, 0.00926789827644825], "mood_party": [0.055528897792100906, 0.936864972114563]}