{"mood_acoustic": [0.17533254623413086, 0.828304648399353], "mood_electronic": [0.9195679426193237, 0.0818527564406395], "mood_aggressive": [0.08506260812282562, 0.9137879014015198], "mood_relaxed": [0.3080042004585266, 0.715914249420166], "mood_happy": [0.1847464144229889, 0.8274283409118652], "mood_sad": [0.5204175114631653, 0.48004135489463806], "mood_party": [0.6691605448722839, 0.32476282119750977]}