{"mood_acoustic": [0.09632705897092819, 0.9015592932701111], "mood_electronic": [0.7023119926452637, 0.30220165848731995], "mood_aggressive": [0.17166127264499664, 0.8306218385696411], "mood_relaxed": [0.20805054903030396, 0.7998124361038208], "mood_happy": [0.17745116353034973, 0.8239712119102478], "mood_sad": [0.5779727697372437, 0.43104541301727295], "mood_party": [0.7866272330284119, 0.2296101301908493]}