{"mood_acoustic": [0.023279475048184395, 0.9795224666595459], "mood_aggressive": [0.5227676033973694, 0.4790496826171875], "mood_electronic": [0.984943687915802, 0.01505363080650568], "mood_happy": [0.33845341205596924, 0.6521124243736267], "mood_party": [0.23126022517681122, 0.8092750310897827], "mood_relaxed": [0.7930804491043091, 0.2122671902179718], "mood_sad": [0.890786349773407, 0.11013679951429367]}