{"mood_acoustic": [0.10158350318670273, 0.9016726613044739], "mood_aggressive": [0.047626104205846786, 0.9515581727027893], "mood_electronic": [0.8743019700050354, 0.12796670198440552], "mood_happy": [0.04729585722088814, 0.9497527480125427], "mood_party": [0.9696611762046814, 0.035252343863248825], "mood_relaxed": [0.025650765746831894, 0.974576473236084], "mood_sad": [0.30803975462913513, 0.7031351923942566]}