{"mood_acoustic": [0.5144915580749512, 0.49821653962135315], "mood_electronic": [0.13769160211086273, 0.8585339188575745], "mood_aggressive": [0.006655058357864618, 0.9923877716064453], "mood_relaxed": [0.009207519702613354, 0.9881754517555237], "mood_happy": [0.031078780069947243, 0.9689486026763916], "mood_sad": [0.09241597354412079, 0.9142327904701233], "mood_party": [0.9820626974105835, 0.018611393868923187]}