{"mood_acoustic": [0.8235054612159729, 0.16459918022155762], "mood_electronic": [0.05353803187608719, 0.9428568482398987], "mood_aggressive": [0.012190895155072212, 0.9895374774932861], "mood_relaxed": [0.13696067035198212, 0.8763151168823242], "mood_happy": [0.15914960205554962, 0.8428542613983154], "mood_sad": [0.03380722552537918, 0.9676107168197632], "mood_party": [0.9712877869606018, 0.030449435114860535]}