{"mood_acoustic": [0.6304672956466675, 0.3618254065513611], "mood_aggressive": [0.020257307216525078, 0.9805748462677002], "mood_electronic": [0.4605392813682556, 0.5415148735046387], "mood_happy": [0.15464085340499878, 0.8401654362678528], "mood_party": [0.9277874827384949, 0.08065447211265564], "mood_relaxed": [0.1036677360534668, 0.8871054649353027], "mood_sad": [0.17593954503536224, 0.8237642049789429]}