{"mood_acoustic": [0.028510134667158127, 0.9701938033103943], "mood_electronic": [0.9460678696632385, 0.0578954815864563], "mood_aggressive": [0.013008431531488895, 0.9893640279769897], "mood_relaxed": [0.01704336330294609, 0.981038510799408], "mood_happy": [0.016513776034116745, 0.9826589822769165], "mood_sad": [0.44712895154953003, 0.552744448184967], "mood_party": [0.9717848896980286, 0.03110024705529213]}