{"mood_acoustic": [0.8925991654396057, 0.11438232660293579], "mood_aggressive": [0.004212219268083572, 0.9953770637512207], "mood_electronic": [0.1821276843547821, 0.8247441053390503], "mood_happy": [0.010441925376653671, 0.9885940551757812], "mood_party": [0.9953482151031494, 0.0052439323626458645], "mood_relaxed": [0.007901715114712715, 0.9906692504882812], "mood_sad": [0.012114123441278934, 0.9887953400611877]}