{"mood_acoustic": [0.325552761554718, 0.6745696663856506], "mood_electronic": [0.39071381092071533, 0.6290808916091919], "mood_aggressive": [0.23753158748149872, 0.7683355212211609], "mood_relaxed": [0.7428651452064514, 0.26243680715560913], "mood_happy": [0.7718912363052368, 0.23462332785129547], "mood_sad": [0.8607842922210693, 0.15065528452396393], "mood_party": [0.6378158330917358, 0.3483060896396637]}