{"mood_acoustic": [0.07163435965776443, 0.9273148775100708], "mood_aggressive": [0.2814696729183197, 0.720828115940094], "mood_electronic": [0.8974147439002991, 0.10121794044971466], "mood_happy": [0.6012144088745117, 0.38823404908180237], "mood_party": [0.20246517658233643, 0.7980982065200806], "mood_relaxed": [0.77629154920578, 0.23078708350658417], "mood_sad": [0.9584835171699524, 0.03979111090302467]}