{"mood_acoustic": [0.2277778536081314, 0.7623847723007202], "mood_aggressive": [0.5742167830467224, 0.41999927163124084], "mood_electronic": [0.042647115886211395, 0.9594438672065735], "mood_happy": [0.8103034496307373, 0.18429699540138245], "mood_party": [0.6040690541267395, 0.38734108209609985], "mood_relaxed": [0.8563797473907471, 0.1559859961271286], "mood_sad": [0.8208572268486023, 0.1802297830581665]}