{"mood_acoustic": [0.46439042687416077, 0.5247569680213928], "mood_electronic": [0.15215320885181427, 0.8439627289772034], "mood_aggressive": [0.36958128213882446, 0.6301478743553162], "mood_relaxed": [0.5431245565414429, 0.4539201855659485], "mood_happy": [0.4815967082977295, 0.5125473141670227], "mood_sad": [0.28739070892333984, 0.716594398021698], "mood_party": [0.9314418435096741, 0.07383216917514801]}