{"mood_acoustic": [0.6746094226837158, 0.3134499192237854], "mood_aggressive": [0.041901104152202606, 0.9648098945617676], "mood_electronic": [0.46576061844825745, 0.5298446416854858], "mood_happy": [0.25762438774108887, 0.7401660680770874], "mood_party": [0.9793775677680969, 0.023186376318335533], "mood_relaxed": [0.018762238323688507, 0.9799672961235046], "mood_sad": [0.30988478660583496, 0.694940984249115]}