{"mood_acoustic": [0.5655960440635681, 0.44062042236328125], "mood_aggressive": [0.6450685262680054, 0.33107390999794006], "mood_electronic": [0.5907931327819824, 0.4309036433696747], "mood_happy": [0.09974505007266998, 0.9234669208526611], "mood_party": [0.963923990726471, 0.03369354084134102], "mood_relaxed": [0.016762549057602882, 0.9846044182777405], "mood_sad": [0.5254272818565369, 0.48251649737358093]}