{"mood_acoustic": [0.25882190465927124, 0.7583834528923035], "mood_aggressive": [0.07635341584682465, 0.9227246642112732], "mood_electronic": [0.7322689890861511, 0.2608160376548767], "mood_happy": [0.05546465516090393, 0.9419052600860596], "mood_party": [0.9451576471328735, 0.05884191393852234], "mood_relaxed": [0.07245826721191406, 0.9302053451538086], "mood_sad": [0.1767638474702835, 0.8230816125869751]}