{"mood_acoustic": [0.7442231178283691, 0.2618776857852936], "mood_aggressive": [0.0016621171962469816, 0.997952938079834], "mood_electronic": [0.04182954505085945, 0.9492985010147095], "mood_happy": [0.0017304593930020928, 0.9982098937034607], "mood_party": [0.9961187839508057, 0.004146661143749952], "mood_relaxed": [0.0014882797840982676, 0.9966610074043274], "mood_sad": [0.10379417985677719, 0.8987818360328674]}