{"mood_acoustic": [0.11496038734912872, 0.8861522078514099], "mood_electronic": [0.8978738784790039, 0.1067744717001915], "mood_aggressive": [0.06322173029184341, 0.9426886439323425], "mood_relaxed": [0.32495880126953125, 0.684586226940155], "mood_happy": [0.45885372161865234, 0.538553774356842], "mood_sad": [0.7065455913543701, 0.28802838921546936], "mood_party": [0.6018081903457642, 0.4061366617679596]}