{"mood_acoustic": [0.03160947188735008, 0.9682670831680298], "mood_aggressive": [0.10152508318424225, 0.8969371318817139], "mood_electronic": [0.9445398449897766, 0.055293790996074677], "mood_happy": [0.35849419236183167, 0.6392102837562561], "mood_party": [0.5034820437431335, 0.4946306347846985], "mood_relaxed": [0.4258142113685608, 0.6052132844924927], "mood_sad": [0.659252941608429, 0.34614238142967224]}