{"mood_acoustic": [0.04205300286412239, 0.9613746404647827], "mood_aggressive": [0.2789771258831024, 0.7288423776626587], "mood_electronic": [0.991203784942627, 0.008604112081229687], "mood_happy": [0.4859066903591156, 0.5107240676879883], "mood_party": [0.11974162608385086, 0.8979621529579163], "mood_relaxed": [0.8601394295692444, 0.139356791973114], "mood_sad": [0.9502324461936951, 0.053306616842746735]}