{"mood_acoustic": [0.07758735865354538, 0.9256147742271423], "mood_aggressive": [0.626349925994873, 0.37492406368255615], "mood_electronic": [0.7787206172943115, 0.2373906522989273], "mood_happy": [0.2749101519584656, 0.7146672606468201], "mood_party": [0.3913522958755493, 0.6200010180473328], "mood_relaxed": [0.6442508697509766, 0.3645109534263611], "mood_sad": [0.9166266322135925, 0.08855821937322617]}