{"mood_acoustic": [0.1817278265953064, 0.8205829858779907], "mood_electronic": [0.6556766033172607, 0.34459584951400757], "mood_aggressive": [0.16676799952983856, 0.8176658749580383], "mood_relaxed": [0.5665541291236877, 0.4463753402233124], "mood_happy": [0.7709642648696899, 0.23108401894569397], "mood_sad": [0.7512599229812622, 0.23811422288417816], "mood_party": [0.4414485692977905, 0.5638339519500732]}