{"mood_acoustic": [0.17906513810157776, 0.8201248645782471], "mood_aggressive": [0.16812607645988464, 0.8380163311958313], "mood_electronic": [0.838424026966095, 0.16099224984645844], "mood_happy": [0.6085729002952576, 0.38624268770217896], "mood_party": [0.34993696212768555, 0.67548668384552], "mood_relaxed": [0.6438194513320923, 0.3706819713115692], "mood_sad": [0.6409176588058472, 0.3544701635837555]}