{"mood_acoustic": [0.005741927307099104, 0.9945392608642578], "mood_electronic": [0.9825806021690369, 0.018452292308211327], "mood_aggressive": [0.34814733266830444, 0.6463822722434998], "mood_relaxed": [0.8513275384902954, 0.168368861079216], "mood_happy": [0.37398865818977356, 0.6293900012969971], "mood_sad": [0.967890739440918, 0.0330122709274292], "mood_party": [0.1266518384218216, 0.8638914227485657]}