{"mood_acoustic": [0.16560982167720795, 0.8370223045349121], "mood_aggressive": [0.09382375329732895, 0.9099465608596802], "mood_electronic": [0.7388298511505127, 0.26460108160972595], "mood_happy": [0.17846663296222687, 0.8285006284713745], "mood_party": [0.930039644241333, 0.07528510689735413], "mood_relaxed": [0.12057709693908691, 0.8805311322212219], "mood_sad": [0.24990083277225494, 0.7527494430541992]}