{"mood_acoustic": [0.10241450369358063, 0.8973291516304016], "mood_aggressive": [0.1011064350605011, 0.902268648147583], "mood_electronic": [0.9700717926025391, 0.03128727525472641], "mood_happy": [0.20186598598957062, 0.793127715587616], "mood_party": [0.692439079284668, 0.33239954710006714], "mood_relaxed": [0.20484696328639984, 0.7904902696609497], "mood_sad": [0.7026670575141907, 0.2947036325931549]}