{"mood_acoustic": [0.8422587513923645, 0.16875287890434265], "mood_electronic": [0.21492239832878113, 0.7934555411338806], "mood_aggressive": [0.004330787807703018, 0.995786726474762], "mood_relaxed": [0.03587474673986435, 0.9636176824569702], "mood_happy": [0.08448588848114014, 0.9161672592163086], "mood_sad": [0.0627538338303566, 0.9368858337402344], "mood_party": [0.9818770885467529, 0.021259181201457977]}