{"mood_acoustic": [0.03239692002534866, 0.9671589732170105], "mood_aggressive": [0.37600046396255493, 0.6146600246429443], "mood_electronic": [0.9708723425865173, 0.030083132907748222], "mood_happy": [0.15899324417114258, 0.832577109336853], "mood_party": [0.2047080546617508, 0.7918543219566345], "mood_relaxed": [0.7562430500984192, 0.26637107133865356], "mood_sad": [0.9407088756561279, 0.06027993559837341]}