{"mood_acoustic": [0.06425417214632034, 0.9322198033332825], "mood_electronic": [0.231918066740036, 0.7682726979255676], "mood_aggressive": [0.7122025489807129, 0.2842794954776764], "mood_relaxed": [0.8910115361213684, 0.11721625179052353], "mood_happy": [0.5755786895751953, 0.4176216125488281], "mood_sad": [0.7631292343139648, 0.25130048394203186], "mood_party": [0.667192816734314, 0.3346365988254547]}