{"mood_acoustic": [0.0683952122926712, 0.932428240776062], "mood_aggressive": [0.446067214012146, 0.5503092408180237], "mood_electronic": [0.9307155609130859, 0.07162591069936752], "mood_happy": [0.44005462527275085, 0.5538383722305298], "mood_party": [0.1772223711013794, 0.8240334391593933], "mood_relaxed": [0.7937896251678467, 0.21328403055667877], "mood_sad": [0.8919723033905029, 0.10866755992174149]}