{"mood_acoustic": [0.3245972692966461, 0.6757059097290039], "mood_aggressive": [0.09281433373689651, 0.9021678566932678], "mood_electronic": [0.2976071238517761, 0.7007706761360168], "mood_happy": [0.8158227801322937, 0.19098547101020813], "mood_party": [0.7496795058250427, 0.2476883977651596], "mood_relaxed": [0.49422773718833923, 0.545981764793396], "mood_sad": [0.558147668838501, 0.44633474946022034]}