{"mood_acoustic": [0.01549229584634304, 0.9857032299041748], "mood_electronic": [0.9535183906555176, 0.04734572023153305], "mood_aggressive": [0.4215945303440094, 0.581851601600647], "mood_relaxed": [0.8099674582481384, 0.20488283038139343], "mood_happy": [0.7706284523010254, 0.23237000405788422], "mood_sad": [0.8910446763038635, 0.10998844355344772], "mood_party": [0.209755077958107, 0.8043801188468933]}