{"mood_acoustic": [0.29612892866134644, 0.7080146670341492], "mood_aggressive": [0.022708427160978317, 0.9776961803436279], "mood_electronic": [0.7631921768188477, 0.2415621429681778], "mood_happy": [0.13548250496387482, 0.8657082915306091], "mood_party": [0.9564581513404846, 0.049693770706653595], "mood_relaxed": [0.03709431365132332, 0.9613929390907288], "mood_sad": [0.24131342768669128, 0.7613698840141296]}