{"mood_acoustic": [0.3046218454837799, 0.6935110092163086], "mood_electronic": [0.6692239046096802, 0.3395012617111206], "mood_aggressive": [0.32485857605934143, 0.6747215390205383], "mood_relaxed": [0.2670454978942871, 0.7273461818695068], "mood_happy": [0.1475621610879898, 0.8499188423156738], "mood_sad": [0.5390011668205261, 0.4659569263458252], "mood_party": [0.8567344546318054, 0.15500611066818237]}