{"mood_acoustic": [0.47775042057037354, 0.5194971561431885], "mood_aggressive": [0.05252258852124214, 0.9462116360664368], "mood_electronic": [0.2871096432209015, 0.7136729955673218], "mood_happy": [0.6884547472000122, 0.31412792205810547], "mood_party": [0.8950524926185608, 0.10841690748929977], "mood_relaxed": [0.31061702966690063, 0.7083637714385986], "mood_sad": [0.28599563241004944, 0.7153206467628479]}