{"mood_acoustic": [0.7333664894104004, 0.2651481032371521], "mood_aggressive": [0.01685914769768715, 0.9830965995788574], "mood_electronic": [0.11295546591281891, 0.8881968855857849], "mood_happy": [0.281978040933609, 0.7204369306564331], "mood_party": [0.9279542565345764, 0.07527099549770355], "mood_relaxed": [0.21709884703159332, 0.7914179563522339], "mood_sad": [0.12927910685539246, 0.8689795732498169]}