{"mood_acoustic": [0.4828665256500244, 0.5144616365432739], "mood_electronic": [0.18566559255123138, 0.8163551092147827], "mood_aggressive": [0.06738891452550888, 0.9305276274681091], "mood_relaxed": [0.5958731770515442, 0.4310106337070465], "mood_happy": [0.8630343675613403, 0.13290192186832428], "mood_sad": [0.6010059118270874, 0.4087965190410614], "mood_party": [0.6475213170051575, 0.33829906582832336]}