{"mood_acoustic": [0.748845636844635, 0.21541336178779602], "mood_electronic": [0.03752630576491356, 0.9597601890563965], "mood_aggressive": [0.3852514922618866, 0.5968515872955322], "mood_relaxed": [0.6251383423805237, 0.38782188296318054], "mood_happy": [0.4329286515712738, 0.5435357093811035], "mood_sad": [0.18372514843940735, 0.8231004476547241], "mood_party": [0.9806100130081177, 0.022240562364459038]}