{"mood_acoustic": [0.011703000403940678, 0.9884759187698364], "mood_aggressive": [0.1683870404958725, 0.8397195339202881], "mood_electronic": [0.968839168548584, 0.031484633684158325], "mood_happy": [0.30097347497940063, 0.7226166129112244], "mood_party": [0.4173302948474884, 0.5615236163139343], "mood_relaxed": [0.5291274785995483, 0.5399764776229858], "mood_sad": [0.9223818778991699, 0.07654855400323868]}