{"mood_acoustic": [0.9267292022705078, 0.07882507145404816], "mood_aggressive": [0.003886075923219323, 0.9962263107299805], "mood_electronic": [0.03860507905483246, 0.9590965509414673], "mood_happy": [0.18276844918727875, 0.8228273391723633], "mood_party": [0.9811838865280151, 0.01865546964108944], "mood_relaxed": [0.09034507721662521, 0.9110151529312134], "mood_sad": [0.06376612186431885, 0.9379652142524719]}