{"mood_acoustic": [0.1870880275964737, 0.8154571652412415], "mood_electronic": [0.46556606888771057, 0.5665292739868164], "mood_aggressive": [0.3063037693500519, 0.7046709060668945], "mood_relaxed": [0.026001492515206337, 0.9658553600311279], "mood_happy": [0.021268073469400406, 0.9797416925430298], "mood_sad": [0.67699134349823, 0.3295210003852844], "mood_party": [0.9560006856918335, 0.050053175538778305]}