{"mood_acoustic": [0.13944929838180542, 0.8555867075920105], "mood_aggressive": [0.6163511872291565, 0.37792086601257324], "mood_electronic": [0.16641786694526672, 0.8384855389595032], "mood_happy": [0.6172800660133362, 0.37514567375183105], "mood_party": [0.7126619815826416, 0.3020535707473755], "mood_relaxed": [0.7704175114631653, 0.24787020683288574], "mood_sad": [0.6638564467430115, 0.33586958050727844]}