{"mood_acoustic": [0.15601053833961487, 0.8652692437171936], "mood_aggressive": [0.061918117105960846, 0.9396368861198425], "mood_electronic": [0.7347366809844971, 0.28892600536346436], "mood_happy": [0.25549623370170593, 0.74951171875], "mood_party": [0.9518090486526489, 0.04843538999557495], "mood_relaxed": [0.023399783298373222, 0.9801079034805298], "mood_sad": [0.25738000869750977, 0.7722045183181763]}