{"mood_acoustic": [0.6450090408325195, 0.3563843071460724], "mood_electronic": [0.14737378060817719, 0.8529226183891296], "mood_aggressive": [0.0049996026791632175, 0.9938611388206482], "mood_relaxed": [0.006441975943744183, 0.9905881285667419], "mood_happy": [0.006131072994321585, 0.9935490489006042], "mood_sad": [0.14337077736854553, 0.8613318204879761], "mood_party": [0.9907624125480652, 0.009215469472110271]}