{"mood_acoustic": [0.7591160535812378, 0.2502056658267975], "mood_aggressive": [0.004643292166292667, 0.9956916570663452], "mood_electronic": [0.21385018527507782, 0.7944944500923157], "mood_happy": [0.048290785402059555, 0.9465548396110535], "mood_party": [0.9936670660972595, 0.007166774943470955], "mood_relaxed": [0.009039442054927349, 0.9891897439956665], "mood_sad": [0.0358261801302433, 0.965390145778656]}