{"mood_acoustic": [0.09397456049919128, 0.9002344608306885], "mood_aggressive": [0.26050058007240295, 0.7420044541358948], "mood_electronic": [0.9161686897277832, 0.08565375208854675], "mood_happy": [0.48424240946769714, 0.5186850428581238], "mood_party": [0.6524732708930969, 0.3713761568069458], "mood_relaxed": [0.3209911286830902, 0.6868826746940613], "mood_sad": [0.6162054538726807, 0.38108518719673157]}