{"mood_acoustic": [0.1297450065612793, 0.8791961669921875], "mood_aggressive": [0.5014589428901672, 0.49196359515190125], "mood_electronic": [0.7677130699157715, 0.245540052652359], "mood_happy": [0.18636667728424072, 0.8080522418022156], "mood_party": [0.7774364948272705, 0.23816891014575958], "mood_relaxed": [0.2952287793159485, 0.6968688368797302], "mood_sad": [0.7904566526412964, 0.21160408854484558]}