{"mood_acoustic": [0.5092201828956604, 0.5174299478530884], "mood_aggressive": [0.03334209695458412, 0.960216760635376], "mood_electronic": [0.3076644241809845, 0.6587710976600647], "mood_happy": [0.16121287643909454, 0.8407301902770996], "mood_party": [0.9317889213562012, 0.0633886456489563], "mood_relaxed": [0.08428887277841568, 0.9265797138214111], "mood_sad": [0.15233923494815826, 0.8504557609558105]}