{"mood_acoustic": [0.12174868583679199, 0.8794823884963989], "mood_aggressive": [0.14830584824085236, 0.8557320833206177], "mood_electronic": [0.6334300637245178, 0.3629688024520874], "mood_happy": [0.3025082051753998, 0.6939343810081482], "mood_party": [0.7152556777000427, 0.3053551912307739], "mood_relaxed": [0.5314605832099915, 0.4705672264099121], "mood_sad": [0.35671764612197876, 0.6487557888031006]}