{"mood_acoustic": [0.07528404891490936, 0.9236351847648621], "mood_aggressive": [0.2525714039802551, 0.7459976673126221], "mood_electronic": [0.3508993685245514, 0.6515095829963684], "mood_happy": [0.8208497762680054, 0.19055768847465515], "mood_party": [0.09917966276407242, 0.9045237898826599], "mood_relaxed": [0.8180834054946899, 0.18577156960964203], "mood_sad": [0.8821436762809753, 0.1213492751121521]}