{"mood_acoustic": [0.31267204880714417, 0.6749504804611206], "mood_aggressive": [0.5399368405342102, 0.48411956429481506], "mood_electronic": [0.7026984691619873, 0.3304900825023651], "mood_happy": [0.03237966075539589, 0.9685181975364685], "mood_party": [0.9651916027069092, 0.04707848280668259], "mood_relaxed": [0.043364088982343674, 0.9669181704521179], "mood_sad": [0.491705060005188, 0.5407405495643616]}