{"mood_acoustic": [0.1692926585674286, 0.8328328132629395], "mood_electronic": [0.37602469325065613, 0.6259399652481079], "mood_aggressive": [0.17431475222110748, 0.8242116570472717], "mood_relaxed": [0.7762991189956665, 0.22841186821460724], "mood_happy": [0.7726396322250366, 0.23144087195396423], "mood_sad": [0.894707977771759, 0.10405213385820389], "mood_party": [0.20206347107887268, 0.8083047270774841]}