{"mood_acoustic": [0.5440303683280945, 0.46968263387680054], "mood_electronic": [0.46702373027801514, 0.5632620453834534], "mood_aggressive": [0.08691763877868652, 0.9097413420677185], "mood_relaxed": [0.014398314990103245, 0.9828014373779297], "mood_happy": [0.016652537509799004, 0.9825413227081299], "mood_sad": [0.40417104959487915, 0.599535346031189], "mood_party": [0.9711233973503113, 0.03149128332734108]}