{"mood_acoustic": [0.6335603594779968, 0.3934934139251709], "mood_aggressive": [0.025813721120357513, 0.973189115524292], "mood_electronic": [0.2853472828865051, 0.7230531573295593], "mood_happy": [0.05370132997632027, 0.9442623853683472], "mood_party": [0.9688099026679993, 0.03215780109167099], "mood_relaxed": [0.026194263249635696, 0.9724276661872864], "mood_sad": [0.12106223404407501, 0.8851726055145264]}