{"mood_acoustic": [0.7422264218330383, 0.25655773282051086], "mood_electronic": [0.23947183787822723, 0.7616366744041443], "mood_aggressive": [0.015417862683534622, 0.9843376278877258], "mood_relaxed": [0.21232841908931732, 0.7867163419723511], "mood_happy": [0.375558078289032, 0.6146396398544312], "mood_sad": [0.16054067015647888, 0.8380783200263977], "mood_party": [0.8919256329536438, 0.11335037648677826]}