{"mood_acoustic": [0.09732106328010559, 0.8935527801513672], "mood_aggressive": [0.11490459740161896, 0.8676313757896423], "mood_electronic": [0.2567216753959656, 0.7265828847885132], "mood_happy": [0.412629634141922, 0.621134340763092], "mood_party": [0.9802950620651245, 0.01685301959514618], "mood_relaxed": [0.012741899117827415, 0.9875928163528442], "mood_sad": [0.43944430351257324, 0.5980600714683533]}