{"mood_acoustic": [0.6142643690109253, 0.38485294580459595], "mood_electronic": [0.1351505070924759, 0.8687223196029663], "mood_aggressive": [0.06397879123687744, 0.9365415573120117], "mood_relaxed": [0.4797983765602112, 0.5189046263694763], "mood_happy": [0.7186560034751892, 0.27289143204689026], "mood_sad": [0.5099833011627197, 0.48525381088256836], "mood_party": [0.7413821816444397, 0.255112886428833]}