{"mood_acoustic": [0.4649086892604828, 0.5410224199295044], "mood_aggressive": [0.052202753722667694, 0.9430366158485413], "mood_electronic": [0.48171234130859375, 0.5382996797561646], "mood_happy": [0.21461792290210724, 0.7901037931442261], "mood_party": [0.968172550201416, 0.033324360847473145], "mood_relaxed": [0.04713781177997589, 0.9546266794204712], "mood_sad": [0.22172147035598755, 0.7835518717765808]}