{"mood_acoustic": [0.049102697521448135, 0.9536674618721008], "mood_electronic": [0.8690435886383057, 0.13617092370986938], "mood_aggressive": [0.5707359910011292, 0.44076454639434814], "mood_relaxed": [0.6335157155990601, 0.3812856078147888], "mood_happy": [0.08087434619665146, 0.9156804084777832], "mood_sad": [0.896956741809845, 0.10154149681329727], "mood_party": [0.36875349283218384, 0.634758710861206]}