{"mood_acoustic": [0.5326374173164368, 0.4617253839969635], "mood_aggressive": [0.13598695397377014, 0.8649886250495911], "mood_electronic": [0.6298630833625793, 0.37603768706321716], "mood_happy": [0.27318090200424194, 0.7172812223434448], "mood_party": [0.7620435953140259, 0.23949888348579407], "mood_relaxed": [0.16747598350048065, 0.8290429711341858], "mood_sad": [0.6879388689994812, 0.31368017196655273]}