{"mood_acoustic": [0.06090550124645233, 0.9390490651130676], "mood_electronic": [0.10781405866146088, 0.8916592597961426], "mood_aggressive": [0.9066275954246521, 0.09300776571035385], "mood_relaxed": [0.9376594424247742, 0.06206509843468666], "mood_happy": [0.3487299084663391, 0.6502699255943298], "mood_sad": [0.8954660892486572, 0.10408563911914825], "mood_party": [0.7370021343231201, 0.26766934990882874]}