{"mood_acoustic": [0.01648721843957901, 0.9829953908920288], "mood_electronic": [0.5671995282173157, 0.43666157126426697], "mood_aggressive": [0.9089275002479553, 0.08687577396631241], "mood_relaxed": [0.9470950961112976, 0.05771273747086525], "mood_happy": [0.5896514654159546, 0.40813568234443665], "mood_sad": [0.9607993960380554, 0.03969469293951988], "mood_party": [0.2780880928039551, 0.7254509925842285]}