{"mood_acoustic": [0.5012792348861694, 0.4933757781982422], "mood_aggressive": [0.1276305913925171, 0.8687347173690796], "mood_electronic": [0.6049208641052246, 0.3855530321598053], "mood_happy": [0.0648827999830246, 0.9312038421630859], "mood_party": [0.9722341299057007, 0.0393681600689888], "mood_relaxed": [0.048601049929857254, 0.9583121538162231], "mood_sad": [0.3087827265262604, 0.7131283283233643]}