{"mood_acoustic": [0.3395279049873352, 0.6779962182044983], "mood_electronic": [0.4632849097251892, 0.5434394478797913], "mood_aggressive": [0.15846452116966248, 0.8347973823547363], "mood_relaxed": [0.061193253844976425, 0.9317341446876526], "mood_happy": [0.13623787462711334, 0.8603814840316772], "mood_sad": [0.42192819714546204, 0.5886614322662354], "mood_party": [0.891550600528717, 0.11685614287853241]}