{"mood_acoustic": [0.8045501708984375, 0.20937149226665497], "mood_electronic": [0.09302449226379395, 0.8902890682220459], "mood_aggressive": [0.004172579385340214, 0.994257390499115], "mood_relaxed": [0.009129331447184086, 0.9886276125907898], "mood_happy": [0.01204077247530222, 0.9874845743179321], "mood_sad": [0.3429175913333893, 0.6619964241981506], "mood_party": [0.9890096783638, 0.010880602523684502]}