{"mood_acoustic": [0.13506944477558136, 0.8627873659133911], "mood_electronic": [0.6470053791999817, 0.33790138363838196], "mood_aggressive": [0.12099840492010117, 0.8842945694923401], "mood_relaxed": [0.4613684117794037, 0.5867661833763123], "mood_happy": [0.39178282022476196, 0.6013790965080261], "mood_sad": [0.6200421452522278, 0.39836329221725464], "mood_party": [0.6832621693611145, 0.328503280878067]}