{"mood_acoustic": [0.5188781023025513, 0.4639796018600464], "mood_aggressive": [0.13843604922294617, 0.8646240830421448], "mood_electronic": [0.7245532274246216, 0.2775490880012512], "mood_happy": [0.22856613993644714, 0.7689337730407715], "mood_party": [0.8214634656906128, 0.19659146666526794], "mood_relaxed": [0.15250256657600403, 0.841697633266449], "mood_sad": [0.7072112560272217, 0.29322853684425354]}