{"mood_acoustic": [0.7132298946380615, 0.28153344988822937], "mood_electronic": [0.4252341091632843, 0.5893113613128662], "mood_aggressive": [0.01067156158387661, 0.9883860945701599], "mood_relaxed": [0.00654899887740612, 0.9913920164108276], "mood_happy": [0.03223559260368347, 0.9633241295814514], "mood_sad": [0.07178471982479095, 0.9317617416381836], "mood_party": [0.9948291778564453, 0.006172466091811657]}