{"mood_acoustic": [0.4737594425678253, 0.5191428065299988], "mood_electronic": [0.7389412522315979, 0.2662014663219452], "mood_aggressive": [0.043378930538892746, 0.9600239396095276], "mood_relaxed": [0.03589154779911041, 0.9617568850517273], "mood_happy": [0.11897880584001541, 0.8782272934913635], "mood_sad": [0.2709428369998932, 0.738239586353302], "mood_party": [0.9579509496688843, 0.04360103979706764]}