{"mood_acoustic": [0.030304206535220146, 0.9685811996459961], "mood_aggressive": [0.1502189338207245, 0.8471379280090332], "mood_electronic": [0.9599375128746033, 0.03947049379348755], "mood_happy": [0.25536635518074036, 0.7405574917793274], "mood_party": [0.517544686794281, 0.4813733398914337], "mood_relaxed": [0.419676274061203, 0.5945231914520264], "mood_sad": [0.8799748420715332, 0.1176915243268013]}