{"mood_acoustic": [0.8604956269264221, 0.13873226940631866], "mood_aggressive": [0.03620264679193497, 0.9638674259185791], "mood_electronic": [0.1126137301325798, 0.8862917423248291], "mood_happy": [0.6649746894836426, 0.3340926170349121], "mood_party": [0.9103364944458008, 0.09212718158960342], "mood_relaxed": [0.27779293060302734, 0.7347471117973328], "mood_sad": [0.582362174987793, 0.422816663980484]}