{"mood_acoustic": [0.017274945974349976, 0.9824257493019104], "mood_electronic": [0.9504733085632324, 0.05101800709962845], "mood_aggressive": [0.24973765015602112, 0.7613250017166138], "mood_relaxed": [0.7241300344467163, 0.2955981492996216], "mood_happy": [0.33591270446777344, 0.6627606153488159], "mood_sad": [0.8537619113922119, 0.148151695728302], "mood_party": [0.3899179995059967, 0.6057251691818237]}