{"mood_acoustic": [0.23987901210784912, 0.7717798948287964], "mood_aggressive": [0.03347575664520264, 0.9688599705696106], "mood_electronic": [0.6853134632110596, 0.3318842351436615], "mood_happy": [0.2927187383174896, 0.708135187625885], "mood_party": [0.9272665977478027, 0.07990949600934982], "mood_relaxed": [0.08611732721328735, 0.9260897636413574], "mood_sad": [0.25624892115592957, 0.7473782300949097]}