{"mood_acoustic": [0.46538880467414856, 0.5387693643569946], "mood_electronic": [0.47370004653930664, 0.5377790927886963], "mood_aggressive": [0.20685406029224396, 0.790854811668396], "mood_relaxed": [0.10199697315692902, 0.9019577503204346], "mood_happy": [0.12809602916240692, 0.8664401173591614], "mood_sad": [0.317143976688385, 0.6937934756278992], "mood_party": [0.9101349711418152, 0.10553775727748871]}