{"mood_acoustic": [0.9677283763885498, 0.031334973871707916], "mood_electronic": [0.028074711561203003, 0.9720931053161621], "mood_aggressive": [0.00100719032343477, 0.9990156888961792], "mood_relaxed": [0.0456191785633564, 0.9568786025047302], "mood_happy": [0.033531464636325836, 0.9656347632408142], "mood_sad": [0.03763791173696518, 0.9609306454658508], "mood_party": [0.9963171482086182, 0.003874519607052207]}