{"mood_acoustic": [0.007533997297286987, 0.9928752779960632], "mood_electronic": [0.9828276038169861, 0.017136206850409508], "mood_aggressive": [0.13042984902858734, 0.862834632396698], "mood_relaxed": [0.8362089991569519, 0.17175984382629395], "mood_happy": [0.30246368050575256, 0.6992104649543762], "mood_sad": [0.9601821303367615, 0.03990934416651726], "mood_party": [0.0959395095705986, 0.8969539403915405]}