{"mood_acoustic": [0.05175276845693588, 0.9521005153656006], "mood_electronic": [0.43526777625083923, 0.5635339021682739], "mood_aggressive": [0.6819256544113159, 0.31268566846847534], "mood_relaxed": [0.8123217821121216, 0.2008645087480545], "mood_happy": [0.5499956607818604, 0.4554632604122162], "mood_sad": [0.7627766728401184, 0.24195915460586548], "mood_party": [0.5798484683036804, 0.41075944900512695]}