{"mood_acoustic": [0.03128908574581146, 0.9688383340835571], "mood_electronic": [0.971063494682312, 0.030784446746110916], "mood_aggressive": [0.3374778926372528, 0.6481381058692932], "mood_relaxed": [0.8514442443847656, 0.15523108839988708], "mood_happy": [0.08359608799219131, 0.9082008600234985], "mood_sad": [0.9673857092857361, 0.03323209658265114], "mood_party": [0.12395337969064713, 0.8692256808280945]}