{"mood_acoustic": [0.1766972541809082, 0.8267359733581543], "mood_electronic": [0.7905611991882324, 0.21121342480182648], "mood_aggressive": [0.1491103619337082, 0.8453018665313721], "mood_relaxed": [0.13082897663116455, 0.8721928596496582], "mood_happy": [0.16042029857635498, 0.8400985598564148], "mood_sad": [0.44527700543403625, 0.5519850254058838], "mood_party": [0.9172444939613342, 0.09318424761295319]}