{"mood_acoustic": [0.4905075430870056, 0.5081465244293213], "mood_aggressive": [0.07021385431289673, 0.933153510093689], "mood_electronic": [0.39351221919059753, 0.6213831901550293], "mood_happy": [0.7818464636802673, 0.205014169216156], "mood_party": [0.6036549210548401, 0.39600637555122375], "mood_relaxed": [0.6141969561576843, 0.38525548577308655], "mood_sad": [0.7874311804771423, 0.20559890568256378]}