{"mood_acoustic": [0.4114516079425812, 0.6051314473152161], "mood_aggressive": [0.01515429187566042, 0.9819349646568298], "mood_electronic": [0.15407583117485046, 0.8393917083740234], "mood_happy": [0.028522908687591553, 0.9699389934539795], "mood_party": [0.9805580377578735, 0.020260058343410492], "mood_relaxed": [0.02368098311126232, 0.9745088219642639], "mood_sad": [0.04942777752876282, 0.95795077085495]}