{"mood_acoustic": [0.060465626418590546, 0.9376525282859802], "mood_electronic": [0.9628304839134216, 0.03755534440279007], "mood_aggressive": [0.10348986834287643, 0.8989608287811279], "mood_relaxed": [0.2730534076690674, 0.7429537773132324], "mood_happy": [0.0941789373755455, 0.8992953896522522], "mood_sad": [0.7125186920166016, 0.2871205508708954], "mood_party": [0.669159471988678, 0.34681326150894165]}