{"mood_acoustic": [0.10909492522478104, 0.8844360709190369], "mood_aggressive": [0.02973962388932705, 0.9708419442176819], "mood_electronic": [0.8780980706214905, 0.12680228054523468], "mood_happy": [0.29383066296577454, 0.6973130702972412], "mood_party": [0.5836598873138428, 0.403102844953537], "mood_relaxed": [0.35293659567832947, 0.6642027497291565], "mood_sad": [0.7236175537109375, 0.28481703996658325]}