{"mood_acoustic": [0.9846559762954712, 0.01617787964642048], "mood_aggressive": [0.0013644490391016006, 0.9986266493797302], "mood_electronic": [0.1009230762720108, 0.8958418369293213], "mood_happy": [0.022109052166342735, 0.9767974615097046], "mood_party": [0.9963657259941101, 0.004259966779500246], "mood_relaxed": [0.014694245532155037, 0.9842302203178406], "mood_sad": [0.04400456324219704, 0.9587426781654358]}