{"mood_acoustic": [0.08204106241464615, 0.9188408851623535], "mood_aggressive": [0.6400991082191467, 0.3602292835712433], "mood_electronic": [0.8938390612602234, 0.10623133182525635], "mood_happy": [0.40545427799224854, 0.6002964377403259], "mood_party": [0.18249820172786713, 0.8231455683708191], "mood_relaxed": [0.7616485953330994, 0.24097786843776703], "mood_sad": [0.9149392247200012, 0.08352330327033997]}