{"mood_acoustic": [0.012356547638773918, 0.9878041744232178], "mood_aggressive": [0.9826210141181946, 0.016110744327306747], "mood_electronic": [0.07520214468240738, 0.9219452738761902], "mood_happy": [0.1368008553981781, 0.8625952005386353], "mood_party": [0.7600000500679016, 0.2601364850997925], "mood_relaxed": [0.9684544205665588, 0.030151356011629105], "mood_sad": [0.9436670541763306, 0.0577310174703598]}