{"mood_acoustic": [0.0068711512722074986, 0.9943660497665405], "mood_electronic": [0.995117723941803, 0.004278839565813541], "mood_aggressive": [0.8462803363800049, 0.16419999301433563], "mood_relaxed": [0.9392002820968628, 0.047625601291656494], "mood_happy": [0.5823392868041992, 0.4106043577194214], "mood_sad": [0.9703091382980347, 0.02876826748251915], "mood_party": [0.04043110832571983, 0.9592376947402954]}