{"mood_acoustic": [0.6323346495628357, 0.39219120144844055], "mood_aggressive": [0.0075340233743190765, 0.9937092065811157], "mood_electronic": [0.3286779522895813, 0.6813837289810181], "mood_happy": [0.020305771380662918, 0.9796889424324036], "mood_party": [0.9913555383682251, 0.007568462751805782], "mood_relaxed": [0.010965511202812195, 0.9892973303794861], "mood_sad": [0.036837734282016754, 0.9669608473777771]}