{"mood_acoustic": [0.2888927161693573, 0.7306246757507324], "mood_aggressive": [0.6649366021156311, 0.3303578197956085], "mood_electronic": [0.6909043192863464, 0.3467389941215515], "mood_happy": [0.02297108620405197, 0.9748063087463379], "mood_party": [0.9741920232772827, 0.03587733581662178], "mood_relaxed": [0.042402662336826324, 0.9559105634689331], "mood_sad": [0.8876863718032837, 0.1171138659119606]}