{"mood_acoustic": [0.08481397479772568, 0.898928701877594], "mood_aggressive": [0.864121675491333, 0.1329389214515686], "mood_electronic": [0.25110724568367004, 0.759158194065094], "mood_happy": [0.1878671944141388, 0.811307430267334], "mood_party": [0.7847533822059631, 0.22538553178310394], "mood_relaxed": [0.7227559685707092, 0.27966803312301636], "mood_sad": [0.9236413240432739, 0.07756650447845459]}