{"mood_acoustic": [0.6221217513084412, 0.38177719712257385], "mood_electronic": [0.1640007197856903, 0.8388994336128235], "mood_aggressive": [0.017809079959988594, 0.9830173850059509], "mood_relaxed": [0.4077732563018799, 0.6055735349655151], "mood_happy": [0.7439141869544983, 0.2557704746723175], "mood_sad": [0.302118718624115, 0.7140328288078308], "mood_party": [0.8513498306274414, 0.15699827671051025]}