{"mood_acoustic": [0.013647889718413353, 0.9870380163192749], "mood_aggressive": [0.6709073185920715, 0.3102550506591797], "mood_electronic": [0.9316280484199524, 0.06796544045209885], "mood_happy": [0.8991808891296387, 0.1041313037276268], "mood_party": [0.04470164701342583, 0.9512525796890259], "mood_relaxed": [0.9289001822471619, 0.0699995830655098], "mood_sad": [0.9920603036880493, 0.007950734347105026]}