{"mood_acoustic": [0.41067758202552795, 0.5835541486740112], "mood_aggressive": [0.07305946946144104, 0.9256290197372437], "mood_electronic": [0.2940087914466858, 0.7078446745872498], "mood_happy": [0.8383186459541321, 0.16596196591854095], "mood_party": [0.7432900071144104, 0.2795674800872803], "mood_relaxed": [0.3866799473762512, 0.6392099261283875], "mood_sad": [0.667658805847168, 0.3516789376735687]}