{"mood_acoustic": [0.4409230649471283, 0.5587277412414551], "mood_electronic": [0.6071609854698181, 0.39435768127441406], "mood_aggressive": [0.20604276657104492, 0.790191113948822], "mood_relaxed": [0.09241797029972076, 0.9105074405670166], "mood_happy": [0.2148815244436264, 0.7719765901565552], "mood_sad": [0.442579984664917, 0.5741516947746277], "mood_party": [0.8973809480667114, 0.11473117768764496]}