{"mood_acoustic": [0.9732626676559448, 0.026003552600741386], "mood_electronic": [0.040651384741067886, 0.9621131420135498], "mood_aggressive": [0.009431281127035618, 0.9904846549034119], "mood_relaxed": [0.09491892158985138, 0.9119951128959656], "mood_happy": [0.38584062457084656, 0.6206060647964478], "mood_sad": [0.22342535853385925, 0.7645976543426514], "mood_party": [0.9772089123725891, 0.02453603409230709]}