{"mood_acoustic": [0.46516183018684387, 0.5629755258560181], "mood_electronic": [0.2659655809402466, 0.7333858013153076], "mood_aggressive": [0.00881536677479744, 0.9905112981796265], "mood_relaxed": [0.011881683021783829, 0.9859983921051025], "mood_happy": [0.014593537896871567, 0.9845868349075317], "mood_sad": [0.07570017129182816, 0.9268046617507935], "mood_party": [0.9775635004043579, 0.024229746311903]}