{"mood_acoustic": [0.23235464096069336, 0.7772015333175659], "mood_aggressive": [0.2076098918914795, 0.7887871265411377], "mood_electronic": [0.7124037146568298, 0.30459609627723694], "mood_happy": [0.006877658888697624, 0.9923362135887146], "mood_party": [0.9752572178840637, 0.03386266157031059], "mood_relaxed": [0.024659184738993645, 0.9720321297645569], "mood_sad": [0.5213612914085388, 0.48060619831085205]}