{"mood_acoustic": [0.004204539116472006, 0.9962518215179443], "mood_aggressive": [0.6408818960189819, 0.35243168473243713], "mood_electronic": [0.9932243227958679, 0.007157072424888611], "mood_happy": [0.34294694662094116, 0.6496790051460266], "mood_party": [0.07441652566194534, 0.9230695366859436], "mood_relaxed": [0.9113388061523438, 0.09519794583320618], "mood_sad": [0.9885597825050354, 0.01090275403112173]}