{"mood_acoustic": [0.32482174038887024, 0.6906126141548157], "mood_electronic": [0.3067203760147095, 0.7122629880905151], "mood_aggressive": [0.03446757420897484, 0.9637442231178284], "mood_relaxed": [0.011001487262547016, 0.9849546551704407], "mood_happy": [0.032902367413043976, 0.9644428491592407], "mood_sad": [0.25638172030448914, 0.7486652135848999], "mood_party": [0.9715532064437866, 0.03210022673010826]}