{"mood_acoustic": [0.21368597447872162, 0.7814497947692871], "mood_aggressive": [0.4552150368690491, 0.5502133369445801], "mood_electronic": [0.4473561942577362, 0.5628021359443665], "mood_happy": [0.7709599733352661, 0.2231416553258896], "mood_party": [0.2872487008571625, 0.7159725427627563], "mood_relaxed": [0.8475714325904846, 0.15611988306045532], "mood_sad": [0.8907291293144226, 0.11013275384902954]}