{"mood_acoustic": [0.0941813662648201, 0.906755805015564], "mood_electronic": [0.5101370811462402, 0.49851951003074646], "mood_aggressive": [0.36800840497016907, 0.629185676574707], "mood_relaxed": [0.8735315799713135, 0.137537881731987], "mood_happy": [0.7998337149620056, 0.19573205709457397], "mood_sad": [0.9125511646270752, 0.08701208978891373], "mood_party": [0.27148374915122986, 0.7187086343765259]}