{"mood_acoustic": [0.1165224090218544, 0.8821079730987549], "mood_aggressive": [0.6226024627685547, 0.3641725182533264], "mood_electronic": [0.3859627842903137, 0.6192152500152588], "mood_happy": [0.3625890612602234, 0.6291163563728333], "mood_party": [0.7169878482818604, 0.2841525971889496], "mood_relaxed": [0.7252523303031921, 0.27397972345352173], "mood_sad": [0.7571203112602234, 0.23916694521903992]}