{"mood_acoustic": [0.331307053565979, 0.6774437427520752], "mood_aggressive": [0.5441742539405823, 0.45216384530067444], "mood_electronic": [0.10858502238988876, 0.8990411162376404], "mood_happy": [0.8224894404411316, 0.17626230418682098], "mood_party": [0.7202017307281494, 0.2570308744907379], "mood_relaxed": [0.7743338346481323, 0.23250366747379303], "mood_sad": [0.6924815773963928, 0.31041666865348816]}