{"mood_acoustic": [0.4950229823589325, 0.49652180075645447], "mood_electronic": [0.15419767796993256, 0.8498209714889526], "mood_aggressive": [0.19556419551372528, 0.8073303699493408], "mood_relaxed": [0.410687655210495, 0.5872689485549927], "mood_happy": [0.354757159948349, 0.6435375213623047], "mood_sad": [0.309006929397583, 0.6902610659599304], "mood_party": [0.8885828256607056, 0.11451945453882217]}