{"mood_acoustic": [0.40917375683784485, 0.5993679761886597], "mood_electronic": [0.3007635474205017, 0.7081512212753296], "mood_aggressive": [0.07100810110569, 0.9306467771530151], "mood_relaxed": [0.4760856032371521, 0.5123323202133179], "mood_happy": [0.7842366099357605, 0.21499577164649963], "mood_sad": [0.6549625396728516, 0.34702786803245544], "mood_party": [0.6950778961181641, 0.31922340393066406]}