{"mood_acoustic": [0.7309802174568176, 0.26730695366859436], "mood_electronic": [0.5910272598266602, 0.4147157371044159], "mood_aggressive": [0.04616208001971245, 0.9525820016860962], "mood_relaxed": [0.009116766043007374, 0.9892678260803223], "mood_happy": [0.02087886817753315, 0.9754745960235596], "mood_sad": [0.22851715981960297, 0.7750136852264404], "mood_party": [0.98572838306427, 0.018018823117017746]}