{"mood_acoustic": [0.5220797061920166, 0.5171136856079102], "mood_electronic": [0.19681666791439056, 0.8099095225334167], "mood_aggressive": [0.005003155209124088, 0.9947324395179749], "mood_relaxed": [0.0071961358189582825, 0.9912077188491821], "mood_happy": [0.013915329240262508, 0.984298050403595], "mood_sad": [0.04049123451113701, 0.9640907645225525], "mood_party": [0.9832387566566467, 0.017837166786193848]}