{"mood_acoustic": [0.8216586112976074, 0.1531221717596054], "mood_aggressive": [0.04283592104911804, 0.9575082063674927], "mood_electronic": [0.07309048622846603, 0.9238324165344238], "mood_happy": [0.30045419931411743, 0.6791054010391235], "mood_party": [0.977583110332489, 0.027052560821175575], "mood_relaxed": [0.28200358152389526, 0.709800124168396], "mood_sad": [0.1860591173171997, 0.8118128180503845]}