{"mood_acoustic": [0.8488418459892273, 0.15553666651248932], "mood_aggressive": [0.0008290381520055234, 0.9991983771324158], "mood_electronic": [0.1120443120598793, 0.8967342972755432], "mood_happy": [0.003727108472958207, 0.9960606098175049], "mood_party": [0.994376003742218, 0.0051636239513754845], "mood_relaxed": [0.0034033264964818954, 0.9948323965072632], "mood_sad": [0.028428222984075546, 0.9721382260322571]}