{"mood_acoustic": [0.2646174728870392, 0.7278069257736206], "mood_electronic": [0.09459155797958374, 0.9068323373794556], "mood_aggressive": [0.4009738862514496, 0.6004905104637146], "mood_relaxed": [0.7246761322021484, 0.28742602467536926], "mood_happy": [0.6118408441543579, 0.3821437954902649], "mood_sad": [0.5339301228523254, 0.46819260716438293], "mood_party": [0.7911051511764526, 0.20663422346115112]}