{"mood_acoustic": [0.02686387673020363, 0.9727680683135986], "mood_electronic": [0.9581332802772522, 0.04053026810288429], "mood_aggressive": [0.18422164022922516, 0.803245484828949], "mood_relaxed": [0.5573645234107971, 0.46411171555519104], "mood_happy": [0.3773566782474518, 0.6283372640609741], "mood_sad": [0.6654195785522461, 0.3401041626930237], "mood_party": [0.4639851152896881, 0.5666080713272095]}