{"mood_acoustic": [0.4151824712753296, 0.5844953656196594], "mood_electronic": [0.7438729405403137, 0.26086634397506714], "mood_aggressive": [0.006919089239090681, 0.9932082295417786], "mood_relaxed": [0.027677347883582115, 0.9697861075401306], "mood_happy": [0.15672658383846283, 0.8354802131652832], "mood_sad": [0.08928565680980682, 0.9115956425666809], "mood_party": [0.9545438885688782, 0.05709003284573555]}