{"mood_acoustic": [0.9875788688659668, 0.013537290506064892], "mood_aggressive": [0.00232582981698215, 0.9978452920913696], "mood_electronic": [0.02193739265203476, 0.9779788255691528], "mood_happy": [0.07295086979866028, 0.9314488172531128], "mood_party": [0.9943855404853821, 0.006520196795463562], "mood_relaxed": [0.051416195929050446, 0.9500425457954407], "mood_sad": [0.09233272820711136, 0.9045172333717346]}