{"mood_acoustic": [0.16511234641075134, 0.8317511081695557], "mood_aggressive": [0.13969576358795166, 0.861552357673645], "mood_electronic": [0.8254433274269104, 0.1836683452129364], "mood_happy": [0.46668586134910583, 0.5362934470176697], "mood_party": [0.46093085408210754, 0.5413862466812134], "mood_relaxed": [0.43134671449661255, 0.580135703086853], "mood_sad": [0.7257356643676758, 0.27360790967941284]}