{"mood_acoustic": [0.9319119453430176, 0.08391546458005905], "mood_aggressive": [0.0011132904328405857, 0.9987919330596924], "mood_electronic": [0.02840074896812439, 0.9734541177749634], "mood_happy": [0.00419586431235075, 0.9956014156341553], "mood_party": [0.9943109750747681, 0.00546930730342865], "mood_relaxed": [0.003580148098990321, 0.9928519129753113], "mood_sad": [0.13728155195713043, 0.859637975692749]}