{"mood_acoustic": [0.43364083766937256, 0.5658041834831238], "mood_aggressive": [0.20109383761882782, 0.7990440130233765], "mood_electronic": [0.7017413377761841, 0.31505852937698364], "mood_happy": [0.3514409363269806, 0.6337077617645264], "mood_party": [0.848981499671936, 0.15690375864505768], "mood_relaxed": [0.2585996389389038, 0.7283217906951904], "mood_sad": [0.5940305590629578, 0.3929218053817749]}