{"mood_acoustic": [0.04461342468857765, 0.9532802104949951], "mood_electronic": [0.9103728532791138, 0.09365541487932205], "mood_aggressive": [0.025941183790564537, 0.9753790497779846], "mood_relaxed": [0.15393663942813873, 0.8579804301261902], "mood_happy": [0.16130194067955017, 0.827472448348999], "mood_sad": [0.556032121181488, 0.449750155210495], "mood_party": [0.8410581350326538, 0.16390584409236908]}