{"mood_acoustic": [0.9723007082939148, 0.029835248365998268], "mood_electronic": [0.03734130412340164, 0.9640071988105774], "mood_aggressive": [0.0018758801743388176, 0.99828040599823], "mood_relaxed": [0.061686329543590546, 0.9381489157676697], "mood_happy": [0.11045427620410919, 0.894015371799469], "mood_sad": [0.07202371954917908, 0.9281023144721985], "mood_party": [0.9893936514854431, 0.01169823482632637]}