{"mood_acoustic": [0.18021497130393982, 0.8174711465835571], "mood_electronic": [0.22733968496322632, 0.7787598371505737], "mood_aggressive": [0.43621712923049927, 0.5658801198005676], "mood_relaxed": [0.8459153771400452, 0.15568849444389343], "mood_happy": [0.8035053610801697, 0.18999028205871582], "mood_sad": [0.7534074783325195, 0.2492683082818985], "mood_party": [0.5197254419326782, 0.46220964193344116]}