{"mood_acoustic": [0.35531389713287354, 0.657148003578186], "mood_electronic": [0.2265765368938446, 0.7896670699119568], "mood_aggressive": [0.01448450144380331, 0.9827106595039368], "mood_relaxed": [0.012453828938305378, 0.9850931167602539], "mood_happy": [0.021380025893449783, 0.9777690768241882], "mood_sad": [0.22785866260528564, 0.7856213450431824], "mood_party": [0.981925904750824, 0.021349046379327774]}