{"mood_acoustic": [0.4276880919933319, 0.5859001278877258], "mood_aggressive": [0.010103996843099594, 0.9887365698814392], "mood_electronic": [0.2834698557853699, 0.7279788851737976], "mood_happy": [0.011407640762627125, 0.9876220226287842], "mood_party": [0.9870548248291016, 0.01506615336984396], "mood_relaxed": [0.0050250450149178505, 0.9931666851043701], "mood_sad": [0.10977358371019363, 0.8962074518203735]}