{"mood_acoustic": [0.10272447019815445, 0.8982069492340088], "mood_aggressive": [0.24975083768367767, 0.7430679202079773], "mood_electronic": [0.8501129150390625, 0.15392784774303436], "mood_happy": [0.1460581123828888, 0.8493440747261047], "mood_party": [0.7492387294769287, 0.24718868732452393], "mood_relaxed": [0.1899266391992569, 0.7980838418006897], "mood_sad": [0.7951558232307434, 0.20695309340953827]}