{"mood_acoustic": [0.431450217962265, 0.5780482888221741], "mood_aggressive": [0.005126506090164185, 0.9937176704406738], "mood_electronic": [0.17859569191932678, 0.8348041772842407], "mood_happy": [0.011308175511658192, 0.9887025952339172], "mood_party": [0.9880071878433228, 0.013183696195483208], "mood_relaxed": [0.008119841106235981, 0.9900935292243958], "mood_sad": [0.08708548545837402, 0.9161232113838196]}