{"mood_acoustic": [0.11084528267383575, 0.9045835733413696], "mood_aggressive": [0.04829370230436325, 0.9506843090057373], "mood_electronic": [0.8233018517494202, 0.18600529432296753], "mood_happy": [0.050326451659202576, 0.9410403370857239], "mood_party": [0.9541710615158081, 0.05912547931075096], "mood_relaxed": [0.01699133962392807, 0.9800980091094971], "mood_sad": [0.7100736498832703, 0.32544752955436707]}