{"mood_acoustic": [0.10673081874847412, 0.8906790018081665], "mood_electronic": [0.8716356158256531, 0.12419899553060532], "mood_aggressive": [0.06990998238325119, 0.9271515607833862], "mood_relaxed": [0.4964592456817627, 0.5257865190505981], "mood_happy": [0.532677173614502, 0.44702497124671936], "mood_sad": [0.8319161534309387, 0.16910098493099213], "mood_party": [0.48348596692085266, 0.5348144173622131]}