{"mood_acoustic": [0.07113001495599747, 0.9289113283157349], "mood_aggressive": [0.15560628473758698, 0.8361946940422058], "mood_electronic": [0.5007501840591431, 0.4962266981601715], "mood_happy": [0.8461478352546692, 0.15538237988948822], "mood_party": [0.33260634541511536, 0.667427659034729], "mood_relaxed": [0.6873141527175903, 0.3223561942577362], "mood_sad": [0.7430253624916077, 0.2508353292942047]}