{"mood_acoustic": [0.0571308396756649, 0.942807674407959], "mood_aggressive": [0.5691320896148682, 0.4358454942703247], "mood_electronic": [0.6740784049034119, 0.3309558928012848], "mood_happy": [0.40049973130226135, 0.5975048542022705], "mood_party": [0.5533412098884583, 0.45101428031921387], "mood_relaxed": [0.7778714299201965, 0.23424217104911804], "mood_sad": [0.942809522151947, 0.05986827611923218]}