{"mood_acoustic": [0.5408425331115723, 0.45182034373283386], "mood_aggressive": [0.006733190268278122, 0.9939485788345337], "mood_electronic": [0.17806437611579895, 0.8187282085418701], "mood_happy": [0.24047201871871948, 0.7340974807739258], "mood_party": [0.979387640953064, 0.023081952705979347], "mood_relaxed": [0.0811908096075058, 0.9173685312271118], "mood_sad": [0.08699148148298264, 0.9188872575759888]}