{"mood_acoustic": [0.972517728805542, 0.024518558755517006], "mood_aggressive": [0.010355180129408836, 0.9891945123672485], "mood_electronic": [0.04179263859987259, 0.9625242352485657], "mood_happy": [0.2765566408634186, 0.7257509231567383], "mood_party": [0.9713253378868103, 0.033344291150569916], "mood_relaxed": [0.12322289496660233, 0.8798735737800598], "mood_sad": [0.1906372606754303, 0.8056138753890991]}