{"mood_acoustic": [0.4713876247406006, 0.5574442744255066], "mood_electronic": [0.13998229801654816, 0.8655763864517212], "mood_aggressive": [0.022985409945249557, 0.9780418872833252], "mood_relaxed": [0.010442962870001793, 0.9879261255264282], "mood_happy": [0.025481348857283592, 0.9721727967262268], "mood_sad": [0.08081021904945374, 0.92794269323349], "mood_party": [0.9818615913391113, 0.017608685418963432]}