{"mood_acoustic": [0.07498417049646378, 0.9243111610412598], "mood_aggressive": [0.3083778917789459, 0.6802725791931152], "mood_electronic": [0.8920564651489258, 0.10494468361139297], "mood_happy": [0.34478068351745605, 0.6666743755340576], "mood_party": [0.28864699602127075, 0.7152833938598633], "mood_relaxed": [0.6816438436508179, 0.3239385783672333], "mood_sad": [0.7638515830039978, 0.23578597605228424]}