{"mood_acoustic": [0.13860712945461273, 0.8561832904815674], "mood_electronic": [0.8288464546203613, 0.1712968796491623], "mood_aggressive": [0.08866335451602936, 0.9166603088378906], "mood_relaxed": [0.2711390256881714, 0.7369892597198486], "mood_happy": [0.23451513051986694, 0.7690234184265137], "mood_sad": [0.6207290887832642, 0.3677602708339691], "mood_party": [0.7813567519187927, 0.23541884124279022]}