{"mood_acoustic": [0.07239625602960587, 0.9266825914382935], "mood_aggressive": [0.10043526440858841, 0.8933524489402771], "mood_electronic": [0.906950831413269, 0.09310533851385117], "mood_happy": [0.5435863137245178, 0.4800099730491638], "mood_party": [0.6081952452659607, 0.4306570887565613], "mood_relaxed": [0.25917643308639526, 0.7350445985794067], "mood_sad": [0.3525356948375702, 0.6549939513206482]}