{"mood_acoustic": [0.04475932568311691, 0.9554968476295471], "mood_electronic": [0.32283446192741394, 0.6781165599822998], "mood_aggressive": [0.7003896236419678, 0.3031451404094696], "mood_relaxed": [0.9056233763694763, 0.10166973620653152], "mood_happy": [0.3991057574748993, 0.5965911149978638], "mood_sad": [0.9121261239051819, 0.08823103457689285], "mood_party": [0.5847362279891968, 0.43034324049949646]}