{"mood_acoustic": [0.18548911809921265, 0.8158789873123169], "mood_electronic": [0.20016202330589294, 0.8098395466804504], "mood_aggressive": [0.4245382249355316, 0.5678080320358276], "mood_relaxed": [0.8650053143501282, 0.1490641087293625], "mood_happy": [0.9406871795654297, 0.06049450486898422], "mood_sad": [0.879711925983429, 0.11983467638492584], "mood_party": [0.39937230944633484, 0.5650985836982727]}