{"mood_acoustic": [0.9316566586494446, 0.06795575469732285], "mood_aggressive": [0.029131850227713585, 0.9696043133735657], "mood_electronic": [0.042142175137996674, 0.9573822021484375], "mood_happy": [0.556758463382721, 0.44778379797935486], "mood_party": [0.9470629096031189, 0.05260464549064636], "mood_relaxed": [0.31431683897972107, 0.699798047542572], "mood_sad": [0.3176226317882538, 0.6838119626045227]}