{"mood_acoustic": [0.49603521823883057, 0.49444136023521423], "mood_electronic": [0.5360909700393677, 0.46354272961616516], "mood_aggressive": [0.04791170731186867, 0.9510173797607422], "mood_relaxed": [0.07763716578483582, 0.9222279787063599], "mood_happy": [0.12371363490819931, 0.869845449924469], "mood_sad": [0.18721036612987518, 0.8183896541595459], "mood_party": [0.9600585103034973, 0.04257020726799965]}