{"mood_acoustic": [0.0056729926727712154, 0.9948797821998596], "mood_electronic": [0.9833575487136841, 0.01611991785466671], "mood_aggressive": [0.46084651350975037, 0.5329225659370422], "mood_relaxed": [0.8525007963180542, 0.15063761174678802], "mood_happy": [0.2853422164916992, 0.7118639349937439], "mood_sad": [0.9699345231056213, 0.02866394817829132], "mood_party": [0.1207544282078743, 0.8855800032615662]}