{"mood_acoustic": [0.690258800983429, 0.33890557289123535], "mood_aggressive": [0.0018261740915477276, 0.9981578588485718], "mood_electronic": [0.24133217334747314, 0.7816420793533325], "mood_happy": [0.003646395169198513, 0.9961998462677002], "mood_party": [0.9871573448181152, 0.01285574585199356], "mood_relaxed": [0.004943400155752897, 0.9933478236198425], "mood_sad": [0.040019866079092026, 0.9606180787086487]}