{"mood_acoustic": [0.1705700159072876, 0.8259931206703186], "mood_electronic": [0.2838985323905945, 0.7212432622909546], "mood_aggressive": [0.5721548795700073, 0.42514464259147644], "mood_relaxed": [0.6771043539047241, 0.3308083415031433], "mood_happy": [0.6312870383262634, 0.36372801661491394], "mood_sad": [0.6864097714424133, 0.3081808090209961], "mood_party": [0.6795427203178406, 0.3345726728439331]}