{"mood_acoustic": [0.055539295077323914, 0.9440611004829407], "mood_electronic": [0.8892270922660828, 0.1186833381652832], "mood_aggressive": [0.13515658676624298, 0.8663041591644287], "mood_relaxed": [0.6907253265380859, 0.3052722215652466], "mood_happy": [0.507322371006012, 0.4924023747444153], "mood_sad": [0.8328942060470581, 0.16098247468471527], "mood_party": [0.2572469413280487, 0.752343475818634]}