{"mood_acoustic": [0.4923434555530548, 0.5035853385925293], "mood_aggressive": [0.01072081271559, 0.9897817373275757], "mood_electronic": [0.6918597221374512, 0.3013066351413727], "mood_happy": [0.01236009132117033, 0.987302839756012], "mood_party": [0.9871509671211243, 0.013862783089280128], "mood_relaxed": [0.008917187340557575, 0.9898884296417236], "mood_sad": [0.11022794246673584, 0.8928643465042114]}