{"mood_acoustic": [0.0809418186545372, 0.9157745838165283], "mood_electronic": [0.8742573261260986, 0.12800799310207367], "mood_aggressive": [0.37208548188209534, 0.6226640343666077], "mood_relaxed": [0.47249212861061096, 0.5385762453079224], "mood_happy": [0.3257017433643341, 0.663705050945282], "mood_sad": [0.6903630495071411, 0.3081560432910919], "mood_party": [0.5963485836982727, 0.4256129562854767]}