{"mood_acoustic": [0.7265866994857788, 0.27173078060150146], "mood_aggressive": [0.018884195014834404, 0.9812336564064026], "mood_electronic": [0.24989810585975647, 0.7420660853385925], "mood_happy": [0.3196519911289215, 0.6727048754692078], "mood_party": [0.9484682083129883, 0.06143420189619064], "mood_relaxed": [0.06763345748186111, 0.9286859631538391], "mood_sad": [0.12779521942138672, 0.8723345398902893]}