{"mood_acoustic": [0.08545836806297302, 0.916741669178009], "mood_electronic": [0.8051607608795166, 0.1938108205795288], "mood_aggressive": [0.09472132474184036, 0.9086666107177734], "mood_relaxed": [0.07154227048158646, 0.935916006565094], "mood_happy": [0.17183133959770203, 0.8317272663116455], "mood_sad": [0.4742565155029297, 0.5367366671562195], "mood_party": [0.9202450513839722, 0.08474565297365189]}