{"mood_acoustic": [0.0063871354795992374, 0.9944617748260498], "mood_electronic": [0.9838417172431946, 0.01631138287484646], "mood_aggressive": [0.34170305728912354, 0.6618639826774597], "mood_relaxed": [0.9572226405143738, 0.043964192271232605], "mood_happy": [0.3988172709941864, 0.6137313842773438], "mood_sad": [0.9783380627632141, 0.021065009757876396], "mood_party": [0.024681225419044495, 0.9717864990234375]}