{"mood_acoustic": [0.6280386447906494, 0.36000385880470276], "mood_aggressive": [0.008992685936391354, 0.9908636212348938], "mood_electronic": [0.7114931344985962, 0.2841975688934326], "mood_happy": [0.0030927080661058426, 0.9968786835670471], "mood_party": [0.9935358762741089, 0.007375014945864677], "mood_relaxed": [0.005608530715107918, 0.9939066767692566], "mood_sad": [0.059176184237003326, 0.943668007850647]}