{"mood_acoustic": [0.13579243421554565, 0.8862234950065613], "mood_electronic": [0.6373752951622009, 0.38517582416534424], "mood_aggressive": [0.4246668517589569, 0.5647289752960205], "mood_relaxed": [0.07010774314403534, 0.9110685586929321], "mood_happy": [0.04022159054875374, 0.9559273719787598], "mood_sad": [0.642619252204895, 0.35976991057395935], "mood_party": [0.9192092418670654, 0.08314047008752823]}