{"mood_acoustic": [0.051146186888217926, 0.9484332799911499], "mood_aggressive": [0.8347983956336975, 0.1664702296257019], "mood_electronic": [0.21874356269836426, 0.7901595234870911], "mood_happy": [0.45250171422958374, 0.551127552986145], "mood_party": [0.5112214684486389, 0.5131880044937134], "mood_relaxed": [0.9190928339958191, 0.08733544498682022], "mood_sad": [0.9177656173706055, 0.08032729476690292]}