{"mood_acoustic": [0.699562668800354, 0.29093027114868164], "mood_aggressive": [0.03824492543935776, 0.9600704908370972], "mood_electronic": [0.5273416042327881, 0.45462411642074585], "mood_happy": [0.011142931878566742, 0.9867475628852844], "mood_party": [0.9885994791984558, 0.016487479209899902], "mood_relaxed": [0.02601955085992813, 0.9758403301239014], "mood_sad": [0.2916863262653351, 0.7188871502876282]}