{"mood_acoustic": [0.1963893473148346, 0.8188437223434448], "mood_aggressive": [0.03849980980157852, 0.9563575387001038], "mood_electronic": [0.25235480070114136, 0.7440066933631897], "mood_happy": [0.14989617466926575, 0.8549732565879822], "mood_party": [0.9920724630355835, 0.008753485977649689], "mood_relaxed": [0.010618054307997227, 0.9890066385269165], "mood_sad": [0.08769159764051437, 0.9268022179603577]}