{"mood_acoustic": [0.1564081311225891, 0.8457314372062683], "mood_aggressive": [0.16259442269802094, 0.8271019458770752], "mood_electronic": [0.7004706859588623, 0.31785181164741516], "mood_happy": [0.06711249053478241, 0.929546594619751], "mood_party": [0.9388337731361389, 0.07029832154512405], "mood_relaxed": [0.03464933857321739, 0.9635462760925293], "mood_sad": [0.6562241315841675, 0.3524433970451355]}