{"mood_acoustic": [0.11425581574440002, 0.887967586517334], "mood_aggressive": [0.3932529389858246, 0.5968976020812988], "mood_electronic": [0.9275493025779724, 0.0703452080488205], "mood_happy": [0.24014462530612946, 0.761083722114563], "mood_party": [0.17837190628051758, 0.8163422346115112], "mood_relaxed": [0.7602912783622742, 0.251973420381546], "mood_sad": [0.9254043698310852, 0.07190640270709991]}