{"mood_acoustic": [0.030156690627336502, 0.9700217843055725], "mood_aggressive": [0.32753410935401917, 0.6580679416656494], "mood_electronic": [0.9766084551811218, 0.0239812433719635], "mood_happy": [0.35192495584487915, 0.6604674458503723], "mood_party": [0.07984078675508499, 0.9098546504974365], "mood_relaxed": [0.9007232189178467, 0.10854030400514603], "mood_sad": [0.9697099328041077, 0.03166722133755684]}