{"mood_acoustic": [0.9930964708328247, 0.0068915956653654575], "mood_electronic": [0.03540859743952751, 0.9657012224197388], "mood_aggressive": [0.0016402362380176783, 0.9985156059265137], "mood_relaxed": [0.017287366092205048, 0.9816417098045349], "mood_happy": [0.02623780071735382, 0.9744390249252319], "mood_sad": [0.0312894769012928, 0.9676299691200256], "mood_party": [0.9962441325187683, 0.004181562457233667]}