{"mood_acoustic": [0.029384132474660873, 0.9707602262496948], "mood_aggressive": [0.35427266359329224, 0.630465567111969], "mood_electronic": [0.926874041557312, 0.07531344145536423], "mood_happy": [0.5567671656608582, 0.4276827573776245], "mood_party": [0.15119123458862305, 0.8430302143096924], "mood_relaxed": [0.8156262636184692, 0.18834127485752106], "mood_sad": [0.9728502631187439, 0.02530498057603836]}