{"mood_acoustic": [0.2914002239704132, 0.6992872357368469], "mood_aggressive": [0.048636842519044876, 0.9525095820426941], "mood_electronic": [0.8723220229148865, 0.13143989443778992], "mood_happy": [0.04855741932988167, 0.9533773064613342], "mood_party": [0.9641685485839844, 0.04171152412891388], "mood_relaxed": [0.027502279728651047, 0.9711407423019409], "mood_sad": [0.18960802257061005, 0.8146908283233643]}