{"mood_acoustic": [0.35496485233306885, 0.6422364115715027], "mood_electronic": [0.7842297554016113, 0.21604374051094055], "mood_aggressive": [0.020880548283457756, 0.9801316857337952], "mood_relaxed": [0.08516877889633179, 0.9114190340042114], "mood_happy": [0.21911638975143433, 0.7741205096244812], "mood_sad": [0.22922299802303314, 0.7720560431480408], "mood_party": [0.8730272054672241, 0.1387396901845932]}