{"mood_acoustic": [0.8589928150177002, 0.14722365140914917], "mood_aggressive": [0.029009196907281876, 0.9706893563270569], "mood_electronic": [0.10975716263055801, 0.8993929624557495], "mood_happy": [0.49749696254730225, 0.4771958291530609], "mood_party": [0.934680700302124, 0.06743812561035156], "mood_relaxed": [0.20303106307983398, 0.8034881949424744], "mood_sad": [0.3919430375099182, 0.5993661284446716]}