{"mood_acoustic": [0.2753002643585205, 0.7240935564041138], "mood_aggressive": [0.04239645227789879, 0.9569661617279053], "mood_electronic": [0.6612429618835449, 0.34707462787628174], "mood_happy": [0.5509321689605713, 0.4456382393836975], "mood_party": [0.8319312930107117, 0.1881689429283142], "mood_relaxed": [0.20616260170936584, 0.7868553400039673], "mood_sad": [0.3172435164451599, 0.6675560474395752]}