{"mood_acoustic": [0.09600812196731567, 0.9087215065956116], "mood_aggressive": [0.33879536390304565, 0.6596840023994446], "mood_electronic": [0.6531202793121338, 0.34888163208961487], "mood_happy": [0.7298264503479004, 0.2721102237701416], "mood_party": [0.535090446472168, 0.43886396288871765], "mood_relaxed": [0.6618937253952026, 0.3598509132862091], "mood_sad": [0.6641111969947815, 0.3446524441242218]}