{"mood_acoustic": [0.3686426877975464, 0.6321685314178467], "mood_electronic": [0.21919746696949005, 0.7811523079872131], "mood_aggressive": [0.39513251185417175, 0.5993402004241943], "mood_relaxed": [0.5925754308700562, 0.4166005551815033], "mood_happy": [0.5468506813049316, 0.4529312551021576], "mood_sad": [0.5038735866546631, 0.49678149819374084], "mood_party": [0.7548509240150452, 0.2357560247182846]}