{"mood_acoustic": [0.822715699672699, 0.17168369889259338], "mood_electronic": [0.20295977592468262, 0.799360990524292], "mood_aggressive": [0.011762713082134724, 0.9887813925743103], "mood_relaxed": [0.1331184208393097, 0.879747211933136], "mood_happy": [0.2655094861984253, 0.7242255210876465], "mood_sad": [0.08365046977996826, 0.9127543568611145], "mood_party": [0.9513406157493591, 0.050435975193977356]}