{"mood_acoustic": [0.9605717658996582, 0.042122792452573776], "mood_electronic": [0.06819912791252136, 0.9365257024765015], "mood_aggressive": [0.009355064481496811, 0.9904974102973938], "mood_relaxed": [0.03306550532579422, 0.9635300636291504], "mood_happy": [0.05852564051747322, 0.9438512325286865], "mood_sad": [0.035413920879364014, 0.9676830768585205], "mood_party": [0.9890223741531372, 0.013835686258971691]}