{"mood_acoustic": [0.315568745136261, 0.6845800280570984], "mood_aggressive": [0.08716317266225815, 0.9061774015426636], "mood_electronic": [0.619377076625824, 0.3803744614124298], "mood_happy": [0.5639427900314331, 0.4507753849029541], "mood_party": [0.4874882400035858, 0.5253260135650635], "mood_relaxed": [0.4757232666015625, 0.5370990633964539], "mood_sad": [0.5663127899169922, 0.42523929476737976]}