{"mood_acoustic": [0.06158570200204849, 0.9366298317909241], "mood_aggressive": [0.06856632232666016, 0.9375084638595581], "mood_electronic": [0.9316655993461609, 0.07392644882202148], "mood_happy": [0.24634309113025665, 0.7587048411369324], "mood_party": [0.7719845175743103, 0.22811876237392426], "mood_relaxed": [0.18040022253990173, 0.8194158673286438], "mood_sad": [0.7029089331626892, 0.288120836019516]}