{"mood_acoustic": [0.06467167288064957, 0.9340915083885193], "mood_electronic": [0.9100518822669983, 0.09237921983003616], "mood_aggressive": [0.37307918071746826, 0.6238898634910583], "mood_relaxed": [0.8419539332389832, 0.16419805586338043], "mood_happy": [0.3843148350715637, 0.6035131216049194], "mood_sad": [0.968365490436554, 0.029988184571266174], "mood_party": [0.13651937246322632, 0.8610789775848389]}