{"mood_acoustic": [0.13026265799999237, 0.8594323992729187], "mood_aggressive": [0.07632678747177124, 0.912238359451294], "mood_electronic": [0.3384031355381012, 0.6380486488342285], "mood_happy": [0.6307673454284668, 0.3797963261604309], "mood_party": [0.9033266305923462, 0.09601857513189316], "mood_relaxed": [0.06513157486915588, 0.9287337064743042], "mood_sad": [0.5357958078384399, 0.47534480690956116]}