{"mood_acoustic": [0.030943969264626503, 0.9693868160247803], "mood_electronic": [0.9502723217010498, 0.05180677771568298], "mood_aggressive": [0.5190768837928772, 0.46685290336608887], "mood_relaxed": [0.7797076106071472, 0.22953364253044128], "mood_happy": [0.4225890338420868, 0.5693671703338623], "mood_sad": [0.9368224740028381, 0.0620088092982769], "mood_party": [0.2492288053035736, 0.7525792121887207]}