{"mood_acoustic": [0.002861791057512164, 0.9975735545158386], "mood_aggressive": [0.78440922498703, 0.22781994938850403], "mood_electronic": [0.992156982421875, 0.007474939338862896], "mood_happy": [0.512324333190918, 0.5005471706390381], "mood_party": [0.11525710672140121, 0.8934791684150696], "mood_relaxed": [0.8944352865219116, 0.10788416862487793], "mood_sad": [0.9767661690711975, 0.022010376676917076]}