{"mood_acoustic": [0.030971188098192215, 0.9728245735168457], "mood_electronic": [0.6621567606925964, 0.33689916133880615], "mood_aggressive": [0.4694274365901947, 0.5292248725891113], "mood_relaxed": [0.4973265826702118, 0.5137386322021484], "mood_happy": [0.11528424173593521, 0.8840650916099548], "mood_sad": [0.5656962990760803, 0.419656902551651], "mood_party": [0.7081298232078552, 0.32503193616867065]}