{"mood_acoustic": [0.9145182371139526, 0.08190268278121948], "mood_aggressive": [0.031084243208169937, 0.9685513973236084], "mood_electronic": [0.25059881806373596, 0.7429714798927307], "mood_happy": [0.12468715757131577, 0.8655836582183838], "mood_party": [0.9716811180114746, 0.03352270647883415], "mood_relaxed": [0.03322731330990791, 0.9645506143569946], "mood_sad": [0.313622385263443, 0.7033106088638306]}