{"mood_acoustic": [0.008951210416853428, 0.9921768307685852], "mood_aggressive": [0.46457913517951965, 0.5330139994621277], "mood_electronic": [0.9647325277328491, 0.035774972289800644], "mood_happy": [0.71188884973526, 0.2906639277935028], "mood_party": [0.05095844715833664, 0.9525902271270752], "mood_relaxed": [0.891984224319458, 0.11029370874166489], "mood_sad": [0.8374582529067993, 0.15584653615951538]}