{"mood_acoustic": [0.0037859808653593063, 0.9965347647666931], "mood_electronic": [0.9902924299240112, 0.009882540442049503], "mood_aggressive": [0.7154346704483032, 0.2646130323410034], "mood_relaxed": [0.9402937889099121, 0.061806388199329376], "mood_happy": [0.11312175542116165, 0.8714393973350525], "mood_sad": [0.9951983690261841, 0.00498204817995429], "mood_party": [0.04648476466536522, 0.9521130323410034]}