{"mood_acoustic": [0.03914831951260567, 0.9614448547363281], "mood_electronic": [0.9391798377037048, 0.06069720908999443], "mood_aggressive": [0.34260350465774536, 0.6525371670722961], "mood_relaxed": [0.5662242770195007, 0.4419734477996826], "mood_happy": [0.3742212951183319, 0.6126754283905029], "mood_sad": [0.7996765971183777, 0.1987014263868332], "mood_party": [0.35490307211875916, 0.642525315284729]}