{"mood_acoustic": [0.005970487836748362, 0.9948283433914185], "mood_aggressive": [0.6395995020866394, 0.37266653776168823], "mood_electronic": [0.9825537800788879, 0.015060010366141796], "mood_happy": [0.7158104777336121, 0.2919081747531891], "mood_party": [0.16851413249969482, 0.8313428163528442], "mood_relaxed": [0.8132079839706421, 0.14444980025291443], "mood_sad": [0.9464185833930969, 0.05377411097288132]}