{"mood_acoustic": [0.14584919810295105, 0.8650677800178528], "mood_aggressive": [0.20509371161460876, 0.7937679886817932], "mood_electronic": [0.6759729385375977, 0.33198022842407227], "mood_happy": [0.09601336717605591, 0.9012451171875], "mood_party": [0.8608668446540833, 0.13662925362586975], "mood_relaxed": [0.11823979765176773, 0.8838009834289551], "mood_sad": [0.4910854995250702, 0.5220807194709778]}