{"mood_acoustic": [0.7491024136543274, 0.2542589604854584], "mood_aggressive": [0.007989631034433842, 0.9890835285186768], "mood_electronic": [0.03852919489145279, 0.9569114446640015], "mood_happy": [0.005359752103686333, 0.9942165613174438], "mood_party": [0.9896767735481262, 0.009613512083888054], "mood_relaxed": [0.015351877547800541, 0.9832697510719299], "mood_sad": [0.059031836688518524, 0.9445902705192566]}