{"mood_acoustic": [0.07607583701610565, 0.9215649962425232], "mood_aggressive": [0.15638841688632965, 0.8402034640312195], "mood_electronic": [0.32889828085899353, 0.6554884910583496], "mood_happy": [0.8008754253387451, 0.20501194894313812], "mood_party": [0.14798855781555176, 0.855312168598175], "mood_relaxed": [0.7086904048919678, 0.29778364300727844], "mood_sad": [0.7113450765609741, 0.29236409068107605]}