{"mood_acoustic": [0.01166680920869112, 0.9904085397720337], "mood_aggressive": [0.7503564357757568, 0.2521699368953705], "mood_electronic": [0.964046835899353, 0.03612380847334862], "mood_happy": [0.5401666164398193, 0.46142634749412537], "mood_party": [0.17261457443237305, 0.8181241750717163], "mood_relaxed": [0.8223510980606079, 0.16953252255916595], "mood_sad": [0.8705629110336304, 0.13723598420619965]}