{"mood_acoustic": [0.9462227821350098, 0.06383190304040909], "mood_aggressive": [0.18336181342601776, 0.8944852948188782], "mood_electronic": [0.11527244746685028, 0.9049219489097595], "mood_happy": [0.2836299538612366, 0.6690908670425415], "mood_party": [0.928126335144043, 0.12492801994085312], "mood_relaxed": [0.46189549565315247, 0.4432229697704315], "mood_sad": [0.05199406296014786, 0.9543721079826355]}