{"mood_acoustic": [0.8978357911109924, 0.09572708606719971], "mood_electronic": [0.06072384491562843, 0.9414666295051575], "mood_aggressive": [0.032657746225595474, 0.9644466042518616], "mood_relaxed": [0.15236401557922363, 0.8366457223892212], "mood_happy": [0.10784286260604858, 0.8815160989761353], "mood_sad": [0.2496391385793686, 0.7506002187728882], "mood_party": [0.9826151132583618, 0.01701316051185131]}