{"mood_acoustic": [0.11054636538028717, 0.8859178423881531], "mood_electronic": [0.9182458519935608, 0.08178047835826874], "mood_aggressive": [0.14549967646598816, 0.8549966812133789], "mood_relaxed": [0.16620618104934692, 0.825954794883728], "mood_happy": [0.08125197142362595, 0.9160664081573486], "mood_sad": [0.5289555191993713, 0.47985658049583435], "mood_party": [0.8166121244430542, 0.2117687463760376]}