{"mood_acoustic": [0.04573488608002663, 0.9529605507850647], "mood_aggressive": [0.6737996339797974, 0.3300393521785736], "mood_electronic": [0.29621538519859314, 0.7076259255409241], "mood_happy": [0.585577666759491, 0.4287918508052826], "mood_party": [0.5677950382232666, 0.4495033323764801], "mood_relaxed": [0.8804216980934143, 0.12827247381210327], "mood_sad": [0.7683544754981995, 0.24430200457572937]}