{"mood_acoustic": [0.004181781783699989, 0.9965696334838867], "mood_aggressive": [0.6489725708961487, 0.35551249980926514], "mood_electronic": [0.9942644238471985, 0.00549123901873827], "mood_happy": [0.2839933931827545, 0.712665855884552], "mood_party": [0.03155319392681122, 0.9692566394805908], "mood_relaxed": [0.9461575746536255, 0.05302546173334122], "mood_sad": [0.9885407090187073, 0.010106753557920456]}