{"mood_acoustic": [0.989865243434906, 0.010142292827367783], "mood_electronic": [0.02336159721016884, 0.9777264595031738], "mood_aggressive": [0.0015942170284688473, 0.9984731674194336], "mood_relaxed": [0.035661328583955765, 0.9627617597579956], "mood_happy": [0.04304298758506775, 0.9554641842842102], "mood_sad": [0.10157972574234009, 0.8954960107803345], "mood_party": [0.9963129758834839, 0.0039045261219143867]}