{"mood_acoustic": [0.7036229372024536, 0.2984357178211212], "mood_aggressive": [0.08552730083465576, 0.9094714522361755], "mood_electronic": [0.11368276178836823, 0.8887487053871155], "mood_happy": [0.6716126203536987, 0.32701462507247925], "mood_party": [0.7820166945457458, 0.2102830708026886], "mood_relaxed": [0.3834269642829895, 0.6264278292655945], "mood_sad": [0.5158811807632446, 0.47525954246520996]}