{"mood_acoustic": [0.039713334292173386, 0.9630051851272583], "mood_electronic": [0.8366380333900452, 0.1733262687921524], "mood_aggressive": [0.7708393335342407, 0.2430994063615799], "mood_relaxed": [0.4224259853363037, 0.5962842702865601], "mood_happy": [0.1429261863231659, 0.8404780626296997], "mood_sad": [0.9544614553451538, 0.045457661151885986], "mood_party": [0.6866855025291443, 0.34683749079704285]}