{"mood_acoustic": [0.702917218208313, 0.3021624982357025], "mood_aggressive": [0.055165138095617294, 0.9412626624107361], "mood_electronic": [0.20083321630954742, 0.8160727620124817], "mood_happy": [0.006214491557329893, 0.9930606484413147], "mood_party": [0.9921403527259827, 0.010003762319684029], "mood_relaxed": [0.008215648122131824, 0.9898198843002319], "mood_sad": [0.1775319129228592, 0.8271433711051941]}