{"mood_acoustic": [0.9607813358306885, 0.03820017725229263], "mood_electronic": [0.034560929983854294, 0.9673706293106079], "mood_aggressive": [0.016628693789243698, 0.9839920997619629], "mood_relaxed": [0.15493516623973846, 0.8483204245567322], "mood_happy": [0.2950243651866913, 0.7118654847145081], "mood_sad": [0.24716055393218994, 0.742396891117096], "mood_party": [0.9809237718582153, 0.022370323538780212]}