{"mood_acoustic": [0.01915164478123188, 0.9826917052268982], "mood_electronic": [0.9586019515991211, 0.04202615097165108], "mood_aggressive": [0.8242086172103882, 0.17499947547912598], "mood_relaxed": [0.9184602499008179, 0.07655784487724304], "mood_happy": [0.5119369626045227, 0.48684874176979065], "mood_sad": [0.9798012971878052, 0.01924201287329197], "mood_party": [0.08079840242862701, 0.920872688293457]}