{"mood_acoustic": [0.0024780775420367718, 0.9979037046432495], "mood_electronic": [0.984938383102417, 0.0159385297447443], "mood_aggressive": [0.26867684721946716, 0.7343142628669739], "mood_relaxed": [0.8628801107406616, 0.1622646152973175], "mood_happy": [0.47956401109695435, 0.5351216793060303], "mood_sad": [0.9839824438095093, 0.017770955339074135], "mood_party": [0.10560186952352524, 0.8736370801925659]}