{"mood_acoustic": [0.5771052241325378, 0.4431510269641876], "mood_electronic": [0.08670366555452347, 0.9103090763092041], "mood_aggressive": [0.06045841425657272, 0.9379598498344421], "mood_relaxed": [0.8580369353294373, 0.16435055434703827], "mood_happy": [0.8881528973579407, 0.12009859085083008], "mood_sad": [0.892342209815979, 0.11159561574459076], "mood_party": [0.18260250985622406, 0.8017780184745789]}