{"mood_acoustic": [0.12368740886449814, 0.8752511739730835], "mood_aggressive": [0.1375788003206253, 0.8631470203399658], "mood_electronic": [0.35379794239997864, 0.6414733529090881], "mood_happy": [0.836554229259491, 0.16313444077968597], "mood_party": [0.12780453264713287, 0.8704608678817749], "mood_relaxed": [0.7710223197937012, 0.2364700436592102], "mood_sad": [0.8485744595527649, 0.1544647067785263]}