{"mood_acoustic": [0.10253217816352844, 0.8920356035232544], "mood_electronic": [0.3198021948337555, 0.6734228730201721], "mood_aggressive": [0.07434477657079697, 0.9224562644958496], "mood_relaxed": [0.02512066811323166, 0.9768736958503723], "mood_happy": [0.33811137080192566, 0.6797200441360474], "mood_sad": [0.33295655250549316, 0.6979241967201233], "mood_party": [0.9714367389678955, 0.02564915269613266]}