{"mood_acoustic": [0.8235529661178589, 0.19632364809513092], "mood_aggressive": [0.0009973322739824653, 0.9989848732948303], "mood_electronic": [0.1442815214395523, 0.8676828145980835], "mood_happy": [0.0021014215890318155, 0.9977196455001831], "mood_party": [0.9914907813072205, 0.008368688635528088], "mood_relaxed": [0.0037053190171718597, 0.994339644908905], "mood_sad": [0.03728139027953148, 0.9644770622253418]}