{"mood_acoustic": [0.05479564145207405, 0.9554679989814758], "mood_aggressive": [0.5713746547698975, 0.4320251941680908], "mood_electronic": [0.45370468497276306, 0.5715473294258118], "mood_happy": [0.021171240136027336, 0.9768964648246765], "mood_party": [0.8719035387039185, 0.1446692943572998], "mood_relaxed": [0.14075876772403717, 0.834851861000061], "mood_sad": [0.8854700922966003, 0.11487863212823868]}