{"mood_acoustic": [0.36584046483039856, 0.6368222236633301], "mood_electronic": [0.6034470200538635, 0.4029742479324341], "mood_aggressive": [0.04905188828706741, 0.9509056806564331], "mood_relaxed": [0.019263431429862976, 0.9774385690689087], "mood_happy": [0.04158380255103111, 0.9584052562713623], "mood_sad": [0.33177345991134644, 0.6705024838447571], "mood_party": [0.9609313607215881, 0.038264431059360504]}