{"mood_acoustic": [0.572063148021698, 0.44969287514686584], "mood_electronic": [0.11317560076713562, 0.8912607431411743], "mood_aggressive": [0.015441489405930042, 0.9839444160461426], "mood_relaxed": [0.03948366641998291, 0.9555973410606384], "mood_happy": [0.08162126690149307, 0.9176626205444336], "mood_sad": [0.08009441196918488, 0.9219869375228882], "mood_party": [0.9724606871604919, 0.024197475984692574]}