{"mood_acoustic": [0.3420248031616211, 0.6638419032096863], "mood_electronic": [0.5421208739280701, 0.462296724319458], "mood_aggressive": [0.04363035783171654, 0.959061324596405], "mood_relaxed": [0.14944696426391602, 0.8606055974960327], "mood_happy": [0.35739001631736755, 0.6444332003593445], "mood_sad": [0.17121997475624084, 0.8298320770263672], "mood_party": [0.9385848045349121, 0.06525059789419174]}