{"mood_acoustic": [0.48948365449905396, 0.5103581547737122], "mood_aggressive": [0.05671101436018944, 0.9427120089530945], "mood_electronic": [0.33772316575050354, 0.6797015070915222], "mood_happy": [0.6910632252693176, 0.2959461212158203], "mood_party": [0.7238278985023499, 0.2717663049697876], "mood_relaxed": [0.40551555156707764, 0.6122254729270935], "mood_sad": [0.5037807822227478, 0.48584651947021484]}