{"mood_acoustic": [0.691265881061554, 0.30048343539237976], "mood_electronic": [0.17866690456867218, 0.8341882228851318], "mood_aggressive": [0.07623851299285889, 0.9155899286270142], "mood_relaxed": [0.12589174509048462, 0.8705622553825378], "mood_happy": [0.2535567581653595, 0.7494717240333557], "mood_sad": [0.3590134084224701, 0.6306759715080261], "mood_party": [0.8124040961265564, 0.15662488341331482]}