{"mood_acoustic": [0.08401722460985184, 0.910416841506958], "mood_electronic": [0.9157983660697937, 0.08486921340227127], "mood_aggressive": [0.11187481135129929, 0.8902652859687805], "mood_relaxed": [0.3876190185546875, 0.6133818030357361], "mood_happy": [0.45643776655197144, 0.529924213886261], "mood_sad": [0.616940975189209, 0.38368672132492065], "mood_party": [0.49633100628852844, 0.5152735710144043]}