{"mood_acoustic": [0.07173096388578415, 0.9306831359863281], "mood_electronic": [0.8812947869300842, 0.1269475817680359], "mood_aggressive": [0.2212085872888565, 0.7811436057090759], "mood_relaxed": [0.38935586810112, 0.612461268901825], "mood_happy": [0.5520174503326416, 0.46148934960365295], "mood_sad": [0.6233320236206055, 0.37548887729644775], "mood_party": [0.6217153668403625, 0.38635072112083435]}