{"mood_acoustic": [0.15471816062927246, 0.8780009746551514], "mood_electronic": [0.8340519666671753, 0.20214441418647766], "mood_aggressive": [0.1689552664756775, 0.8143294453620911], "mood_relaxed": [0.09612003713846207, 0.9360646605491638], "mood_happy": [0.16915376484394073, 0.8413687348365784], "mood_sad": [0.5152950882911682, 0.5362153649330139], "mood_party": [0.9456137418746948, 0.07168097794055939]}