{"mood_acoustic": [0.1274830549955368, 0.8764057755470276], "mood_aggressive": [0.34316301345825195, 0.6767303943634033], "mood_electronic": [0.5194411873817444, 0.5120588541030884], "mood_happy": [0.17748916149139404, 0.8279857039451599], "mood_party": [0.9490688443183899, 0.06639988720417023], "mood_relaxed": [0.08248770236968994, 0.93807452917099], "mood_sad": [0.801861047744751, 0.2171076089143753]}