{"mood_acoustic": [0.9042443633079529, 0.10878298431634903], "mood_aggressive": [0.0009955352870747447, 0.9990236163139343], "mood_electronic": [0.14404292404651642, 0.8661057949066162], "mood_happy": [0.0042833732441067696, 0.9953010082244873], "mood_party": [0.9950176477432251, 0.005161735694855452], "mood_relaxed": [0.005682472139596939, 0.9925990700721741], "mood_sad": [0.01420582551509142, 0.9867123365402222]}