{"mood_acoustic": [0.22345159947872162, 0.7999814748764038], "mood_aggressive": [0.21171028912067413, 0.7806293964385986], "mood_electronic": [0.5650298595428467, 0.4590095281600952], "mood_happy": [0.013756925240159035, 0.9851972460746765], "mood_party": [0.9645629525184631, 0.04396131634712219], "mood_relaxed": [0.033657532185316086, 0.9626064300537109], "mood_sad": [0.6309646964073181, 0.3732541799545288]}