{"mood_acoustic": [0.04023745283484459, 0.9600646495819092], "mood_electronic": [0.9466075301170349, 0.05276291444897652], "mood_aggressive": [0.6913934350013733, 0.3086872100830078], "mood_relaxed": [0.8666406869888306, 0.1308874785900116], "mood_happy": [0.28231948614120483, 0.7105813026428223], "mood_sad": [0.9427679181098938, 0.05823364108800888], "mood_party": [0.1762283593416214, 0.8323947191238403]}