{"mood_acoustic": [0.006535560358315706, 0.9929461479187012], "mood_aggressive": [0.6661624908447266, 0.32641300559043884], "mood_electronic": [0.9715109467506409, 0.028824852779507637], "mood_happy": [0.6800755262374878, 0.3397204875946045], "mood_party": [0.13952723145484924, 0.8665515184402466], "mood_relaxed": [0.8427082896232605, 0.15905767679214478], "mood_sad": [0.9222700595855713, 0.081142857670784]}