{"mood_acoustic": [0.5573734045028687, 0.41986167430877686], "mood_aggressive": [0.044417671859264374, 0.953538179397583], "mood_electronic": [0.367002934217453, 0.6413876414299011], "mood_happy": [0.4084492623806, 0.5610879063606262], "mood_party": [0.921852171421051, 0.08790338784456253], "mood_relaxed": [0.2655981183052063, 0.7347959876060486], "mood_sad": [0.31201133131980896, 0.6759669184684753]}