{"mood_acoustic": [0.10902193188667297, 0.8892551064491272], "mood_electronic": [0.8356195092201233, 0.16319721937179565], "mood_aggressive": [0.31919971108436584, 0.6704738140106201], "mood_relaxed": [0.7769702672958374, 0.22786438465118408], "mood_happy": [0.46007129549980164, 0.5360555052757263], "mood_sad": [0.9109066724777222, 0.08772118389606476], "mood_party": [0.1849876344203949, 0.8156059980392456]}