{"mood_acoustic": [0.25790512561798096, 0.7373307943344116], "mood_aggressive": [0.4190400242805481, 0.5823252201080322], "mood_electronic": [0.13709904253482819, 0.8634546399116516], "mood_happy": [0.5628011226654053, 0.44375279545783997], "mood_party": [0.7327566742897034, 0.2804352641105652], "mood_relaxed": [0.7588752508163452, 0.24695321917533875], "mood_sad": [0.5960742235183716, 0.4113081693649292]}