{"mood_acoustic": [0.03038758598268032, 0.9684672951698303], "mood_electronic": [0.9860234260559082, 0.015757765620946884], "mood_aggressive": [0.04390601068735123, 0.958834171295166], "mood_relaxed": [0.2928755283355713, 0.7064962983131409], "mood_happy": [0.05812328681349754, 0.93364417552948], "mood_sad": [0.904751718044281, 0.09850269556045532], "mood_party": [0.6091951131820679, 0.3801393508911133]}