{"mood_acoustic": [0.29505226016044617, 0.6943709850311279], "mood_electronic": [0.7973577976226807, 0.20522400736808777], "mood_aggressive": [0.4009902775287628, 0.6018179655075073], "mood_relaxed": [0.13318262994289398, 0.8608447313308716], "mood_happy": [0.16712838411331177, 0.8340802788734436], "mood_sad": [0.5800519585609436, 0.4207354784011841], "mood_party": [0.8805152177810669, 0.13479399681091309]}