{"mood_acoustic": [0.004876071121543646, 0.9960249662399292], "mood_electronic": [0.9931564927101135, 0.006767038255929947], "mood_aggressive": [0.8634729981422424, 0.13286903500556946], "mood_relaxed": [0.9305980205535889, 0.06776479631662369], "mood_happy": [0.31580862402915955, 0.6809346079826355], "mood_sad": [0.9851626753807068, 0.014287279918789864], "mood_party": [0.04526683688163757, 0.9543812274932861]}