{"mood_acoustic": [0.0031947626266628504, 0.9975149631500244], "mood_aggressive": [0.8577098250389099, 0.15110790729522705], "mood_electronic": [0.9888055920600891, 0.010563316754996777], "mood_happy": [0.4747495949268341, 0.507709264755249], "mood_party": [0.024614358320832253, 0.9704998731613159], "mood_relaxed": [0.9606793522834778, 0.03192436322569847], "mood_sad": [0.978643536567688, 0.019779900088906288]}