{"mood_acoustic": [0.8824483156204224, 0.11809257417917252], "mood_aggressive": [0.03433753550052643, 0.9649202823638916], "mood_electronic": [0.16440054774284363, 0.8377544283866882], "mood_happy": [0.23618122935295105, 0.7663956880569458], "mood_party": [0.9790142178535461, 0.024523993954062462], "mood_relaxed": [0.0720362439751625, 0.9247027635574341], "mood_sad": [0.19529718160629272, 0.8091091513633728]}