{"mood_acoustic": [0.8607810735702515, 0.1377997100353241], "mood_aggressive": [0.025175131857395172, 0.9761181473731995], "mood_electronic": [0.09289123117923737, 0.9094204902648926], "mood_happy": [0.4926362931728363, 0.5079360008239746], "mood_party": [0.9414182901382446, 0.06483413279056549], "mood_relaxed": [0.2038281112909317, 0.7964751124382019], "mood_sad": [0.23621246218681335, 0.76492840051651]}