{"mood_acoustic": [0.14758826792240143, 0.8468034863471985], "mood_electronic": [0.767769992351532, 0.22678710520267487], "mood_aggressive": [0.6853352189064026, 0.31581470370292664], "mood_relaxed": [0.7514901161193848, 0.23736734688282013], "mood_happy": [0.3074016273021698, 0.6876647472381592], "mood_sad": [0.8531114459037781, 0.14792558550834656], "mood_party": [0.29515495896339417, 0.7029799818992615]}