{"mood_acoustic": [0.50344318151474, 0.5031305551528931], "mood_aggressive": [0.03297455608844757, 0.9579575061798096], "mood_electronic": [0.13268490135669708, 0.8697912096977234], "mood_happy": [0.20277519524097443, 0.8014940619468689], "mood_party": [0.9749978184700012, 0.024931957945227623], "mood_relaxed": [0.04179176688194275, 0.9434602856636047], "mood_sad": [0.32635757327079773, 0.6709544062614441]}