{"mood_acoustic": [0.4282231032848358, 0.5602651238441467], "mood_aggressive": [0.027945686131715775, 0.9748104214668274], "mood_electronic": [0.3840990662574768, 0.6372742056846619], "mood_happy": [0.6025649905204773, 0.3908398151397705], "mood_party": [0.8831351399421692, 0.1182200163602829], "mood_relaxed": [0.2955630123615265, 0.7100127339363098], "mood_sad": [0.37048739194869995, 0.6262104511260986]}