{"mood_acoustic": [0.00998937338590622, 0.9906705021858215], "mood_aggressive": [0.3989903926849365, 0.6169728636741638], "mood_electronic": [0.9685542583465576, 0.032518450170755386], "mood_happy": [0.4769960045814514, 0.5324195027351379], "mood_party": [0.36728039383888245, 0.6484013795852661], "mood_relaxed": [0.6968191862106323, 0.3296907842159271], "mood_sad": [0.8364648222923279, 0.16559705138206482]}