{"mood_acoustic": [0.08041837066411972, 0.9247543811798096], "mood_electronic": [0.4615142047405243, 0.5534309148788452], "mood_aggressive": [0.8903820514678955, 0.11480897665023804], "mood_relaxed": [0.6505651473999023, 0.3467550277709961], "mood_happy": [0.24598859250545502, 0.7544347047805786], "mood_sad": [0.9219428300857544, 0.07489296048879623], "mood_party": [0.6661677360534668, 0.3634684681892395]}