{"mood_acoustic": [0.1308276504278183, 0.889842689037323], "mood_aggressive": [0.33927008509635925, 0.6620882749557495], "mood_electronic": [0.85252845287323, 0.18776050209999084], "mood_happy": [0.012438707053661346, 0.9858492016792297], "mood_party": [0.9830167889595032, 0.02274223044514656], "mood_relaxed": [0.020852895453572273, 0.9778434038162231], "mood_sad": [0.9506726264953613, 0.042196571826934814]}