{"mood_acoustic": [0.4225718080997467, 0.6002621650695801], "mood_aggressive": [0.03956231474876404, 0.9607126712799072], "mood_electronic": [0.5869469046592712, 0.4204578995704651], "mood_happy": [0.03715337812900543, 0.9594472646713257], "mood_party": [0.9777225852012634, 0.023745469748973846], "mood_relaxed": [0.02715703286230564, 0.9739148020744324], "mood_sad": [0.0786796435713768, 0.9241973161697388]}