{"mood_acoustic": [0.20501483976840973, 0.7895410656929016], "mood_electronic": [0.6288941502571106, 0.3770693838596344], "mood_aggressive": [0.05872839689254761, 0.9372448921203613], "mood_relaxed": [0.042322441935539246, 0.9572964906692505], "mood_happy": [0.07044081389904022, 0.9303833246231079], "mood_sad": [0.3780001997947693, 0.6305859088897705], "mood_party": [0.9317447543144226, 0.07559634745121002]}