{"mood_acoustic": [0.2294127643108368, 0.7837610840797424], "mood_electronic": [0.6880843043327332, 0.3130434453487396], "mood_aggressive": [0.053142424672842026, 0.9446061253547668], "mood_relaxed": [0.014730763621628284, 0.9820321798324585], "mood_happy": [0.01731131412088871, 0.9816761612892151], "mood_sad": [0.23170806467533112, 0.7743259072303772], "mood_party": [0.9691647291183472, 0.03771893307566643]}