{"mood_acoustic": [0.15481624007225037, 0.8438429236412048], "mood_aggressive": [0.04635179042816162, 0.9551490545272827], "mood_electronic": [0.8225323557853699, 0.1693652719259262], "mood_happy": [0.41985562443733215, 0.5803936123847961], "mood_party": [0.7818566560745239, 0.2332102507352829], "mood_relaxed": [0.18415656685829163, 0.8210533857345581], "mood_sad": [0.228214293718338, 0.7673860192298889]}