{"mood_acoustic": [0.20356059074401855, 0.7926437854766846], "mood_aggressive": [0.08493262529373169, 0.9133903980255127], "mood_electronic": [0.191453218460083, 0.805239200592041], "mood_happy": [0.8458959460258484, 0.1635967642068863], "mood_party": [0.30306240916252136, 0.7014888525009155], "mood_relaxed": [0.5695409178733826, 0.4496738612651825], "mood_sad": [0.6567409038543701, 0.3506389558315277]}