{"mood_acoustic": [0.4216422140598297, 0.5553910732269287], "mood_electronic": [0.25707799196243286, 0.7437623739242554], "mood_aggressive": [0.1161528006196022, 0.8876075744628906], "mood_relaxed": [0.35879769921302795, 0.6581338047981262], "mood_happy": [0.5571993589401245, 0.4380563199520111], "mood_sad": [0.35604196786880493, 0.6531491279602051], "mood_party": [0.8465367555618286, 0.14801159501075745]}