{"mood_acoustic": [0.8081037402153015, 0.19475223124027252], "mood_electronic": [0.049504440277814865, 0.9448339939117432], "mood_aggressive": [0.0035963209811598063, 0.9959933757781982], "mood_relaxed": [0.007363637909293175, 0.9904499650001526], "mood_happy": [0.013841726817190647, 0.9867417216300964], "mood_sad": [0.148393452167511, 0.8586756587028503], "mood_party": [0.9906399846076965, 0.009361304342746735]}