{"mood_acoustic": [0.8450643420219421, 0.18165960907936096], "mood_aggressive": [0.0017189157661050558, 0.9981933832168579], "mood_electronic": [0.09294944256544113, 0.918779194355011], "mood_happy": [0.01441154908388853, 0.9846971035003662], "mood_party": [0.99336838722229, 0.00647256663069129], "mood_relaxed": [0.004533658269792795, 0.9931263327598572], "mood_sad": [0.02730831876397133, 0.9726738929748535]}