{"mood_acoustic": [0.2837318778038025, 0.7212072014808655], "mood_electronic": [0.3078446686267853, 0.6959509253501892], "mood_aggressive": [0.07716977596282959, 0.9176909923553467], "mood_relaxed": [0.37653642892837524, 0.6376650929450989], "mood_happy": [0.4737248122692108, 0.5396029353141785], "mood_sad": [0.42599672079086304, 0.5787118077278137], "mood_party": [0.4964236319065094, 0.5323952436447144]}