{"mood_acoustic": [0.059892501682043076, 0.9304712414741516], "mood_aggressive": [0.44828346371650696, 0.5128337740898132], "mood_electronic": [0.893679141998291, 0.10917384922504425], "mood_happy": [0.007794241886585951, 0.9907124042510986], "mood_party": [0.9661251902580261, 0.042002949863672256], "mood_relaxed": [0.012545927427709103, 0.9860377311706543], "mood_sad": [0.6699560284614563, 0.3356868326663971]}