{"tonal_atonal": [0.9978998303413391, 0.0029744247440248728], "voice_instrumental": [0.2154194712638855, 0.7795706987380981], "gender": [0.7412798404693604, 0.2641357183456421], "danceability": [0.8198971748352051, 0.15606215596199036]}