{"tonal_atonal": [0.8332425951957703, 0.12416201084852219], "voice_instrumental": [0.7632194757461548, 0.20922362804412842], "gender": [0.6520031690597534, 0.35452261567115784], "danceability": [0.030518289655447006, 0.9661380648612976]}