{"tonal_atonal": [0.9949262142181396, 0.025520268827676773], "voice_instrumental": [0.2984391152858734, 0.767123818397522], "gender": [0.1277626007795334, 0.8711079359054565], "danceability": [0.7581614255905151, 0.3258011043071747]}