{"tonal_atonal": [0.930278480052948, 0.09428255259990692], "voice_instrumental": [0.08492447435855865, 0.9174204468727112], "gender": [0.6667512655258179, 0.33675020933151245], "danceability": [0.8502161502838135, 0.14433544874191284]}