{"tonal_atonal": [0.9885245561599731, 0.023418003693223], "voice_instrumental": [0.4247315526008606, 0.5732436180114746], "gender": [0.4266760051250458, 0.5750019550323486], "danceability": [0.486865758895874, 0.5087801218032837]}