{"tonal_atonal": [0.9995414614677429, 0.0012870641658082604], "voice_instrumental": [0.030757203698158264, 0.9735607504844666], "gender": [0.9801493883132935, 0.04660664498806], "danceability": [0.11331757158041, 0.8082279562950134]}