{"tonal_atonal": [0.9998242259025574, 0.003748083021491766], "voice_instrumental": [0.038768425583839417, 0.982336699962616], "gender": [0.08019328862428665, 0.9207316040992737], "danceability": [1.0, 2.709302115988521e-09]}