{"tonal_atonal": [0.9172834157943726, 0.06403203308582306], "voice_instrumental": [0.8757151365280151, 0.11645301431417465], "gender": [0.7473004460334778, 0.25647321343421936], "danceability": [0.03964222967624664, 0.962211012840271]}