{"tonal_atonal": [0.9435791969299316, 0.09941187500953674], "voice_instrumental": [0.3285042345523834, 0.6477939486503601], "gender": [0.6662563681602478, 0.3335101306438446], "danceability": [0.3925498425960541, 0.5308338403701782]}