{"tonal_atonal": [0.9918285608291626, 0.009497620165348053], "voice_instrumental": [0.40555405616760254, 0.5716857314109802], "gender": [0.2929295301437378, 0.7035552859306335], "danceability": [0.5564289093017578, 0.40325257182121277]}