{"tonal_atonal": [0.7943277955055237, 0.20241466164588928], "voice_instrumental": [0.8630896806716919, 0.12945429980754852], "gender": [0.5055440664291382, 0.49879881739616394], "danceability": [0.026731951162219048, 0.9678357839584351]}