{"tonal_atonal": [0.9259005784988403, 0.10864762216806412], "voice_instrumental": [0.3090154528617859, 0.6715489625930786], "gender": [0.2735389471054077, 0.7267701029777527], "danceability": [0.9052857756614685, 0.09108966588973999]}