{"tonal_atonal": [0.9858889579772949, 0.018519042059779167], "voice_instrumental": [0.31291335821151733, 0.6876651048660278], "gender": [0.33099931478500366, 0.6670441031455994], "danceability": [0.053514253348112106, 0.9344679117202759]}