{"tonal_atonal": [0.9712727069854736, 0.028934329748153687], "voice_instrumental": [0.5956623554229736, 0.38068339228630066], "gender": [0.6238254308700562, 0.3881707191467285], "danceability": [0.10332175344228745, 0.8591189384460449]}