{"tonal_atonal": [0.984484851360321, 0.023857273161411285], "voice_instrumental": [0.19033169746398926, 0.80010986328125], "gender": [0.3276081085205078, 0.6747870445251465], "danceability": [0.9668734073638916, 0.03604530170559883]}