{"tonal_atonal": [0.9955074191093445, 0.00978763122111559], "voice_instrumental": [0.9616875052452087, 0.037525907158851624], "gender": [0.6415959000587463, 0.36031991243362427], "danceability": [0.9967231750488281, 0.0037793661467731]}