{"tonal_atonal": [0.9778149127960205, 0.03994850814342499], "voice_instrumental": [0.22814488410949707, 0.7389342188835144], "gender": [0.28008195757865906, 0.7209444642066956], "danceability": [0.7546688318252563, 0.24966935813426971]}