{"tonal_atonal": [0.6934484839439392, 0.24064913392066956], "voice_instrumental": [0.16461241245269775, 0.8394038081169128], "gender": [0.23636525869369507, 0.7643329501152039], "danceability": [0.7252031564712524, 0.3181327283382416]}