{"tonal_atonal": [0.39179110527038574, 0.6167589426040649], "voice_instrumental": [0.7572619915008545, 0.24656514823436737], "gender": [0.6089032888412476, 0.3944324851036072], "danceability": [0.10222300887107849, 0.8985998034477234]}