{"tonal_atonal": [0.5993396639823914, 0.33470019698143005], "voice_instrumental": [0.24883604049682617, 0.7580956816673279], "gender": [0.36340489983558655, 0.6382317543029785], "danceability": [0.028327101841568947, 0.9645264148712158]}