{"tonal_atonal": [0.8713698387145996, 0.1894213855266571], "voice_instrumental": [0.7652038335800171, 0.2013312131166458], "gender": [0.3822442889213562, 0.6180453300476074], "danceability": [0.8678053617477417, 0.1240253672003746]}