{"tonal_atonal": [0.9065040946006775, 0.12541019916534424], "voice_instrumental": [0.0641651302576065, 0.9423152208328247], "gender": [0.15172602236270905, 0.8487984538078308], "danceability": [0.8233370184898376, 0.21271952986717224]}