{"tonal_atonal": [0.9968218803405762, 0.00827160943299532], "voice_instrumental": [0.3101629316806793, 0.6777782440185547], "gender": [0.813239574432373, 0.19381797313690186], "danceability": [0.9597715139389038, 0.0327802412211895]}