{"tonal_atonal": [0.9785083532333374, 0.020236732438206673], "voice_instrumental": [0.43909916281700134, 0.546815812587738], "gender": [0.43838414549827576, 0.5633959174156189], "danceability": [0.997600257396698, 0.0015071972738951445]}