{"tonal_atonal": [0.8532727956771851, 0.1484013795852661], "voice_instrumental": [0.9381477236747742, 0.059033509343862534], "gender": [0.5061756372451782, 0.4948313534259796], "danceability": [0.015117132104933262, 0.9824248552322388]}