{"tonal_atonal": [0.9778064489364624, 0.04146130010485649], "voice_instrumental": [0.11466196179389954, 0.8633430600166321], "gender": [0.17131219804286957, 0.8280519247055054], "danceability": [0.6790165305137634, 0.31227347254753113]}