{"tonal_atonal": [0.4181545376777649, 0.40228956937789917], "voice_instrumental": [0.049920983612537384, 0.9525270462036133], "gender": [0.4383780062198639, 0.564079225063324], "danceability": [0.19127459824085236, 0.800599992275238]}