{"tonal_atonal": [0.9759431481361389, 0.036955513060092926], "voice_instrumental": [0.07059425860643387, 0.9193310737609863], "gender": [0.16584841907024384, 0.8349507451057434], "danceability": [0.8515216708183289, 0.14378511905670166]}