{"tonal_atonal": [0.2161799520254135, 0.731342077255249], "voice_instrumental": [0.14970020949840546, 0.8432661294937134], "gender": [0.19203117489814758, 0.8086292147636414], "danceability": [0.053846575319767, 0.9418945908546448]}