{"tonal_atonal": [0.847453773021698, 0.2444169670343399], "voice_instrumental": [0.61320561170578, 0.35148635506629944], "gender": [0.5303269624710083, 0.4707719385623932], "danceability": [0.9358208179473877, 0.04815150424838066]}