{"tonal_atonal": [0.9756543040275574, 0.03877344727516174], "voice_instrumental": [0.21201451122760773, 0.7508429884910583], "gender": [0.34397345781326294, 0.6547529101371765], "danceability": [0.9330450892448425, 0.07546994835138321]}