{"tonal_atonal": [0.9205766320228577, 0.11786656826734543], "voice_instrumental": [0.7285520434379578, 0.26983821392059326], "gender": [0.7014775276184082, 0.29970064759254456], "danceability": [0.8832006454467773, 0.11082910001277924]}