{"tonal_atonal": [0.9383153319358826, 0.043033864349126816], "voice_instrumental": [0.8022986650466919, 0.15919847786426544], "gender": [0.34870344400405884, 0.6523591876029968], "danceability": [0.8696070909500122, 0.1344771385192871]}