{"tonal_atonal": [0.8647615313529968, 0.11004367470741272], "voice_instrumental": [0.3814319968223572, 0.6243686676025391], "gender": [0.4877240061759949, 0.515377402305603], "danceability": [0.5362687706947327, 0.40657174587249756]}