{"tonal_atonal": [0.8106715679168701, 0.23809917271137238], "voice_instrumental": [0.8150956630706787, 0.16957519948482513], "gender": [0.5603819489479065, 0.4547174274921417], "danceability": [0.058230359107255936, 0.9268722534179688]}