{"tonal_atonal": [0.4427882730960846, 0.5240042805671692], "voice_instrumental": [0.8931547403335571, 0.10629452019929886], "gender": [0.6510792374610901, 0.3516632914543152], "danceability": [0.07477093487977982, 0.914690375328064]}