{"tonal_atonal": [0.8801944851875305, 0.1030551940202713], "voice_instrumental": [0.5346829891204834, 0.4256124794483185], "gender": [0.4883839190006256, 0.5131705403327942], "danceability": [0.7635542154312134, 0.22763308882713318]}