{"tonal_atonal": [0.9901408553123474, 0.023036494851112366], "voice_instrumental": [0.42318886518478394, 0.5484463572502136], "gender": [0.6536430716514587, 0.3491106629371643], "danceability": [0.9323435425758362, 0.06516396254301071]}