{"tonal_atonal": [0.9997703433036804, 0.00214935140684247], "voice_instrumental": [0.412329763174057, 0.6300661563873291], "gender": [0.8177737593650818, 0.18346545100212097], "danceability": [0.9963693618774414, 0.001751260133460164]}