{"tonal_atonal": [0.4096181392669678, 0.5158562064170837], "voice_instrumental": [0.7064806222915649, 0.29176464676856995], "gender": [0.17050333321094513, 0.827502429485321], "danceability": [0.0111522376537323, 0.988365650177002]}