{"tonal_atonal": [0.5944682359695435, 0.3922617733478546], "voice_instrumental": [0.17283664643764496, 0.8313574194908142], "gender": [0.3009006381034851, 0.7001396417617798], "danceability": [0.0615474209189415, 0.934832751750946]}