{"tonal_atonal": [0.9990200996398926, 0.003938522655516863], "voice_instrumental": [0.18091779947280884, 0.8585134744644165], "gender": [0.25946372747421265, 0.7418643236160278], "danceability": [0.9975571632385254, 0.0014250947861000896]}