{"tonal_atonal": [0.5039512515068054, 0.6403499245643616], "voice_instrumental": [0.2517387568950653, 0.7499159574508667], "gender": [0.1988084614276886, 0.8016394376754761], "danceability": [0.27267783880233765, 0.7342543005943298]}