{"tonal_atonal": [0.8854989409446716, 0.08638207614421844], "voice_instrumental": [0.7416921257972717, 0.2522922158241272], "gender": [0.5108314156532288, 0.4914374351501465], "danceability": [0.34804582595825195, 0.5868402719497681]}