{"tonal_atonal": [0.33193734288215637, 0.5943850874900818], "voice_instrumental": [0.7884515523910522, 0.2042827308177948], "gender": [0.5693167448043823, 0.4318597614765167], "danceability": [0.025619369000196457, 0.9723361134529114]}