{"tonal_atonal": [0.8627826571464539, 0.23394928872585297], "voice_instrumental": [0.05966336652636528, 0.9430705308914185], "gender": [0.19037994742393494, 0.8110696077346802], "danceability": [0.9538090229034424, 0.0407167486846447]}