{"tonal_atonal": [0.9907446503639221, 0.039441127330064774], "voice_instrumental": [0.28948089480400085, 0.68655925989151], "gender": [0.4040405750274658, 0.5951412320137024], "danceability": [0.9162883162498474, 0.07131366431713104]}