{"tonal_atonal": [0.9740884900093079, 0.04197680577635765], "voice_instrumental": [0.547470211982727, 0.42376846075057983], "gender": [0.562637209892273, 0.4413753151893616], "danceability": [0.44690436124801636, 0.5455713868141174]}