{"tonal_atonal": [0.7113962173461914, 0.2450767159461975], "voice_instrumental": [0.8898310661315918, 0.10330598056316376], "gender": [0.5734405517578125, 0.42874976992607117], "danceability": [0.031210629269480705, 0.9667855501174927]}