{"tonal_atonal": [0.9981443881988525, 0.008044152520596981], "voice_instrumental": [0.8794236779212952, 0.1014043316245079], "gender": [0.42812713980674744, 0.5659165382385254], "danceability": [0.9999802112579346, 3.8743957702536136e-05]}