{"tonal_atonal": [0.5600265264511108, 0.38684192299842834], "voice_instrumental": [0.9004639983177185, 0.09294714033603668], "gender": [0.7061611413955688, 0.29706650972366333], "danceability": [0.025422729551792145, 0.9742000699043274]}