{"tonal_atonal": [0.9979000687599182, 0.010145038366317749], "voice_instrumental": [0.32903385162353516, 0.6605707406997681], "gender": [0.16424085199832916, 0.8362484574317932], "danceability": [0.9994750022888184, 0.0005025997525081038]}