{"tonal_atonal": [0.7774490714073181, 0.15086326003074646], "voice_instrumental": [0.7754438519477844, 0.18602952361106873], "gender": [0.702601969242096, 0.3014252483844757], "danceability": [0.10622310638427734, 0.8902584314346313]}