{"tonal_atonal": [0.7603698968887329, 0.3562389612197876], "voice_instrumental": [0.91111159324646, 0.061740294098854065], "gender": [0.655223548412323, 0.34626781940460205], "danceability": [0.9745609164237976, 0.029910100623965263]}