{"tonal_atonal": [0.8526849150657654, 0.20144540071487427], "voice_instrumental": [0.9515078067779541, 0.044344570487737656], "gender": [0.646179735660553, 0.35606250166893005], "danceability": [0.06319605559110641, 0.9133105874061584]}