{"tonal_atonal": [0.9186082482337952, 0.11485759168863297], "voice_instrumental": [0.7704344391822815, 0.2180742472410202], "gender": [0.5667547583580017, 0.43450117111206055], "danceability": [0.7012648582458496, 0.290010929107666]}