{"tonal_atonal": [0.5969082117080688, 0.6074087023735046], "voice_instrumental": [0.40162432193756104, 0.5608097910881042], "gender": [0.6662596464157104, 0.33517536520957947], "danceability": [0.5809339880943298, 0.40202683210372925]}