{"tonal_atonal": [0.9429066181182861, 0.07546897977590561], "voice_instrumental": [0.8255422115325928, 0.1627088487148285], "gender": [0.45360589027404785, 0.5484828352928162], "danceability": [0.9520449042320251, 0.04501412808895111]}