{"tonal_atonal": [0.9902566075325012, 0.007627332117408514], "voice_instrumental": [0.8001554608345032, 0.18534643948078156], "gender": [0.6923184394836426, 0.31401327252388], "danceability": [0.13089622557163239, 0.8326842784881592]}