{"tonal_atonal": [0.9955621361732483, 0.02428487129509449], "voice_instrumental": [0.4969937205314636, 0.5223900079727173], "gender": [0.7988812327384949, 0.20390337705612183], "danceability": [0.9999998211860657, 1.3448611468902527e-07]}