{"tonal_atonal": [0.9995011687278748, 0.0017050601309165359], "voice_instrumental": [0.3177511990070343, 0.5626307129859924], "gender": [0.5522477030754089, 0.4499759078025818], "danceability": [0.9998109340667725, 6.941386527614668e-05]}