{"tonal_atonal": [0.5918573141098022, 0.34614297747612], "voice_instrumental": [0.4107202887535095, 0.5876293778419495], "gender": [0.3208902180194855, 0.6800479292869568], "danceability": [0.08916866779327393, 0.9045522212982178]}