{"tonal_atonal": [0.8125569224357605, 0.20341312885284424], "voice_instrumental": [0.5604466795921326, 0.393550306558609], "gender": [0.5031392574310303, 0.49648261070251465], "danceability": [0.3284858465194702, 0.6315186619758606]}