{"tonal_atonal": [0.2411292940378189, 0.7464136481285095], "voice_instrumental": [0.894428014755249, 0.11375727504491806], "gender": [0.3809148371219635, 0.6184782385826111], "danceability": [0.03564271703362465, 0.9577616453170776]}