{"tonal_atonal": [0.9181681871414185, 0.08842135220766068], "voice_instrumental": [0.23796534538269043, 0.7479926347732544], "gender": [0.4199109375476837, 0.5811580419540405], "danceability": [0.29672273993492126, 0.6947569847106934]}