{"tonal_atonal": [0.7605133652687073, 0.2698047161102295], "voice_instrumental": [0.6807869672775269, 0.31510257720947266], "gender": [0.46696412563323975, 0.5364385843276978], "danceability": [0.7660887241363525, 0.20728537440299988]}