{"tonal_atonal": [0.6348353624343872, 0.3354417383670807], "voice_instrumental": [0.9566255211830139, 0.04180870205163956], "gender": [0.7365504503250122, 0.26647478342056274], "danceability": [0.00967177003622055, 0.9913118481636047]}