{"tonal_atonal": [0.925449788570404, 0.06817244738340378], "voice_instrumental": [0.13107062876224518, 0.8474416136741638], "gender": [0.4615744948387146, 0.5395968556404114], "danceability": [0.9571055173873901, 0.04169081151485443]}