{"tonal_atonal": [0.13127242028713226, 0.9241552948951721], "voice_instrumental": [0.9385116696357727, 0.07310128957033157], "gender": [0.23540204763412476, 0.7652204632759094], "danceability": [0.0747455358505249, 0.9161784648895264]}