{"tonal_atonal": [0.1765972524881363, 0.8030601143836975], "voice_instrumental": [0.894317090511322, 0.10443244874477386], "gender": [0.6922116875648499, 0.311837375164032], "danceability": [0.03196512535214424, 0.968449592590332]}