{"tonal_atonal": [0.37545982003211975, 0.6041285991668701], "voice_instrumental": [0.3822052776813507, 0.6206235289573669], "gender": [0.3039165139198303, 0.6960546374320984], "danceability": [0.017614739015698433, 0.9826366901397705]}