{"tonal_atonal": [0.5380052328109741, 0.45934170484542847], "voice_instrumental": [0.9283673167228699, 0.0693785771727562], "gender": [0.6483474373817444, 0.3543684184551239], "danceability": [0.025634417310357094, 0.9734073877334595]}