{"tonal_atonal": [0.9949432611465454, 0.01358385942876339], "voice_instrumental": [0.521720290184021, 0.47212284803390503], "gender": [0.5645312070846558, 0.4366706907749176], "danceability": [0.9876964688301086, 0.009736446663737297]}