{"tonal_atonal": [0.8696959018707275, 0.17112235724925995], "voice_instrumental": [0.6875157952308655, 0.29973286390304565], "gender": [0.582054853439331, 0.41975003480911255], "danceability": [0.8931347727775574, 0.09593277424573898]}