{"tonal_atonal": [0.996837317943573, 0.010987561196088791], "voice_instrumental": [0.398878276348114, 0.5651964545249939], "gender": [0.8934052586555481, 0.10832888633012772], "danceability": [0.9596895575523376, 0.038308385759592056]}