{"tonal_atonal": [0.8988875150680542, 0.11583338677883148], "voice_instrumental": [0.6817463040351868, 0.31387215852737427], "gender": [0.47796252369880676, 0.5221362113952637], "danceability": [0.16657370328903198, 0.7776005268096924]}