{"tonal_atonal": [0.2995154857635498, 0.6973397731781006], "voice_instrumental": [0.7553529143333435, 0.21984237432479858], "gender": [0.689128041267395, 0.31628647446632385], "danceability": [0.05554284155368805, 0.9267506003379822]}