{"tonal_atonal": [0.9904183745384216, 0.007828262634575367], "voice_instrumental": [0.3191319704055786, 0.669820249080658], "gender": [0.3099072277545929, 0.691939115524292], "danceability": [0.9229544997215271, 0.08888416737318039]}