{"tonal_atonal": [0.784334659576416, 0.19759531319141388], "voice_instrumental": [0.9051001071929932, 0.09341313689947128], "gender": [0.652388870716095, 0.3507465422153473], "danceability": [0.02535971999168396, 0.9751253128051758]}