{"tonal_atonal": [0.835723340511322, 0.11640368402004242], "voice_instrumental": [0.7656000852584839, 0.20793311297893524], "gender": [0.7182263135910034, 0.28491172194480896], "danceability": [0.07650022953748703, 0.9090180993080139]}