{"tonal_atonal": [0.997533917427063, 0.00384207209572196], "voice_instrumental": [0.641769289970398, 0.34892499446868896], "gender": [0.34590524435043335, 0.6708530187606812], "danceability": [0.0802437961101532, 0.8781752586364746]}