{"tonal_atonal": [0.9999115467071533, 0.00042048521572723985], "voice_instrumental": [0.5350995063781738, 0.3257300555706024], "gender": [0.4751904308795929, 0.5255522727966309], "danceability": [0.9950181245803833, 0.00772542180493474]}