{"tonal_atonal": [0.9963601231575012, 0.011375772766768932], "voice_instrumental": [0.8412405848503113, 0.10713589936494827], "gender": [0.5869005918502808, 0.4139696955680847], "danceability": [0.9697712063789368, 0.02469063550233841]}