{"tonal_atonal": [0.7198405265808105, 0.4146074056625366], "voice_instrumental": [0.325855553150177, 0.6552391648292542], "gender": [0.3680208623409271, 0.6324299573898315], "danceability": [0.48716074228286743, 0.4690219461917877]}