{"tonal_atonal": [0.9230802655220032, 0.09315129369497299], "voice_instrumental": [0.31389716267585754, 0.6486368179321289], "gender": [0.36118021607398987, 0.6405746936798096], "danceability": [0.7300892472267151, 0.2537652552127838]}