{"tonal_atonal": [0.765505313873291, 0.1951810121536255], "voice_instrumental": [0.8715140223503113, 0.12135514616966248], "gender": [0.6442747712135315, 0.3584171533584595], "danceability": [0.01905025914311409, 0.9838085174560547]}