{"tonal_atonal": [0.9861629009246826, 0.017808282747864723], "voice_instrumental": [0.27959224581718445, 0.7087061405181885], "gender": [0.810269832611084, 0.191903218626976], "danceability": [0.8330435752868652, 0.15519970655441284]}