{"tonal_atonal": [0.5096554756164551, 0.39494624733924866], "voice_instrumental": [0.16716377437114716, 0.8387528657913208], "gender": [0.17740489542484283, 0.8231178522109985], "danceability": [0.013712831772863865, 0.986778199672699]}