{"tonal_atonal": [0.9010664820671082, 0.1284189373254776], "voice_instrumental": [0.019537724554538727, 0.9793689846992493], "gender": [0.1640215814113617, 0.83590167760849], "danceability": [0.3864574730396271, 0.46626320481300354]}