{"tonal_atonal": [0.9822735786437988, 0.025151042267680168], "voice_instrumental": [0.1715877801179886, 0.822670578956604], "gender": [0.5435957312583923, 0.4592130780220032], "danceability": [0.9752851128578186, 0.0203692726790905]}