{"tonal_atonal": [0.9839138984680176, 0.030339526012539864], "voice_instrumental": [0.5265790820121765, 0.4593358039855957], "gender": [0.5786921977996826, 0.43374142050743103], "danceability": [0.15483564138412476, 0.8007509708404541]}