{"tonal_atonal": [0.7746526002883911, 0.33638423681259155], "voice_instrumental": [0.053678955882787704, 0.9470543265342712], "gender": [0.39396852254867554, 0.6079918742179871], "danceability": [0.7407936453819275, 0.24512305855751038]}