{"tonal_atonal": [0.9496391415596008, 0.07192078232765198], "voice_instrumental": [0.7624671459197998, 0.220246821641922], "gender": [0.7995139956474304, 0.20590151846408844], "danceability": [0.13465429842472076, 0.890331506729126]}