{"tonal_atonal": [0.9804127812385559, 0.055073332041502], "voice_instrumental": [0.5765442252159119, 0.39355841279029846], "gender": [0.6377965211868286, 0.3629719614982605], "danceability": [0.9869149327278137, 0.012760127894580364]}