{"tonal_atonal": [0.9826189875602722, 0.02690168283879757], "voice_instrumental": [0.8119455575942993, 0.19178421795368195], "gender": [0.46170979738235474, 0.5444896817207336], "danceability": [0.12118349224328995, 0.8393573760986328]}