{"tonal_atonal": [0.9092599153518677, 0.14146599173545837], "voice_instrumental": [0.7054011821746826, 0.2778698205947876], "gender": [0.40809154510498047, 0.5930311679840088], "danceability": [0.9613322019577026, 0.035027049481868744]}