{"tonal_atonal": [0.8409386873245239, 0.15730789303779602], "voice_instrumental": [0.8368443846702576, 0.15311546623706818], "gender": [0.7052596211433411, 0.2989557385444641], "danceability": [0.026212982833385468, 0.9749236106872559]}