{"tonal_atonal": [0.9622427821159363, 0.040311332792043686], "voice_instrumental": [0.3712393641471863, 0.6090134978294373], "gender": [0.5563593506813049, 0.4440189301967621], "danceability": [0.3397834300994873, 0.6687080264091492]}