{"tonal_atonal": [0.7448893785476685, 0.26941820979118347], "voice_instrumental": [0.718181848526001, 0.26751047372817993], "gender": [0.6924905180931091, 0.32246407866477966], "danceability": [0.07282480597496033, 0.892914354801178]}