{"tonal_atonal": [0.9987416863441467, 0.0031167729757726192], "voice_instrumental": [0.5618523359298706, 0.35968396067619324], "gender": [0.7681944966316223, 0.23237761855125427], "danceability": [0.9944360852241516, 0.003921701107174158]}