{"tonal_atonal": [0.789823055267334, 0.250990629196167], "voice_instrumental": [0.32890942692756653, 0.6742478609085083], "gender": [0.2432631254196167, 0.7574213743209839], "danceability": [0.19932302832603455, 0.7775841355323792]}