{"tonal_atonal": [0.5869576334953308, 0.39357230067253113], "voice_instrumental": [0.6559609174728394, 0.3325926661491394], "gender": [0.6094393134117126, 0.4071781039237976], "danceability": [0.06822604686021805, 0.8940945267677307]}