{"tonal_atonal": [0.8770180344581604, 0.11018406599760056], "voice_instrumental": [0.5366783738136292, 0.45207348465919495], "gender": [0.4327313005924225, 0.5702530145645142], "danceability": [0.322767436504364, 0.6690983772277832]}