{"tonal_atonal": [0.8610020875930786, 0.10987641662359238], "voice_instrumental": [0.6773711442947388, 0.2986513376235962], "gender": [0.6295220255851746, 0.37196481227874756], "danceability": [0.1721925288438797, 0.8342451453208923]}