{"tonal_atonal": [0.9969459176063538, 0.0232626311480999], "voice_instrumental": [0.5954719185829163, 0.3884570598602295], "gender": [0.31015658378601074, 0.6795431971549988], "danceability": [1.0, 0.0]}