{"tonal_atonal": [0.16896165907382965, 0.8507744073867798], "voice_instrumental": [0.822760820388794, 0.16761356592178345], "gender": [0.624895453453064, 0.37694433331489563], "danceability": [0.3404204547405243, 0.6418019533157349]}