{"tonal_atonal": [0.5468825697898865, 0.4798435866832733], "voice_instrumental": [0.8463172316551208, 0.15746966004371643], "gender": [0.5723184943199158, 0.4295441806316376], "danceability": [0.7242527604103088, 0.2627262771129608]}