{"tonal_atonal": [0.8990041017532349, 0.161773681640625], "voice_instrumental": [0.8301964402198792, 0.24815140664577484], "gender": [0.8004518151283264, 0.19778971374034882], "danceability": [0.9986271858215332, 0.0010471310233697295]}