{"tonal_atonal": [0.9340226054191589, 0.04841284081339836], "voice_instrumental": [0.17385390400886536, 0.8308876752853394], "gender": [0.1560249626636505, 0.8442224264144897], "danceability": [0.35910993814468384, 0.5985361933708191]}