{"tonal_atonal": [0.9244123697280884, 0.0726957842707634], "voice_instrumental": [0.39911559224128723, 0.653829038143158], "gender": [0.3950129449367523, 0.6063322424888611], "danceability": [0.9065620303153992, 0.08790290355682373]}