{"tonal_atonal": [0.9990531802177429, 0.003988703712821007], "voice_instrumental": [0.1863473653793335, 0.8054288625717163], "gender": [0.7707759737968445, 0.23733395338058472], "danceability": [0.993366003036499, 0.005395299289375544]}