{"tonal_atonal": [0.9838986396789551, 0.012078634463250637], "voice_instrumental": [0.4726257622241974, 0.5467089414596558], "gender": [0.4656657576560974, 0.5331896543502808], "danceability": [0.619835615158081, 0.3577738106250763]}