{"tonal_atonal": [0.8052826523780823, 0.2000911831855774], "voice_instrumental": [0.19663259387016296, 0.8174126744270325], "gender": [0.3825697898864746, 0.6201261281967163], "danceability": [0.7054853439331055, 0.32977616786956787]}