{"tonal_atonal": [0.9989392757415771, 0.0036287480033934116], "voice_instrumental": [0.6421319842338562, 0.36455413699150085], "gender": [0.6321695446968079, 0.36778512597084045], "danceability": [0.9998935461044312, 0.00013808812946081161]}