{"tonal_atonal": [0.5218353867530823, 0.44928380846977234], "voice_instrumental": [0.8449388146400452, 0.136764794588089], "gender": [0.514201819896698, 0.48646602034568787], "danceability": [0.06132151931524277, 0.9314343333244324]}