{"tonal_atonal": [0.9994305372238159, 0.0025050148833543062], "voice_instrumental": [0.3463287651538849, 0.6491178870201111], "gender": [0.7172771692276001, 0.28380781412124634], "danceability": [0.9970862865447998, 0.0026166746392846107]}