{"tonal_atonal": [0.9905350208282471, 0.01040805596858263], "voice_instrumental": [0.5794309377670288, 0.4203163981437683], "gender": [0.4669557213783264, 0.5519919991493225], "danceability": [0.08268354833126068, 0.8730617761611938]}