{"tonal_atonal": [0.5973700284957886, 0.4127728044986725], "voice_instrumental": [0.492692768573761, 0.49698060750961304], "gender": [0.319027841091156, 0.6806762218475342], "danceability": [0.02629932388663292, 0.9726773500442505]}