{"tonal_atonal": [0.7911927700042725, 0.3654182255268097], "voice_instrumental": [0.7547144889831543, 0.22937262058258057], "gender": [0.48630383610725403, 0.5151944756507874], "danceability": [0.4413082003593445, 0.5800603628158569]}