{"tonal_atonal": [0.8094798922538757, 0.1896917074918747], "voice_instrumental": [0.5525330901145935, 0.470491498708725], "gender": [0.6010962128639221, 0.40062618255615234], "danceability": [0.8048774600028992, 0.19090446829795837]}