{"tonal_atonal": [0.7259061932563782, 0.27129310369491577], "voice_instrumental": [0.3320079445838928, 0.668390691280365], "gender": [0.632475733757019, 0.36847999691963196], "danceability": [0.6559758186340332, 0.3418455719947815]}