{"tonal_atonal": [0.6660956740379333, 0.32617121934890747], "voice_instrumental": [0.8192500472068787, 0.1888507455587387], "gender": [0.6026157140731812, 0.3990824222564697], "danceability": [0.8260596394538879, 0.16712136566638947]}