{"tonal_atonal": [0.582862377166748, 0.39525076746940613], "voice_instrumental": [0.8201211094856262, 0.17962796986103058], "gender": [0.6213354468345642, 0.3827967047691345], "danceability": [0.12826387584209442, 0.8407511711120605]}