{"tonal_atonal": [0.8308354616165161, 0.17196692526340485], "voice_instrumental": [0.7378305196762085, 0.23117832839488983], "gender": [0.6113694906234741, 0.3906363248825073], "danceability": [0.042132437229156494, 0.9563189744949341]}