{"tonal_atonal": [0.9940750002861023, 0.004971762653440237], "voice_instrumental": [0.7567676305770874, 0.22089289128780365], "gender": [0.6248645782470703, 0.3756779730319977], "danceability": [0.6949623823165894, 0.30254030227661133]}