{"tonal_atonal": [0.4927847683429718, 0.464675635099411], "voice_instrumental": [0.914385974407196, 0.07052705436944962], "gender": [0.7067017555236816, 0.29416951537132263], "danceability": [0.07442162930965424, 0.9493215680122375]}