{"tonal_atonal": [0.3513408899307251, 0.6259139180183411], "voice_instrumental": [0.2428242564201355, 0.7647001147270203], "gender": [0.23234008252620697, 0.76926189661026], "danceability": [0.007913359440863132, 0.9893161654472351]}