{"tonal_atonal": [0.9416701793670654, 0.06435340642929077], "voice_instrumental": [0.14680354297161102, 0.8587169051170349], "gender": [0.15846046805381775, 0.840099036693573], "danceability": [0.9184140563011169, 0.08811304718255997]}