{"tonal_atonal": [0.9988532066345215, 0.0018760398961603642], "voice_instrumental": [0.6418809294700623, 0.3559702932834625], "gender": [0.8370418548583984, 0.1632751077413559], "danceability": [0.999049723148346, 0.0005191874224692583]}