{"tonal_atonal": [0.5303269028663635, 0.42715927958488464], "voice_instrumental": [0.8430541753768921, 0.166061133146286], "gender": [0.5872843265533447, 0.41954320669174194], "danceability": [0.04469907283782959, 0.9390231966972351]}