{"tonal_atonal": [0.9928778409957886, 0.011534653604030609], "voice_instrumental": [0.12904775142669678, 0.8875210285186768], "gender": [0.13042573630809784, 0.8685920834541321], "danceability": [0.4866410493850708, 0.5283635854721069]}