{"tonal_atonal": [0.46391305327415466, 0.6147753000259399], "voice_instrumental": [0.8153908848762512, 0.1597563922405243], "gender": [0.30489689111709595, 0.6956676840782166], "danceability": [0.017228534445166588, 0.9811861515045166]}