{"tonal_atonal": [0.9737715721130371, 0.11588647216558456], "voice_instrumental": [0.03508978709578514, 0.9635400176048279], "gender": [0.07944216579198837, 0.9202375411987305], "danceability": [0.030675210058689117, 0.953427791595459]}