{"tonal_atonal": [0.5993471741676331, 0.32596689462661743], "voice_instrumental": [0.40230414271354675, 0.5448895692825317], "gender": [0.4640340805053711, 0.5369426012039185], "danceability": [0.6931149959564209, 0.31416234374046326]}