{"tonal_atonal": [0.1675896942615509, 0.8340551257133484], "voice_instrumental": [0.3283195197582245, 0.6632397174835205], "gender": [0.23063591122627258, 0.7690281867980957], "danceability": [0.027369841933250427, 0.9733569622039795]}