{"tonal_atonal": [0.9842674732208252, 0.04210332781076431], "voice_instrumental": [0.3537139892578125, 0.6146624684333801], "gender": [0.5891456007957458, 0.4134286940097809], "danceability": [0.957223117351532, 0.040370505303144455]}