{"tonal_atonal": [0.9069132804870605, 0.07491225749254227], "voice_instrumental": [0.5440454483032227, 0.4532196521759033], "gender": [0.42147788405418396, 0.5805185437202454], "danceability": [0.7671216726303101, 0.20003268122673035]}