{"tonal_atonal": [0.8164597749710083, 0.1397869884967804], "voice_instrumental": [0.3496679663658142, 0.6413228511810303], "gender": [0.28525838255882263, 0.7150560617446899], "danceability": [0.02156086266040802, 0.9775840640068054]}