{"tonal_atonal": [0.9984656572341919, 0.007290282752364874], "voice_instrumental": [0.7573691606521606, 0.18740099668502808], "gender": [0.5437526106834412, 0.45753684639930725], "danceability": [0.9968305230140686, 0.004022815264761448]}