{"tonal_atonal": [0.9981344938278198, 0.004779346752911806], "voice_instrumental": [0.017743311822414398, 0.9885699152946472], "gender": [0.1326369047164917, 0.8682995438575745], "danceability": [0.8439462780952454, 0.13278362154960632]}