{"tonal_atonal": [0.9996321797370911, 0.000584826513659209], "voice_instrumental": [0.21702563762664795, 0.7669364809989929], "gender": [0.475473016500473, 0.5255318284034729], "danceability": [0.9756370782852173, 0.025839028880000114]}