{"tonal_atonal": [0.9553787112236023, 0.04666765779256821], "voice_instrumental": [0.09686292707920074, 0.9060451984405518], "gender": [0.11072596162557602, 0.8894753456115723], "danceability": [0.9517658352851868, 0.04777048900723457]}