{"tonal_atonal": [0.3776789605617523, 0.6698752045631409], "voice_instrumental": [0.8990746140480042, 0.08409851044416428], "gender": [0.6353824138641357, 0.3664015531539917], "danceability": [0.9985438585281372, 0.0010146896820515394]}