{"tonal_atonal": [0.830683171749115, 0.1726899892091751], "voice_instrumental": [0.8891101479530334, 0.1010848805308342], "gender": [0.46042463183403015, 0.5409824848175049], "danceability": [0.029194733127951622, 0.9678038358688354]}