{"tonal_atonal": [0.8101527690887451, 0.15488629043102264], "voice_instrumental": [0.8431252837181091, 0.14631323516368866], "gender": [0.5230816006660461, 0.4793188273906708], "danceability": [0.021182533353567123, 0.97983318567276]}