{"tonal_atonal": [0.9907902479171753, 0.028970325365662575], "voice_instrumental": [0.6219602823257446, 0.30519652366638184], "gender": [0.3327062129974365, 0.6667360663414001], "danceability": [0.9682083129882812, 0.018326405435800552]}