{"tonal_atonal": [0.947179913520813, 0.062181223183870316], "voice_instrumental": [0.9384639263153076, 0.057901155203580856], "gender": [0.6537566184997559, 0.34810128808021545], "danceability": [0.7528271079063416, 0.24443939328193665]}