{"tonal_atonal": [0.5547038316726685, 0.36076992750167847], "voice_instrumental": [0.7738596200942993, 0.21107177436351776], "gender": [0.48434698581695557, 0.5175304412841797], "danceability": [0.01936563290655613, 0.9806119799613953]}