{"tonal_atonal": [0.8591228723526001, 0.18366141617298126], "voice_instrumental": [0.3924199640750885, 0.5499323606491089], "gender": [0.6758072972297668, 0.3262350857257843], "danceability": [0.9844764471054077, 0.03316626697778702]}