{"tonal_atonal": [0.9880640506744385, 0.010021397843956947], "voice_instrumental": [0.6464976668357849, 0.3504006266593933], "gender": [0.5358265042304993, 0.4654088020324707], "danceability": [0.1447743922472, 0.8141438364982605]}