{"tonal_atonal": [0.8683359622955322, 0.13848306238651276], "voice_instrumental": [0.24541635811328888, 0.7497851848602295], "gender": [0.5928612351417542, 0.4094935953617096], "danceability": [0.6289787888526917, 0.370124876499176]}