{"tonal_atonal": [0.9999330639839172, 0.00025437434669584036], "voice_instrumental": [0.15312546491622925, 0.8665163516998291], "gender": [0.4875396490097046, 0.5135564804077148], "danceability": [0.9640345573425293, 0.03603623807430267]}