{"tonal_atonal": [0.6152408719062805, 0.27064573764801025], "voice_instrumental": [0.7356827259063721, 0.2414851039648056], "gender": [0.4043050706386566, 0.5963159203529358], "danceability": [0.008683336898684502, 0.9890598654747009]}