{"tonal_atonal": [0.42467737197875977, 0.6203685402870178], "voice_instrumental": [0.5962561368942261, 0.37743622064590454], "gender": [0.4595659077167511, 0.5421175956726074], "danceability": [0.06072720140218735, 0.9283530116081238]}