{"tonal_atonal": [0.9738680124282837, 0.06332627683877945], "voice_instrumental": [0.8353637456893921, 0.15384827554225922], "gender": [0.6788773536682129, 0.3239019811153412], "danceability": [0.9820915460586548, 0.053371015936136246]}