{"tonal_atonal": [0.9092712998390198, 0.04518121853470802], "voice_instrumental": [0.4745485186576843, 0.5174927711486816], "gender": [0.43042364716529846, 0.5709554553031921], "danceability": [0.9295144081115723, 0.05685960128903389]}