{"tonal_atonal": [0.9581654667854309, 0.034849945455789566], "voice_instrumental": [0.5394526720046997, 0.45121437311172485], "gender": [0.6360775828361511, 0.3671811521053314], "danceability": [0.02233273722231388, 0.9752433896064758]}