{"tonal_atonal": [0.6941455006599426, 0.5196574926376343], "voice_instrumental": [0.710912823677063, 0.30792227387428284], "gender": [0.7077271342277527, 0.29431048035621643], "danceability": [0.9807328581809998, 0.017785724252462387]}