{"tonal_atonal": [0.9412871599197388, 0.09400671720504761], "voice_instrumental": [0.8879176378250122, 0.12118001282215118], "gender": [0.6535380482673645, 0.3486870527267456], "danceability": [0.9469237327575684, 0.03878084197640419]}