{"tonal_atonal": [0.6536601185798645, 0.4492129981517792], "voice_instrumental": [0.007427063304930925, 0.9927172660827637], "gender": [0.09248687326908112, 0.9075527191162109], "danceability": [0.1616411805152893, 0.8421515822410583]}