{"tonal_atonal": [0.5923376083374023, 0.3584302067756653], "voice_instrumental": [0.7236571311950684, 0.2756916582584381], "gender": [0.4961869716644287, 0.5149058103561401], "danceability": [0.05582888796925545, 0.9115248322486877]}