{"tonal_atonal": [0.9251478910446167, 0.0796777680516243], "voice_instrumental": [0.7633618712425232, 0.23218116164207458], "gender": [0.6144922971725464, 0.3883345425128937], "danceability": [0.1454029083251953, 0.8078641891479492]}