{"tonal_atonal": [0.6955124139785767, 0.35324934124946594], "voice_instrumental": [0.7069052457809448, 0.29208746552467346], "gender": [0.6105798482894897, 0.39143991470336914], "danceability": [0.6630508899688721, 0.3391868770122528]}