{"tonal_atonal": [0.679229199886322, 0.40150099992752075], "voice_instrumental": [0.8710631132125854, 0.13427557051181793], "gender": [0.5066046118736267, 0.49413952231407166], "danceability": [0.2996445596218109, 0.6422036290168762]}