{"tonal_atonal": [0.9619676470756531, 0.07704446464776993], "voice_instrumental": [0.5993022918701172, 0.325655996799469], "gender": [0.5305740833282471, 0.46937790513038635], "danceability": [0.9368523359298706, 0.05404010787606239]}