{"tonal_atonal": [0.8892483115196228, 0.0947590172290802], "voice_instrumental": [0.7924142479896545, 0.18982306122779846], "gender": [0.8112130761146545, 0.19436585903167725], "danceability": [0.09040238708257675, 0.8833649158477783]}