{"tonal_atonal": [0.04989151656627655, 0.8592223525047302], "voice_instrumental": [0.1666133850812912, 0.7966811060905457], "gender": [0.39810314774513245, 0.6028529405593872], "danceability": [0.19841021299362183, 0.8290479183197021]}