{"tonal_atonal": [0.9999998807907104, 3.005526650667889e-06], "voice_instrumental": [0.32100391387939453, 0.6927177309989929], "gender": [0.2253071665763855, 0.7751739025115967], "danceability": [1.0, 3.116108189260558e-07]}