{"tonal_atonal": [0.5046579241752625, 0.32057657837867737], "voice_instrumental": [0.9170474410057068, 0.08611836284399033], "gender": [0.5274211168289185, 0.4741550385951996], "danceability": [0.6324185729026794, 0.3478315472602844]}