{"tonal_atonal": [0.9993295073509216, 0.003047138685360551], "voice_instrumental": [0.12944543361663818, 0.8599165678024292], "gender": [0.2277470976114273, 0.7723661661148071], "danceability": [0.9535589218139648, 0.03936425596475601]}