{"tonal_atonal": [0.9693174958229065, 0.04802378639578819], "voice_instrumental": [0.3465248644351959, 0.6306394338607788], "gender": [0.5464820265769958, 0.454410582780838], "danceability": [0.9954861998558044, 0.003855651943013072]}