{"tonal_atonal": [0.7176410555839539, 0.36780834197998047], "voice_instrumental": [0.12058838456869125, 0.8715406060218811], "gender": [0.4190446734428406, 0.5782265663146973], "danceability": [0.0775294229388237, 0.8839865326881409]}