{"tonal_atonal": [0.8225640058517456, 0.16181054711341858], "voice_instrumental": [0.6904473304748535, 0.28124290704727173], "gender": [0.6783689260482788, 0.32566362619400024], "danceability": [0.039302073419094086, 0.9594300985336304]}