{"tonal_atonal": [0.4958547055721283, 0.39897722005844116], "voice_instrumental": [0.7349882125854492, 0.215280681848526], "gender": [0.6550619006156921, 0.3485586643218994], "danceability": [0.19356010854244232, 0.8017448782920837]}