{"tonal_atonal": [0.8104094862937927, 0.22996628284454346], "voice_instrumental": [0.4410313367843628, 0.531280517578125], "gender": [0.18821749091148376, 0.8115069270133972], "danceability": [0.6898338198661804, 0.25651901960372925]}