{"tonal_atonal": [0.9199075698852539, 0.09343285113573074], "voice_instrumental": [0.6990342736244202, 0.3034820258617401], "gender": [0.5646268129348755, 0.44590938091278076], "danceability": [0.2104116529226303, 0.7048227190971375]}