{"tonal_atonal": [0.7984782457351685, 0.23575766384601593], "voice_instrumental": [0.8085971474647522, 0.19325008988380432], "gender": [0.5974629521369934, 0.4036172032356262], "danceability": [0.07086607068777084, 0.915963351726532]}