{"tonal_atonal": [0.9612519145011902, 0.06469231098890305], "voice_instrumental": [0.40989360213279724, 0.5879650712013245], "gender": [0.4883387088775635, 0.5133953094482422], "danceability": [0.39320287108421326, 0.6003029346466064]}