{"tonal_atonal": [0.452236533164978, 0.5733379125595093], "voice_instrumental": [0.14976422488689423, 0.8276764750480652], "gender": [0.16935746371746063, 0.8312647342681885], "danceability": [0.7047156691551208, 0.27199888229370117]}