{"tonal_atonal": [0.9113031029701233, 0.08383886516094208], "voice_instrumental": [0.4291941225528717, 0.5975527167320251], "gender": [0.6364823579788208, 0.36569443345069885], "danceability": [0.6907542943954468, 0.30043748021125793]}