{"tonal_atonal": [0.9516004323959351, 0.03866494446992874], "voice_instrumental": [0.18183733522891998, 0.8078526258468628], "gender": [0.31107833981513977, 0.6903153657913208], "danceability": [0.926059901714325, 0.068415567278862]}