{"tonal_atonal": [0.8564574122428894, 0.14732588827610016], "voice_instrumental": [0.4923466145992279, 0.4616522490978241], "gender": [0.6273268461227417, 0.37297961115837097], "danceability": [0.9481894373893738, 0.045033831149339676]}