{"tonal_atonal": [0.9921444654464722, 0.062462951987981796], "voice_instrumental": [0.6226506233215332, 0.4036640524864197], "gender": [0.5381715297698975, 0.4610608220100403], "danceability": [0.9304513931274414, 0.06701190769672394]}