{"tonal_atonal": [0.8957173824310303, 0.09742946922779083], "voice_instrumental": [0.8326271176338196, 0.15645723044872284], "gender": [0.5340318083763123, 0.4673907160758972], "danceability": [0.04935247078537941, 0.9446293711662292]}