{"tonal_atonal": [0.9706668257713318, 0.06034831330180168], "voice_instrumental": [0.4723771810531616, 0.4781475365161896], "gender": [0.7308045029640198, 0.2721809446811676], "danceability": [0.8027159571647644, 0.18155929446220398]}