{"tonal_atonal": [0.10419035702943802, 0.8605498671531677], "voice_instrumental": [0.5746188759803772, 0.40403711795806885], "gender": [0.5544318556785583, 0.4470435082912445], "danceability": [0.19327382743358612, 0.7769237756729126]}