{"tonal_atonal": [0.8224402666091919, 0.3106319010257721], "voice_instrumental": [0.6119666695594788, 0.3456915318965912], "gender": [0.6130889058113098, 0.38760021328926086], "danceability": [0.8565444946289062, 0.12725266814231873]}