{"tonal_atonal": [0.41956833004951477, 0.5764217972755432], "voice_instrumental": [0.7819074392318726, 0.21721778810024261], "gender": [0.6773506999015808, 0.32466086745262146], "danceability": [0.28248223662376404, 0.6925013661384583]}