{"tonal_atonal": [0.9248730540275574, 0.13232636451721191], "voice_instrumental": [0.21242082118988037, 0.77972811460495], "gender": [0.13423539698123932, 0.865309476852417], "danceability": [0.03825591877102852, 0.9600439071655273]}