{"tonal_atonal": [0.9620828628540039, 0.06132817268371582], "voice_instrumental": [0.3561334013938904, 0.6148825287818909], "gender": [0.35421815514564514, 0.6469988822937012], "danceability": [0.9616237878799438, 0.044111184775829315]}