{"tonal_atonal": [0.482585072517395, 0.5918254852294922], "voice_instrumental": [0.66936194896698, 0.3112691342830658], "gender": [0.5674298405647278, 0.4339081048965454], "danceability": [0.11579417437314987, 0.8816570043563843]}