{"tonal_atonal": [0.5470663905143738, 0.3681696057319641], "voice_instrumental": [0.3048851191997528, 0.6939297318458557], "gender": [0.605008065700531, 0.3980267643928528], "danceability": [0.37756484746932983, 0.6134609580039978]}