{"tonal_atonal": [0.9998468160629272, 0.0014140006387606263], "voice_instrumental": [0.16236023604869843, 0.8419732451438904], "gender": [0.4141697585582733, 0.5862401127815247], "danceability": [0.9997539520263672, 0.00015453857486136258]}