{"tonal_atonal": [0.8002259135246277, 0.14113232493400574], "voice_instrumental": [0.7671434879302979, 0.2238369733095169], "gender": [0.5944545865058899, 0.4051291346549988], "danceability": [0.6940970420837402, 0.28100165724754333]}