{"tonal_atonal": [0.5583420395851135, 0.3515273630619049], "voice_instrumental": [0.28085145354270935, 0.7224359512329102], "gender": [0.17113319039344788, 0.8275817036628723], "danceability": [0.0324893593788147, 0.963185727596283]}