{"tonal_atonal": [0.771745502948761, 0.26157745718955994], "voice_instrumental": [0.5862488150596619, 0.3951130211353302], "gender": [0.44891050457954407, 0.5523145794868469], "danceability": [0.7384207248687744, 0.23952807486057281]}