{"tonal_atonal": [0.9999674558639526, 0.000455927278380841], "voice_instrumental": [0.12793637812137604, 0.8393480777740479], "gender": [0.3961658179759979, 0.6060599088668823], "danceability": [1.0, 1.0606120781631034e-07]}