{"tonal_atonal": [0.9896836876869202, 0.011853638105094433], "voice_instrumental": [0.5412924885749817, 0.45752227306365967], "gender": [0.604928731918335, 0.4089677929878235], "danceability": [0.11118432879447937, 0.8411856889724731]}