{"tonal_atonal": [0.8483577370643616, 0.2467823624610901], "voice_instrumental": [0.2525269389152527, 0.7173486948013306], "gender": [0.5617557764053345, 0.4409291744232178], "danceability": [0.8489236831665039, 0.2289675623178482]}