{"tonal_atonal": [0.9951285123825073, 0.010416175238788128], "voice_instrumental": [0.8245223164558411, 0.17706336081027985], "gender": [0.3699524402618408, 0.6319073438644409], "danceability": [0.9634031653404236, 0.03338782116770744]}