{"tonal_atonal": [0.6224997639656067, 0.31702661514282227], "voice_instrumental": [0.8269942998886108, 0.15987174212932587], "gender": [0.593327522277832, 0.4081731140613556], "danceability": [0.813029944896698, 0.18264880776405334]}