{"tonal_atonal": [0.4896725118160248, 0.5160871744155884], "voice_instrumental": [0.05478505790233612, 0.9374977946281433], "gender": [0.21163736283779144, 0.78783118724823], "danceability": [0.05396588146686554, 0.9362637400627136]}