{"tonal_atonal": [0.962776780128479, 0.061018578708171844], "voice_instrumental": [0.51408851146698, 0.48986363410949707], "gender": [0.47441765666007996, 0.5279619693756104], "danceability": [0.868704080581665, 0.1241753026843071]}