{"tonal_atonal": [0.7004693746566772, 0.21649859845638275], "voice_instrumental": [0.925805926322937, 0.06935141980648041], "gender": [0.69277024269104, 0.30932873487472534], "danceability": [0.04710955545306206, 0.9503174424171448]}