{"tonal_atonal": [0.6810488700866699, 0.22832928597927094], "voice_instrumental": [0.9178385734558105, 0.08009655028581619], "gender": [0.528887152671814, 0.47219932079315186], "danceability": [0.029236523434519768, 0.9721439480781555]}