{"tonal_atonal": [0.34403195977211, 0.6667598485946655], "voice_instrumental": [0.7794538736343384, 0.19545553624629974], "gender": [0.3630543351173401, 0.6387948393821716], "danceability": [0.16785705089569092, 0.8208296298980713]}