{"tonal_atonal": [0.9921332597732544, 0.014995324425399303], "voice_instrumental": [0.7077289819717407, 0.3155166506767273], "gender": [0.7668247222900391, 0.2329048216342926], "danceability": [0.9985032677650452, 0.0010082314256578684]}