{"tonal_atonal": [0.06731846928596497, 0.952164351940155], "voice_instrumental": [0.8249475955963135, 0.15361231565475464], "gender": [0.5782563090324402, 0.42323100566864014], "danceability": [0.4014244079589844, 0.6001273989677429]}