{"tonal_atonal": [0.1986207216978073, 0.8247511386871338], "voice_instrumental": [0.4510066509246826, 0.5212203860282898], "gender": [0.2967531681060791, 0.7044617533683777], "danceability": [0.9577926397323608, 0.0397336371243]}