{"tonal_atonal": [0.779170036315918, 0.2290922850370407], "voice_instrumental": [0.6110497117042542, 0.3685787320137024], "gender": [0.5354759693145752, 0.463274210691452], "danceability": [0.33845603466033936, 0.6488224864006042]}