{"tonal_atonal": [0.5971307754516602, 0.4372100532054901], "voice_instrumental": [0.18443194031715393, 0.8134503364562988], "gender": [0.6032316088676453, 0.3978678286075592], "danceability": [0.6280924081802368, 0.3679460287094116]}