{"tonal_atonal": [0.7724464535713196, 0.36245784163475037], "voice_instrumental": [0.20384624600410461, 0.8098227977752686], "gender": [0.4248884320259094, 0.5774781107902527], "danceability": [0.7846813797950745, 0.25213563442230225]}