{"tonal_atonal": [0.9935994744300842, 0.008104255422949791], "voice_instrumental": [0.6989681720733643, 0.3165961802005768], "gender": [0.4722948968410492, 0.5455689430236816], "danceability": [0.1137448251247406, 0.838287889957428]}