{"tonal_atonal": [0.9914282560348511, 0.015356456860899925], "voice_instrumental": [0.5152682065963745, 0.46627897024154663], "gender": [0.28590452671051025, 0.7148699760437012], "danceability": [0.1607264131307602, 0.7838796377182007]}