{"tonal_atonal": [0.9999880194664001, 0.00011637090938165784], "voice_instrumental": [0.14572405815124512, 0.8642000555992126], "gender": [0.556767463684082, 0.4503495395183563], "danceability": [0.9996398091316223, 0.0009008895722217858]}