{"tonal_atonal": [0.4919687807559967, 0.4684068560600281], "voice_instrumental": [0.8890710473060608, 0.10183842480182648], "gender": [0.6868773102760315, 0.31753793358802795], "danceability": [0.029234403744339943, 0.9687958359718323]}