{"tonal_atonal": [0.9504159092903137, 0.059494297951459885], "voice_instrumental": [0.39945265650749207, 0.5776860117912292], "gender": [0.544004499912262, 0.4572996497154236], "danceability": [0.34995704889297485, 0.5843415260314941]}