{"tonal_atonal": [0.832951545715332, 0.12019584327936172], "voice_instrumental": [0.725058376789093, 0.25705233216285706], "gender": [0.5609739422798157, 0.4405762255191803], "danceability": [0.23146981000900269, 0.7256126999855042]}