{"tonal_atonal": [0.996605396270752, 0.005757586564868689], "voice_instrumental": [0.49848881363868713, 0.5199309587478638], "gender": [0.4706171751022339, 0.5313876867294312], "danceability": [0.9961599111557007, 0.004418275319039822]}