{"tonal_atonal": [0.9772587418556213, 0.03527464717626572], "voice_instrumental": [0.04430820792913437, 0.9610892534255981], "gender": [0.3961893916130066, 0.6067731976509094], "danceability": [0.9997290372848511, 0.0003158450126647949]}