{"tonal_atonal": [0.8723485469818115, 0.19755221903324127], "voice_instrumental": [0.561772346496582, 0.4480418562889099], "gender": [0.5049704909324646, 0.49614810943603516], "danceability": [0.999767005443573, 0.0002820849185809493]}