{"tonal_atonal": [0.6991404294967651, 0.45678743720054626], "voice_instrumental": [0.05631095916032791, 0.9504528641700745], "gender": [0.6064605116844177, 0.39537250995635986], "danceability": [0.27749672532081604, 0.7072352170944214]}