{"tonal_atonal": [0.9299715161323547, 0.11477760225534439], "voice_instrumental": [0.39219921827316284, 0.5247194170951843], "gender": [0.7168542742729187, 0.28533241152763367], "danceability": [0.6892707347869873, 0.2969687283039093]}