{"tonal_atonal": [0.9927429556846619, 0.00905523169785738], "voice_instrumental": [0.0968741774559021, 0.8927837610244751], "gender": [0.2711615562438965, 0.7304850816726685], "danceability": [0.9386839866638184, 0.06022937223315239]}