{"tonal_atonal": [0.8981269598007202, 0.15449552237987518], "voice_instrumental": [0.8313590288162231, 0.14621785283088684], "gender": [0.6633641719818115, 0.33873286843299866], "danceability": [0.9065341353416443, 0.07519760727882385]}