{"tonal_atonal": [0.9838409423828125, 0.037649206817150116], "voice_instrumental": [0.6839063167572021, 0.3503704369068146], "gender": [0.29889845848083496, 0.7020831108093262], "danceability": [0.9043745398521423, 0.08225994557142258]}