{"tonal_atonal": [0.3507782518863678, 0.5896098017692566], "voice_instrumental": [0.821906566619873, 0.17973840236663818], "gender": [0.5133978724479675, 0.4882454574108124], "danceability": [0.008706536144018173, 0.9909948706626892]}