{"tonal_atonal": [0.32169684767723083, 0.7167305946350098], "voice_instrumental": [0.13695329427719116, 0.8636419177055359], "gender": [0.12442678213119507, 0.8749072551727295], "danceability": [0.006163293030112982, 0.9941584467887878]}