{"tonal_atonal": [0.3820855915546417, 0.6931995153427124], "voice_instrumental": [0.5363669395446777, 0.43299293518066406], "gender": [0.44866254925727844, 0.5533870458602905], "danceability": [0.7933200597763062, 0.23656848073005676]}