{"tonal_atonal": [0.644623875617981, 0.3844722509384155], "voice_instrumental": [0.8096845746040344, 0.19387660920619965], "gender": [0.41342952847480774, 0.587491512298584], "danceability": [0.2934752404689789, 0.659035861492157]}