{"tonal_atonal": [0.9753386974334717, 0.03365267813205719], "voice_instrumental": [0.2145082652568817, 0.7920387983322144], "gender": [0.17710520327091217, 0.8243799805641174], "danceability": [0.7654176950454712, 0.3785726726055145]}