{"tonal_atonal": [0.9089208841323853, 0.06907064467668533], "voice_instrumental": [0.23155012726783752, 0.7710525393486023], "gender": [0.21029268205165863, 0.7897135615348816], "danceability": [0.003917348571121693, 0.996931791305542]}