{"tonal_atonal": [0.42260345816612244, 0.6419694423675537], "voice_instrumental": [0.16913366317749023, 0.8284867405891418], "gender": [0.37303242087364197, 0.6191005110740662], "danceability": [0.02611084096133709, 0.9769415855407715]}