{"tonal_atonal": [0.379425585269928, 0.4990134537220001], "voice_instrumental": [0.19242802262306213, 0.8243589401245117], "gender": [0.26003971695899963, 0.7418494820594788], "danceability": [0.3523065447807312, 0.6526469588279724]}