{"tonal_atonal": [0.2303912341594696, 0.7167056798934937], "voice_instrumental": [0.9170746207237244, 0.07428565621376038], "gender": [0.6627103686332703, 0.34005680680274963], "danceability": [0.02171088196337223, 0.9815625548362732]}