{"tonal_atonal": [0.7089858651161194, 0.2983725368976593], "voice_instrumental": [0.7436038255691528, 0.22667376697063446], "gender": [0.6121968030929565, 0.3931258022785187], "danceability": [0.08348248153924942, 0.8940828442573547]}