{"tonal_atonal": [0.830761730670929, 0.18931524455547333], "voice_instrumental": [0.6390072107315063, 0.33125290274620056], "gender": [0.5529428720474243, 0.4490389823913574], "danceability": [0.4258464574813843, 0.5579320192337036]}