{"tonal_atonal": [0.9821596145629883, 0.04755902290344238], "voice_instrumental": [0.14562827348709106, 0.8354620933532715], "gender": [0.20231187343597412, 0.7982398271560669], "danceability": [0.843782365322113, 0.14520633220672607]}