{"tonal_atonal": [0.811054527759552, 0.23379382491111755], "voice_instrumental": [0.4977860748767853, 0.6093923449516296], "gender": [0.46243661642074585, 0.5385599136352539], "danceability": [0.9521687626838684, 0.03883952274918556]}