{"tonal_atonal": [0.8893586993217468, 0.12926428020000458], "voice_instrumental": [0.7539305090904236, 0.22512699663639069], "gender": [0.7019983530044556, 0.2972627282142639], "danceability": [0.9036322236061096, 0.10113073140382767]}