{"tonal_atonal": [0.9778028726577759, 0.03731553256511688], "voice_instrumental": [0.793440580368042, 0.19869104027748108], "gender": [0.5741739869117737, 0.42807936668395996], "danceability": [0.8279738426208496, 0.17762652039527893]}