{"tonal_atonal": [0.6606830358505249, 0.23764580488204956], "voice_instrumental": [0.8704436421394348, 0.11958678066730499], "gender": [0.7553255558013916, 0.24806401133537292], "danceability": [0.04568566381931305, 0.9514951109886169]}