{"tonal_atonal": [0.8209693431854248, 0.2055027335882187], "voice_instrumental": [0.8699775338172913, 0.12180140614509583], "gender": [0.6578647494316101, 0.34703463315963745], "danceability": [0.03583912551403046, 0.9592134952545166]}