{"tonal_atonal": [0.3686443567276001, 0.627240002155304], "voice_instrumental": [0.843229353427887, 0.15835760533809662], "gender": [0.6373648643493652, 0.3648050129413605], "danceability": [0.6458820700645447, 0.3273443579673767]}