{"tonal_atonal": [0.8561189770698547, 0.11343438923358917], "voice_instrumental": [0.8896760940551758, 0.10335331410169601], "gender": [0.6193573474884033, 0.38592401146888733], "danceability": [0.017421411350369453, 0.9837813377380371]}