{"tonal_atonal": [0.944959819316864, 0.051404405385255814], "voice_instrumental": [0.20835697650909424, 0.8092160820960999], "gender": [0.26459866762161255, 0.7328681349754333], "danceability": [0.12473919242620468, 0.8467838168144226]}