{"tonal_atonal": [0.7674072980880737, 0.21606215834617615], "voice_instrumental": [0.9109962582588196, 0.08671775460243225], "gender": [0.5715843439102173, 0.4309096932411194], "danceability": [0.02118878811597824, 0.9755300879478455]}