{"tonal_atonal": [0.953040599822998, 0.04039629548788071], "voice_instrumental": [0.5045506358146667, 0.47412824630737305], "gender": [0.544575035572052, 0.45967352390289307], "danceability": [0.055778875946998596, 0.9309945702552795]}