{"tonal_atonal": [0.8680622577667236, 0.12616410851478577], "voice_instrumental": [0.2687835991382599, 0.7249764204025269], "gender": [0.3085058331489563, 0.6918527483940125], "danceability": [0.10680940747261047, 0.8522273898124695]}