{"tonal_atonal": [0.9421868920326233, 0.0645681619644165], "voice_instrumental": [0.8493267893791199, 0.10962779819965363], "gender": [0.40233898162841797, 0.5984249114990234], "danceability": [0.8855522871017456, 0.10818170011043549]}