{"tonal_atonal": [0.9723837971687317, 0.035400811582803726], "voice_instrumental": [0.3374539911746979, 0.6466531157493591], "gender": [0.41392087936401367, 0.5877473950386047], "danceability": [0.9999999403953552, 3.3401749988115625e-06]}