{"tonal_atonal": [0.811626672744751, 0.13113471865653992], "voice_instrumental": [0.6307073831558228, 0.33292385935783386], "gender": [0.7684902548789978, 0.23826338350772858], "danceability": [0.0388573594391346, 0.9589995741844177]}