{"tonal_atonal": [0.9381765127182007, 0.06551830470561981], "voice_instrumental": [0.5489577651023865, 0.42678266763687134], "gender": [0.5692087411880493, 0.45427122712135315], "danceability": [0.07327014207839966, 0.8931283950805664]}