{"tonal_atonal": [0.9278643131256104, 0.11925143003463745], "voice_instrumental": [0.5515881776809692, 0.4568684697151184], "gender": [0.3406301736831665, 0.6602107882499695], "danceability": [0.9326841831207275, 0.06685779988765717]}