{"tonal_atonal": [0.6650214791297913, 0.33827856183052063], "voice_instrumental": [0.5682085752487183, 0.4380611777305603], "gender": [0.5212323665618896, 0.48035234212875366], "danceability": [0.05960562080144882, 0.9262283444404602]}