{"tonal_atonal": [0.9999755620956421, 0.00023713521659374237], "voice_instrumental": [0.2108340859413147, 0.7512497305870056], "gender": [0.6705331206321716, 0.3309512436389923], "danceability": [0.9999776482582092, 4.0551021811552346e-05]}