{"tonal_atonal": [0.9942581057548523, 0.00836428813636303], "voice_instrumental": [0.6919387578964233, 0.26353681087493896], "gender": [0.6428974270820618, 0.3575909435749054], "danceability": [0.9208870530128479, 0.07647973299026489]}