{"tonal_atonal": [0.9713143706321716, 0.03853082284331322], "voice_instrumental": [0.43287962675094604, 0.5713362097740173], "gender": [0.6171796917915344, 0.38675859570503235], "danceability": [0.3010532855987549, 0.5978960990905762]}