{"tonal_atonal": [0.9995942711830139, 0.0015299186343327165], "voice_instrumental": [0.6791046857833862, 0.2765708565711975], "gender": [0.5681271553039551, 0.4313991069793701], "danceability": [0.999998927116394, 2.102851794916205e-06]}