{"tonal_atonal": [0.8741439580917358, 0.15409845113754272], "voice_instrumental": [0.8300681710243225, 0.1673523336648941], "gender": [0.6510739326477051, 0.35087862610816956], "danceability": [0.6365079879760742, 0.33672407269477844]}