{"tonal_atonal": [0.9991936683654785, 0.0035889120772480965], "voice_instrumental": [0.018700800836086273, 0.9857227206230164], "gender": [0.3676204979419708, 0.6346479654312134], "danceability": [0.9706261157989502, 0.023384802043437958]}