{"tonal_atonal": [0.32057133316993713, 0.6105808019638062], "voice_instrumental": [0.8005537986755371, 0.18427690863609314], "gender": [0.5019707679748535, 0.4995920658111572], "danceability": [0.26928961277008057, 0.7102817296981812]}