{"tonal_atonal": [0.9781878590583801, 0.02348906360566616], "voice_instrumental": [0.39462316036224365, 0.5990145206451416], "gender": [0.4729011058807373, 0.5285069942474365], "danceability": [0.9625080227851868, 0.03347894176840782]}