{"tonal_atonal": [0.754419207572937, 0.2780613303184509], "voice_instrumental": [0.635530948638916, 0.342009961605072], "gender": [0.7679182887077332, 0.23439398407936096], "danceability": [0.5838152170181274, 0.38281750679016113]}