{"tonal_atonal": [0.3827730715274811, 0.6949656009674072], "voice_instrumental": [0.9041236042976379, 0.11178677529096603], "gender": [0.3524690568447113, 0.6477871537208557], "danceability": [0.40844210982322693, 0.5594972372055054]}