{"tonal_atonal": [0.984918475151062, 0.024842320010066032], "voice_instrumental": [0.685356855392456, 0.30071523785591125], "gender": [0.3274778723716736, 0.6845740079879761], "danceability": [0.05253755301237106, 0.9236776232719421]}