{"tonal_atonal": [0.9937523603439331, 0.008532124571502209], "voice_instrumental": [0.9298312664031982, 0.06318557262420654], "gender": [0.7465812563896179, 0.2560616731643677], "danceability": [0.8718848824501038, 0.12744943797588348]}