{"tonal_atonal": [0.801103949546814, 0.22194941341876984], "voice_instrumental": [0.3611806631088257, 0.6213017106056213], "gender": [0.3651393949985504, 0.6360622644424438], "danceability": [0.7411684393882751, 0.3067510724067688]}