{"tonal_atonal": [0.8717261552810669, 0.16124285757541656], "voice_instrumental": [0.7318692207336426, 0.22209425270557404], "gender": [0.5783157348632812, 0.4230944812297821], "danceability": [0.6592873334884644, 0.31873592734336853]}