{"tonal_atonal": [0.9581969380378723, 0.04818369448184967], "voice_instrumental": [0.4993867576122284, 0.4775436818599701], "gender": [0.5629153251647949, 0.4586520195007324], "danceability": [0.05812521651387215, 0.9189183115959167]}