{"tonal_atonal": [0.7393136620521545, 0.14424370229244232], "voice_instrumental": [0.21942651271820068, 0.7618078589439392], "gender": [0.29974573850631714, 0.7007020711898804], "danceability": [0.3544565439224243, 0.6258533000946045]}