{"tonal_atonal": [0.9234243631362915, 0.09460307657718658], "voice_instrumental": [0.5827544331550598, 0.4141116440296173], "gender": [0.5569109320640564, 0.4510044753551483], "danceability": [0.20797079801559448, 0.7678439617156982]}