{"tonal_atonal": [0.9698048830032349, 0.04912808910012245], "voice_instrumental": [0.39722269773483276, 0.6007483601570129], "gender": [0.25039616227149963, 0.7512481808662415], "danceability": [0.9994971752166748, 0.00035008942359127104]}