{"tonal_atonal": [0.7906513810157776, 0.20568978786468506], "voice_instrumental": [0.6469996571540833, 0.3084060549736023], "gender": [0.7137774229049683, 0.28762438893318176], "danceability": [0.49521684646606445, 0.4922406077384949]}