{"tonal_atonal": [0.9996981024742126, 0.001025468809530139], "voice_instrumental": [0.7438861727714539, 0.19793349504470825], "gender": [0.4490417242050171, 0.5503297448158264], "danceability": [0.9324409365653992, 0.06317298859357834]}