{"tonal_atonal": [0.7886720299720764, 0.24696841835975647], "voice_instrumental": [0.5017245411872864, 0.5034969449043274], "gender": [0.5283951759338379, 0.47263672947883606], "danceability": [0.8621784448623657, 0.11686620861291885]}