{"tonal_atonal": [0.9960946440696716, 0.004306785762310028], "voice_instrumental": [0.4328497350215912, 0.5485159754753113], "gender": [0.6069692373275757, 0.39494025707244873], "danceability": [0.6501590609550476, 0.34524109959602356]}