{"tonal_atonal": [0.9802054762840271, 0.02464933879673481], "voice_instrumental": [0.04910812899470329, 0.9616261720657349], "gender": [0.07819291204214096, 0.921873927116394], "danceability": [0.9818272590637207, 0.017407076433300972]}