{"tonal_atonal": [0.7565643787384033, 0.2908759117126465], "voice_instrumental": [0.8559444546699524, 0.13257502019405365], "gender": [0.559000551700592, 0.4429151117801666], "danceability": [0.7721737027168274, 0.22112999856472015]}