{"tonal_atonal": [0.7398176193237305, 0.27163660526275635], "voice_instrumental": [0.6911152601242065, 0.3013949692249298], "gender": [0.3500710725784302, 0.651770830154419], "danceability": [0.690049409866333, 0.31479719281196594]}