{"tonal_atonal": [0.9347249865531921, 0.0872402936220169], "voice_instrumental": [0.5264476537704468, 0.4613499045372009], "gender": [0.38454920053482056, 0.6167096495628357], "danceability": [0.8807836174964905, 0.11410999298095703]}