{"tonal_atonal": [0.47168073058128357, 0.44462576508522034], "voice_instrumental": [0.8312931656837463, 0.15853504836559296], "gender": [0.6995570659637451, 0.3033602237701416], "danceability": [0.049825381487607956, 0.9493910670280457]}