{"tonal_atonal": [0.8145898580551147, 0.13394367694854736], "voice_instrumental": [0.8368366956710815, 0.10934022068977356], "gender": [0.29829442501068115, 0.7036772966384888], "danceability": [0.6169236302375793, 0.365075945854187]}