{"tonal_atonal": [0.9988715052604675, 0.0026368622202426195], "voice_instrumental": [0.3816123306751251, 0.5802070498466492], "gender": [0.5344855189323425, 0.4715198576450348], "danceability": [0.9582745432853699, 0.03827589377760887]}