{"tonal_atonal": [0.14014068245887756, 0.8756944537162781], "voice_instrumental": [0.7547618746757507, 0.20441466569900513], "gender": [0.6596484780311584, 0.34226125478744507], "danceability": [0.010810545645654202, 0.9943159818649292]}