{"tonal_atonal": [0.964638352394104, 0.030675403773784637], "voice_instrumental": [0.3553789258003235, 0.6399489045143127], "gender": [0.31641530990600586, 0.6840641498565674], "danceability": [0.020979497581720352, 0.9761754274368286]}