{"tonal_atonal": [0.9143601059913635, 0.12086012214422226], "voice_instrumental": [0.45268183946609497, 0.520695686340332], "gender": [0.6494273543357849, 0.3499037027359009], "danceability": [0.9568260908126831, 0.035993222147226334]}