{"tonal_atonal": [0.7016926407814026, 0.3419579565525055], "voice_instrumental": [0.8970962762832642, 0.09832476824522018], "gender": [0.5346558094024658, 0.4668768644332886], "danceability": [0.14017261564731598, 0.8458089828491211]}