{"tonal_atonal": [0.763832688331604, 0.2615908086299896], "voice_instrumental": [0.6616334915161133, 0.32164087891578674], "gender": [0.7623990774154663, 0.2395164519548416], "danceability": [0.982886791229248, 0.018799249082803726]}