{"tonal_atonal": [0.8372401595115662, 0.16779585182666779], "voice_instrumental": [0.8603524565696716, 0.13189905881881714], "gender": [0.6637391448020935, 0.3386116623878479], "danceability": [0.8752551674842834, 0.11627069860696793]}