{"tonal_atonal": [0.899921715259552, 0.11962255835533142], "voice_instrumental": [0.2437240183353424, 0.7724650502204895], "gender": [0.3149164915084839, 0.6869726777076721], "danceability": [0.7593516111373901, 0.2627100348472595]}