{"tonal_atonal": [0.1948264241218567, 0.7772157788276672], "voice_instrumental": [0.2788369953632355, 0.6848886013031006], "gender": [0.5064281821250916, 0.4947415888309479], "danceability": [0.2937208414077759, 0.7507013082504272]}