{"tonal_atonal": [0.8824301958084106, 0.2715419828891754], "voice_instrumental": [0.5611903071403503, 0.46095481514930725], "gender": [0.8736662268638611, 0.1256081759929657], "danceability": [0.9999750256538391, 1.7013115211739205e-05]}