{"tonal_atonal": [0.7820202112197876, 0.28984543681144714], "voice_instrumental": [0.6532264351844788, 0.32030758261680603], "gender": [0.5347453355789185, 0.47606030106544495], "danceability": [0.060967396944761276, 0.9192904829978943]}