{"tonal_atonal": [0.22533737123012543, 0.7759273052215576], "voice_instrumental": [0.7486945986747742, 0.23032918572425842], "gender": [0.42404240369796753, 0.5798566937446594], "danceability": [0.0612398125231266, 0.9247591495513916]}