{"tonal_atonal": [0.9586823582649231, 0.05412215366959572], "voice_instrumental": [0.07290737330913544, 0.926197350025177], "gender": [0.29926741123199463, 0.7017034888267517], "danceability": [0.006979639176279306, 0.9932684898376465]}