{"tonal_atonal": [0.9410626888275146, 0.07845645397901535], "voice_instrumental": [0.11493970453739166, 0.881253182888031], "gender": [0.1741178035736084, 0.8255541324615479], "danceability": [0.04184256121516228, 0.9503561854362488]}