{"tonal_atonal": [0.6739376187324524, 0.34867948293685913], "voice_instrumental": [0.6179746389389038, 0.3556489050388336], "gender": [0.6313976049423218, 0.37852638959884644], "danceability": [0.08909721672534943, 0.8764814138412476]}