{"tonal_atonal": [0.2502182722091675, 0.8342983722686768], "voice_instrumental": [0.9254151582717896, 0.07137984037399292], "gender": [0.3030391037464142, 0.6972582936286926], "danceability": [0.007823609746992588, 0.9921196103096008]}