{"tonal_atonal": [0.6930027008056641, 0.3716374933719635], "voice_instrumental": [0.751786470413208, 0.2542034685611725], "gender": [0.709712564945221, 0.2953488528728485], "danceability": [0.5849702954292297, 0.40155795216560364]}