{"tonal_atonal": [0.9838859438896179, 0.01014832966029644], "voice_instrumental": [0.5780999064445496, 0.38302332162857056], "gender": [0.7120888829231262, 0.296761155128479], "danceability": [0.04578135535120964, 0.9459683895111084]}