{"tonal_atonal": [0.4200582504272461, 0.6338691115379333], "voice_instrumental": [0.5123791694641113, 0.47484496235847473], "gender": [0.208772212266922, 0.7921698689460754], "danceability": [0.6938791275024414, 0.2919352948665619]}