{"tonal_atonal": [0.985232412815094, 0.019303781911730766], "voice_instrumental": [0.6827216744422913, 0.28818798065185547], "gender": [0.7344686388969421, 0.26656025648117065], "danceability": [0.9977506399154663, 0.0011347963009029627]}