{"tonal_atonal": [0.9515913724899292, 0.06272873282432556], "voice_instrumental": [0.3059263229370117, 0.6802417039871216], "gender": [0.5492874383926392, 0.45214900374412537], "danceability": [0.9843807220458984, 0.020120272412896156]}