{"tonal_atonal": [0.9111782312393188, 0.10401396453380585], "voice_instrumental": [0.8319888114929199, 0.15111304819583893], "gender": [0.44670093059539795, 0.5543020963668823], "danceability": [0.1781706064939499, 0.8389197587966919]}