{"tonal_atonal": [0.8531900644302368, 0.15796896815299988], "voice_instrumental": [0.31900081038475037, 0.6795352697372437], "gender": [0.2018004059791565, 0.7974942922592163], "danceability": [0.03394435718655586, 0.9587528109550476]}