{"tonal_atonal": [0.5700386166572571, 0.4085831940174103], "voice_instrumental": [0.8681060671806335, 0.136851504445076], "gender": [0.6032515168190002, 0.4007317125797272], "danceability": [0.053394854068756104, 0.9370442032814026]}