{"tonal_atonal": [0.7620809078216553, 0.2007216215133667], "voice_instrumental": [0.7872812747955322, 0.2023320496082306], "gender": [0.632629930973053, 0.36825859546661377], "danceability": [0.9999311566352844, 0.0001934707979671657]}