{"tonal_atonal": [0.8764908909797668, 0.12194046378135681], "voice_instrumental": [0.6863559484481812, 0.2563753128051758], "gender": [0.5544133186340332, 0.4475156366825104], "danceability": [0.7730354070663452, 0.2213308960199356]}