{"tonal_atonal": [0.6709916591644287, 0.31543633341789246], "voice_instrumental": [0.705935537815094, 0.2860044240951538], "gender": [0.552708625793457, 0.4474638104438782], "danceability": [0.16514258086681366, 0.7921594381332397]}