{"tonal_atonal": [0.7969609498977661, 0.24172711372375488], "voice_instrumental": [0.7312442064285278, 0.2510339617729187], "gender": [0.6499866843223572, 0.3540964424610138], "danceability": [0.07012107968330383, 0.9338779449462891]}