{"tonal_atonal": [0.9999564290046692, 0.0006908901268616319], "voice_instrumental": [0.4525379538536072, 0.5195358991622925], "gender": [0.15515823662281036, 0.8451895713806152], "danceability": [0.7585483193397522, 0.3507327437400818]}