{"tonal_atonal": [0.9990113973617554, 0.0012233804445713758], "voice_instrumental": [0.2866670489311218, 0.7050382494926453], "gender": [0.5345085263252258, 0.4677959084510803], "danceability": [0.7516664266586304, 0.23289674520492554]}