{"tonal_atonal": [0.7941599488258362, 0.1763307750225067], "voice_instrumental": [0.8804869651794434, 0.12179335951805115], "gender": [0.47377464175224304, 0.5346452593803406], "danceability": [0.0325104184448719, 0.9605607390403748]}