{"tonal_atonal": [0.7907055616378784, 0.36197587847709656], "voice_instrumental": [0.2980777621269226, 0.6753565669059753], "gender": [0.2682475745677948, 0.7327603697776794], "danceability": [0.9120464324951172, 0.09043494611978531]}