{"tonal_atonal": [0.7314956188201904, 0.29772859811782837], "voice_instrumental": [0.7692372798919678, 0.22175659239292145], "gender": [0.5964483618736267, 0.41077709197998047], "danceability": [0.06312405318021774, 0.9210246801376343]}