{"tonal_atonal": [0.9558030962944031, 0.041611600667238235], "voice_instrumental": [0.7537018060684204, 0.23382695019245148], "gender": [0.6093223690986633, 0.3926694989204407], "danceability": [0.09406648576259613, 0.8802929520606995]}