{"tonal_atonal": [0.914767324924469, 0.11563967168331146], "voice_instrumental": [0.08348032832145691, 0.9211429357528687], "gender": [0.9018107652664185, 0.09926683455705643], "danceability": [0.996809184551239, 0.003027945989742875]}