{"tonal_atonal": [0.5842183828353882, 0.4168679416179657], "voice_instrumental": [0.8185936808586121, 0.18850448727607727], "gender": [0.6107481122016907, 0.3923725485801697], "danceability": [0.20933720469474792, 0.76253741979599]}