{"tonal_atonal": [0.994244396686554, 0.007325401529669762], "voice_instrumental": [0.5109555721282959, 0.4717860817909241], "gender": [0.3828373849391937, 0.6184987425804138], "danceability": [0.2945617735385895, 0.7458885312080383]}