{"tonal_atonal": [0.9493263363838196, 0.0631350576877594], "voice_instrumental": [0.6520463228225708, 0.342750608921051], "gender": [0.8499776721000671, 0.1501668095588684], "danceability": [0.9850549101829529, 0.01288991142064333]}