{"tonal_atonal": [0.570660412311554, 0.3734281361103058], "voice_instrumental": [0.9067003726959229, 0.09349870681762695], "gender": [0.5920071601867676, 0.4109116196632385], "danceability": [0.02197299897670746, 0.9755499362945557]}