{"tonal_atonal": [0.978150486946106, 0.025880228728055954], "voice_instrumental": [0.6778289675712585, 0.32472100853919983], "gender": [0.3608878552913666, 0.6399648189544678], "danceability": [0.6096808314323425, 0.388726145029068]}