{"tonal_atonal": [0.3196902573108673, 0.6804723143577576], "voice_instrumental": [0.9420819878578186, 0.053695328533649445], "gender": [0.5010619163513184, 0.5006607174873352], "danceability": [0.04031350463628769, 0.954852819442749]}