{"tonal_atonal": [0.722432553768158, 0.25479546189308167], "voice_instrumental": [0.3046293258666992, 0.6771852970123291], "gender": [0.4204145669937134, 0.5815426707267761], "danceability": [0.05559002608060837, 0.9411455392837524]}