{"tonal_atonal": [0.5063803791999817, 0.5074877142906189], "voice_instrumental": [0.7882956266403198, 0.19301697611808777], "gender": [0.49863532185554504, 0.503399670124054], "danceability": [0.20494039356708527, 0.7743704915046692]}