{"tonal_atonal": [0.9999501705169678, 0.0021535588894039392], "voice_instrumental": [0.318074107170105, 0.6928216814994812], "gender": [0.17002257704734802, 0.8302179574966431], "danceability": [0.4686298072338104, 0.5882319211959839]}