{"tonal_atonal": [0.9252675771713257, 0.048815906047821045], "voice_instrumental": [0.5807498693466187, 0.37072664499282837], "gender": [0.7790044546127319, 0.22481746971607208], "danceability": [0.3882042467594147, 0.6040375828742981]}