{"tonal_atonal": [0.8368906378746033, 0.19044406712055206], "voice_instrumental": [0.665379524230957, 0.33712100982666016], "gender": [0.5425097942352295, 0.459669291973114], "danceability": [0.03687072545289993, 0.9552001357078552]}