{"tonal_atonal": [0.9923315048217773, 0.01864532195031643], "voice_instrumental": [0.42638370394706726, 0.5725158452987671], "gender": [0.5319830775260925, 0.4679349958896637], "danceability": [0.5929949879646301, 0.3762669563293457]}