{"tonal_atonal": [0.9453707337379456, 0.0410575233399868], "voice_instrumental": [0.5234470963478088, 0.462422639131546], "gender": [0.3813942074775696, 0.6196413636207581], "danceability": [0.38234761357307434, 0.581641674041748]}