{"tonal_atonal": [0.9040716290473938, 0.11118568480014801], "voice_instrumental": [0.8334311842918396, 0.15513548254966736], "gender": [0.5665347576141357, 0.4358345568180084], "danceability": [0.5471479892730713, 0.46710681915283203]}