{"tonal_atonal": [0.9999988675117493, 2.3909940864541568e-05], "voice_instrumental": [0.11176060140132904, 0.9228618741035461], "gender": [0.18839047849178314, 0.8117443323135376], "danceability": [0.8497709631919861, 0.2045990228652954]}