{"tonal_atonal": [0.5211658477783203, 0.4291611611843109], "voice_instrumental": [0.8503456711769104, 0.1522746980190277], "gender": [0.5172414779663086, 0.489187091588974], "danceability": [0.030871408060193062, 0.9632263779640198]}