{"tonal_atonal": [0.9925488829612732, 0.023052597418427467], "voice_instrumental": [0.40966174006462097, 0.5547998547554016], "gender": [0.32883769273757935, 0.6722367405891418], "danceability": [0.9382390379905701, 0.05989984795451164]}