{"tonal_atonal": [0.7319842576980591, 0.28896045684814453], "voice_instrumental": [0.8605383038520813, 0.12926247715950012], "gender": [0.716284990310669, 0.2894539535045624], "danceability": [0.04717584699392319, 0.9489542245864868]}