{"tonal_atonal": [0.9933403730392456, 0.016731904819607735], "voice_instrumental": [0.2341846227645874, 0.7669603228569031], "gender": [0.20758095383644104, 0.7930779457092285], "danceability": [0.7482452988624573, 0.2124396115541458]}