{"tonal_atonal": [0.7423680424690247, 0.3072233200073242], "voice_instrumental": [0.7489300966262817, 0.20480138063430786], "gender": [0.5622828602790833, 0.4391016662120819], "danceability": [0.801347553730011, 0.23607809841632843]}