{"tonal_atonal": [0.5764337778091431, 0.5394320487976074], "voice_instrumental": [0.8218784928321838, 0.17825362086296082], "gender": [0.26172560453414917, 0.7379342913627625], "danceability": [0.859566330909729, 0.10961304605007172]}