{"tonal_atonal": [0.26592421531677246, 0.8305004835128784], "voice_instrumental": [0.9216479659080505, 0.07414363324642181], "gender": [0.1723821461200714, 0.8269906044006348], "danceability": [0.057425279170274734, 0.9289790391921997]}