{"tonal_atonal": [0.8483747243881226, 0.2577686607837677], "voice_instrumental": [0.2291990965604782, 0.7746838331222534], "gender": [0.171881765127182, 0.827567994594574], "danceability": [0.5303324460983276, 0.5127983689308167]}