{"tonal_atonal": [0.9690496325492859, 0.047858890146017075], "voice_instrumental": [0.7701438665390015, 0.23191869258880615], "gender": [0.7002163529396057, 0.3014514744281769], "danceability": [0.8699101805686951, 0.1182813048362732]}