{"tonal_atonal": [0.7264344096183777, 0.2689127027988434], "voice_instrumental": [0.8315876126289368, 0.16499309241771698], "gender": [0.5552670955657959, 0.45155155658721924], "danceability": [0.045575011521577835, 0.9507956504821777]}