{"tonal_atonal": [0.6584160327911377, 0.40074029564857483], "voice_instrumental": [0.2583805322647095, 0.7145824432373047], "gender": [0.547713041305542, 0.45229101181030273], "danceability": [0.6827726364135742, 0.3108461797237396]}