{"tonal_atonal": [0.9929046630859375, 0.019052647054195404], "voice_instrumental": [0.13895714282989502, 0.8561548590660095], "gender": [0.09255938231945038, 0.907386064529419], "danceability": [0.37767988443374634, 0.5542564988136292]}