{"tonal_atonal": [0.6971603631973267, 0.23873525857925415], "voice_instrumental": [0.7277408838272095, 0.24043311178684235], "gender": [0.7741291522979736, 0.23055244982242584], "danceability": [0.03863652050495148, 0.9571254253387451]}