{"tonal_atonal": [0.9986961483955383, 0.010735592804849148], "voice_instrumental": [0.5031529664993286, 0.4946993589401245], "gender": [0.9157612323760986, 0.08751367777585983], "danceability": [1.0, 0.0]}