{"tonal_atonal": [0.41427233815193176, 0.6360107064247131], "voice_instrumental": [0.9373453259468079, 0.06117160990834236], "gender": [0.31273767352104187, 0.6871560215950012], "danceability": [0.01511936355382204, 0.9833967685699463]}