{"tonal_atonal": [0.996659517288208, 0.00499327015131712], "voice_instrumental": [0.8246026635169983, 0.16410179436206818], "gender": [0.34440019726753235, 0.656462550163269], "danceability": [0.04515589773654938, 0.9518702030181885]}