{"tonal_atonal": [0.2234749048948288, 0.7672762870788574], "voice_instrumental": [0.42427587509155273, 0.589932382106781], "gender": [0.21705855429172516, 0.7844902276992798], "danceability": [0.020554600283503532, 0.9759307503700256]}