{"tonal_atonal": [0.8800309896469116, 0.09134245663881302], "voice_instrumental": [0.47966253757476807, 0.5989348292350769], "gender": [0.2723194658756256, 0.7266038060188293], "danceability": [0.7283511161804199, 0.2701650857925415]}