{"tonal_atonal": [0.6682705879211426, 0.297007292509079], "voice_instrumental": [0.7207680344581604, 0.2751777470111847], "gender": [0.6315492391586304, 0.38123613595962524], "danceability": [0.07464788854122162, 0.8786910176277161]}