{"tonal_atonal": [0.9998513460159302, 0.0006737029762007296], "voice_instrumental": [0.8384528160095215, 0.11559241265058517], "gender": [0.6066858768463135, 0.39359161257743835], "danceability": [0.9878794550895691, 0.018279608339071274]}