{"tonal_atonal": [0.7274737358093262, 0.3637993037700653], "voice_instrumental": [0.35556095838546753, 0.6089698672294617], "gender": [0.39951276779174805, 0.601908266544342], "danceability": [0.6063409447669983, 0.4336451292037964]}