{"tonal_atonal": [0.9044783115386963, 0.0659470409154892], "voice_instrumental": [0.681812584400177, 0.27657827734947205], "gender": [0.3480362892150879, 0.6525483727455139], "danceability": [0.793027400970459, 0.22978563606739044]}