{"tonal_atonal": [0.7751638889312744, 0.44345811009407043], "voice_instrumental": [0.027433613315224648, 0.9677654504776001], "gender": [0.2773381471633911, 0.7211521863937378], "danceability": [0.18310679495334625, 0.8018750548362732]}