{"tonal_atonal": [0.7255892157554626, 0.3434813320636749], "voice_instrumental": [0.13929708302021027, 0.8557870984077454], "gender": [0.1701921969652176, 0.8285114169120789], "danceability": [0.1729288250207901, 0.8187851905822754]}