{"tonal_atonal": [0.39881256222724915, 0.5825949907302856], "voice_instrumental": [0.8758677244186401, 0.12404303252696991], "gender": [0.5559749603271484, 0.4472561776638031], "danceability": [0.029214324429631233, 0.9659236669540405]}