{"tonal_atonal": [0.4148319363594055, 0.6201421022415161], "voice_instrumental": [0.3577193021774292, 0.6280531883239746], "gender": [0.5888238549232483, 0.41285085678100586], "danceability": [0.5091725587844849, 0.5107834935188293]}