{"tonal_atonal": [0.615687370300293, 0.37266725301742554], "voice_instrumental": [0.48756328225135803, 0.5092061161994934], "gender": [0.406980037689209, 0.5934044718742371], "danceability": [0.4674813151359558, 0.5327693819999695]}