{"tonal_atonal": [0.8938878774642944, 0.11568429321050644], "voice_instrumental": [0.34530842304229736, 0.6505793333053589], "gender": [0.3354341983795166, 0.663974404335022], "danceability": [0.026277750730514526, 0.9682480692863464]}