{"tonal_atonal": [0.9996926188468933, 0.00107757025398314], "voice_instrumental": [0.0422823503613472, 0.9581094980239868], "gender": [0.16576634347438812, 0.8344308137893677], "danceability": [0.7981630563735962, 0.17700636386871338]}