{"tonal_atonal": [0.9844785928726196, 0.012270880863070488], "voice_instrumental": [0.7589271664619446, 0.2235502302646637], "gender": [0.6915381550788879, 0.30939725041389465], "danceability": [0.779905378818512, 0.20481126010417938]}