{"tonal_atonal": [0.6171360611915588, 0.37185102701187134], "voice_instrumental": [0.8917111754417419, 0.12672492861747742], "gender": [0.6601825952529907, 0.3422008156776428], "danceability": [0.24135267734527588, 0.7351899147033691]}