{"tonal_atonal": [0.6051288843154907, 0.44924700260162354], "voice_instrumental": [0.7683607339859009, 0.22889335453510284], "gender": [0.5330541729927063, 0.4680696427822113], "danceability": [0.30900144577026367, 0.6530085206031799]}