{"tonal_atonal": [0.6216436624526978, 0.44479209184646606], "voice_instrumental": [0.40090495347976685, 0.6217805743217468], "gender": [0.6230952143669128, 0.3774116039276123], "danceability": [0.6574692726135254, 0.31264570355415344]}