{"tonal_atonal": [0.7947232127189636, 0.19736126065254211], "voice_instrumental": [0.3387403190135956, 0.6526100635528564], "gender": [0.3958076238632202, 0.6053808331489563], "danceability": [0.08949411660432816, 0.8909768462181091]}