{"tonal_atonal": [0.547282338142395, 0.37485507130622864], "voice_instrumental": [0.8719126582145691, 0.12556451559066772], "gender": [0.6459223628044128, 0.357647567987442], "danceability": [0.021247439086437225, 0.9790852069854736]}