{"tonal_atonal": [0.9087916016578674, 0.11099276691675186], "voice_instrumental": [0.31556084752082825, 0.6867911219596863], "gender": [0.34858083724975586, 0.6505774855613708], "danceability": [0.7764615416526794, 0.21524684131145477]}