{"tonal_atonal": [0.985176682472229, 0.02497456967830658], "voice_instrumental": [0.5586774349212646, 0.4021590054035187], "gender": [0.4578476548194885, 0.5404087901115417], "danceability": [0.4787742793560028, 0.48673349618911743]}