{"tonal_atonal": [0.9205787181854248, 0.05324622988700867], "voice_instrumental": [0.7950971722602844, 0.18307451903820038], "gender": [0.7446346282958984, 0.25775137543678284], "danceability": [0.7524109482765198, 0.2473968118429184]}