{"tonal_atonal": [0.578812301158905, 0.41498124599456787], "voice_instrumental": [0.5904199481010437, 0.3705793023109436], "gender": [0.39993298053741455, 0.6012566685676575], "danceability": [0.3404789865016937, 0.6441441774368286]}