{"tonal_atonal": [0.9791882038116455, 0.03200635686516762], "voice_instrumental": [0.4566905200481415, 0.5374245643615723], "gender": [0.5023699402809143, 0.4992775022983551], "danceability": [0.5716143250465393, 0.41798582673072815]}