{"tonal_atonal": [0.9308957457542419, 0.07882797718048096], "voice_instrumental": [0.4622154235839844, 0.5207082033157349], "gender": [0.5916489958763123, 0.43092572689056396], "danceability": [0.06395728141069412, 0.898521900177002]}