{"tonal_atonal": [0.3619351089000702, 0.586457371711731], "voice_instrumental": [0.842407763004303, 0.15940189361572266], "gender": [0.6206240057945251, 0.38283729553222656], "danceability": [0.05265117809176445, 0.9328879714012146]}