{"tonal_atonal": [0.8497475385665894, 0.16569174826145172], "voice_instrumental": [0.3966474235057831, 0.5837156176567078], "gender": [0.6011094450950623, 0.40568190813064575], "danceability": [0.17387565970420837, 0.8169208765029907]}