{"tonal_atonal": [0.67401522397995, 0.27903497219085693], "voice_instrumental": [0.8322604894638062, 0.1681305170059204], "gender": [0.40716129541397095, 0.5941100716590881], "danceability": [0.015782607719302177, 0.9818783402442932]}