{"tonal_atonal": [0.9690799713134766, 0.07744766026735306], "voice_instrumental": [0.3068423867225647, 0.6566429734230042], "gender": [0.5501394867897034, 0.45014604926109314], "danceability": [0.8217485547065735, 0.15996962785720825]}