{"tonal_atonal": [0.4553598463535309, 0.48983386158943176], "voice_instrumental": [0.9129487872123718, 0.08943474292755127], "gender": [0.5508437156677246, 0.45134437084198], "danceability": [0.025240851566195488, 0.9747722744941711]}