{"tonal_atonal": [0.9850611686706543, 0.026546495035290718], "voice_instrumental": [0.7080122828483582, 0.3187922239303589], "gender": [0.6220235228538513, 0.3804473876953125], "danceability": [0.3336640000343323, 0.5469063520431519]}