{"tonal_atonal": [0.7840785980224609, 0.24857211112976074], "voice_instrumental": [0.8044474124908447, 0.18250951170921326], "gender": [0.3838721811771393, 0.6174437999725342], "danceability": [0.04680626466870308, 0.9446375370025635]}