{"tonal_atonal": [0.9976268410682678, 0.0027175594586879015], "voice_instrumental": [0.6081156730651855, 0.37396493554115295], "gender": [0.6347046494483948, 0.37552469968795776], "danceability": [0.11440269649028778, 0.8462876677513123]}