{"tonal_atonal": [0.9776119589805603, 0.013929690234363079], "voice_instrumental": [0.6314900517463684, 0.3048376441001892], "gender": [0.48989337682724, 0.51172935962677], "danceability": [0.9948786497116089, 0.003701976966112852]}