{"tonal_atonal": [0.6343727707862854, 0.38920336961746216], "voice_instrumental": [0.10687501728534698, 0.8941717147827148], "gender": [0.16551315784454346, 0.8342611193656921], "danceability": [0.06992447376251221, 0.9218608736991882]}