{"tonal_atonal": [0.9055562615394592, 0.08245254307985306], "voice_instrumental": [0.04300893098115921, 0.9508299827575684], "gender": [0.17686450481414795, 0.8224952816963196], "danceability": [0.3756372332572937, 0.5907377004623413]}