{"tonal_atonal": [0.9966989755630493, 0.0037232006434351206], "voice_instrumental": [0.20321042835712433, 0.7688071727752686], "gender": [0.3188069462776184, 0.6815928220748901], "danceability": [0.8925636410713196, 0.10323267430067062]}