{"tonal_atonal": [0.7832347750663757, 0.21342261135578156], "voice_instrumental": [0.8433592319488525, 0.14198024570941925], "gender": [0.6240442991256714, 0.38058581948280334], "danceability": [0.07770620286464691, 0.9052382111549377]}