{"tonal_atonal": [0.9976292252540588, 0.0014460395323112607], "voice_instrumental": [0.5007658004760742, 0.4788537621498108], "gender": [0.6946155428886414, 0.3330879509449005], "danceability": [0.08266814053058624, 0.8727839589118958]}