{"tonal_atonal": [0.7681189179420471, 0.19965510070323944], "voice_instrumental": [0.719594419002533, 0.26623788475990295], "gender": [0.6567189693450928, 0.3475933372974396], "danceability": [0.10647653788328171, 0.8918470740318298]}