{"tonal_atonal": [0.999911367893219, 0.00040022420580498874], "voice_instrumental": [0.13352951407432556, 0.8738766312599182], "gender": [0.3440762162208557, 0.6554508209228516], "danceability": [0.962532103061676, 0.07929320633411407]}