{"tonal_atonal": [0.7024585604667664, 0.2668550908565521], "voice_instrumental": [0.8387907147407532, 0.15919607877731323], "gender": [0.5324081182479858, 0.4765866696834564], "danceability": [0.03684133663773537, 0.9509593844413757]}