{"tonal_atonal": [0.9111170172691345, 0.1557992696762085], "voice_instrumental": [0.13711535930633545, 0.8649731278419495], "gender": [0.09850621968507767, 0.90011066198349], "danceability": [0.9294601678848267, 0.08778302371501923]}