{"tonal_atonal": [0.8186536431312561, 0.18069063127040863], "voice_instrumental": [0.647093653678894, 0.3513769805431366], "gender": [0.5058156251907349, 0.502610981464386], "danceability": [0.07317553460597992, 0.8876234889030457]}