{"tonal_atonal": [0.25063902139663696, 0.6581356525421143], "voice_instrumental": [0.7088282704353333, 0.28030988574028015], "gender": [0.3161395192146301, 0.6850630044937134], "danceability": [0.15377898514270782, 0.8223494291305542]}