{"tonal_atonal": [0.957084596157074, 0.07412448525428772], "voice_instrumental": [0.4717661440372467, 0.5473893880844116], "gender": [0.5035554766654968, 0.4977121949195862], "danceability": [0.8622786998748779, 0.12841957807540894]}