{"tonal_atonal": [0.8456375002861023, 0.17754915356636047], "voice_instrumental": [0.788307249546051, 0.175815150141716], "gender": [0.4882892370223999, 0.513150691986084], "danceability": [0.9981292486190796, 0.008890863507986069]}