{"tonal_atonal": [0.9207971692085266, 0.0830269306898117], "voice_instrumental": [0.6691479682922363, 0.31837430596351624], "gender": [0.4430975317955017, 0.5570714473724365], "danceability": [0.9088297486305237, 0.07479273527860641]}