{"tonal_atonal": [0.9661716222763062, 0.026756783947348595], "voice_instrumental": [0.8566023111343384, 0.129276841878891], "gender": [0.8258445858955383, 0.1773589551448822], "danceability": [0.6569585204124451, 0.34040364623069763]}