{"tonal_atonal": [0.9979097247123718, 0.002558694453909993], "voice_instrumental": [0.48771408200263977, 0.49193882942199707], "gender": [0.736567497253418, 0.27073508501052856], "danceability": [0.6361280679702759, 0.3228241801261902]}