{"tonal_atonal": [0.8873465657234192, 0.11558089405298233], "voice_instrumental": [0.614894688129425, 0.37666943669319153], "gender": [0.5031872987747192, 0.49720481038093567], "danceability": [0.06538214534521103, 0.917814314365387]}