{"tonal_atonal": [0.6480553150177002, 0.336900532245636], "voice_instrumental": [0.8028014898300171, 0.19226586818695068], "gender": [0.6240366101264954, 0.3852335214614868], "danceability": [0.05792141705751419, 0.9202860593795776]}