{"tonal_atonal": [0.8343942761421204, 0.18030011653900146], "voice_instrumental": [0.20308731496334076, 0.8099087476730347], "gender": [0.37998974323272705, 0.6220712661743164], "danceability": [0.4810081720352173, 0.5757619738578796]}