{"tonal_atonal": [0.9521739482879639, 0.049808237701654434], "voice_instrumental": [0.5913205742835999, 0.4039058983325958], "gender": [0.5067898035049438, 0.5053858757019043], "danceability": [0.10648750513792038, 0.8398080468177795]}