{"tonal_atonal": [0.9831819534301758, 0.036222249269485474], "voice_instrumental": [0.12761369347572327, 0.8684071898460388], "gender": [0.5510742664337158, 0.4490227699279785], "danceability": [0.9997283220291138, 0.0002445184800308198]}