{"tonal_atonal": [0.9533177614212036, 0.06909214705228806], "voice_instrumental": [0.4629209637641907, 0.5295237302780151], "gender": [0.6118084192276001, 0.3875475227832794], "danceability": [0.8561550974845886, 0.1373075246810913]}