{"tonal_atonal": [0.6712347865104675, 0.32346758246421814], "voice_instrumental": [0.3470219075679779, 0.6510705947875977], "gender": [0.2690724730491638, 0.7310521006584167], "danceability": [0.11388528347015381, 0.8719021677970886]}