{"tonal_atonal": [0.7800185084342957, 0.25814947485923767], "voice_instrumental": [0.683708667755127, 0.28411948680877686], "gender": [0.306272029876709, 0.6953553557395935], "danceability": [0.9837926626205444, 0.014999705366790295]}