{"tonal_atonal": [0.9058488011360168, 0.08505041152238846], "voice_instrumental": [0.09977541863918304, 0.9089931845664978], "gender": [0.3835902214050293, 0.616637110710144], "danceability": [0.12331514805555344, 0.8516128659248352]}