{"tonal_atonal": [0.9646824598312378, 0.04697800427675247], "voice_instrumental": [0.07677781581878662, 0.926559567451477], "gender": [0.18027739226818085, 0.8205076456069946], "danceability": [0.27141073346138, 0.7573838829994202]}