{"tonal_atonal": [0.19918544590473175, 0.8383591175079346], "voice_instrumental": [0.07014282792806625, 0.9244266748428345], "gender": [0.25675439834594727, 0.7434380650520325], "danceability": [0.01012138556689024, 0.9885368943214417]}