{"tonal_atonal": [0.8557698726654053, 0.21997691690921783], "voice_instrumental": [0.7756553292274475, 0.2381361573934555], "gender": [0.4598851501941681, 0.5407571792602539], "danceability": [0.8333531022071838, 0.1652328372001648]}