{"tonal_atonal": [0.8340510725975037, 0.15434695780277252], "voice_instrumental": [0.78341144323349, 0.20033256709575653], "gender": [0.40026211738586426, 0.6008032560348511], "danceability": [0.29522743821144104, 0.6957400441169739]}