{"tonal_atonal": [0.9913346171379089, 0.026582306250929832], "voice_instrumental": [0.10772596299648285, 0.8792750239372253], "gender": [0.30796998739242554, 0.6924344301223755], "danceability": [0.9268509149551392, 0.11634606868028641]}