{"tonal_atonal": [0.9743091464042664, 0.033186692744493484], "voice_instrumental": [0.18978635966777802, 0.7992409467697144], "gender": [0.29012390971183777, 0.7068320512771606], "danceability": [0.17183388769626617, 0.7635873556137085]}