{"tonal_atonal": [0.22170968353748322, 0.7099786400794983], "voice_instrumental": [0.7533958554267883, 0.2372935265302658], "gender": [0.4490419626235962, 0.5514862537384033], "danceability": [0.01887945830821991, 0.9822492599487305]}