{"tonal_atonal": [0.8759557008743286, 0.12266126275062561], "voice_instrumental": [0.1177203506231308, 0.8784646987915039], "gender": [0.23381656408309937, 0.7673442363739014], "danceability": [0.4839990437030792, 0.5146466493606567]}