{"tonal_atonal": [0.8410713076591492, 0.1939270794391632], "voice_instrumental": [0.5829786062240601, 0.3862505257129669], "gender": [0.3628467619419098, 0.6370700001716614], "danceability": [0.9867967963218689, 0.012696792371571064]}