{"tonal_atonal": [0.45764195919036865, 0.5227745771408081], "voice_instrumental": [0.7816751599311829, 0.21877428889274597], "gender": [0.6087648272514343, 0.39978843927383423], "danceability": [0.07578781992197037, 0.8936429023742676]}