{"tonal_atonal": [0.6653326153755188, 0.3580426573753357], "voice_instrumental": [0.7032577991485596, 0.31066328287124634], "gender": [0.464588463306427, 0.5375234484672546], "danceability": [0.5746731758117676, 0.42038142681121826]}