{"tonal_atonal": [0.9440726637840271, 0.0832337960600853], "voice_instrumental": [0.3456818461418152, 0.6604653000831604], "gender": [0.6114792227745056, 0.3883746862411499], "danceability": [0.47059938311576843, 0.5152715444564819]}