{"tonal_atonal": [0.34218868613243103, 0.7607923150062561], "voice_instrumental": [0.944742739200592, 0.05231659486889839], "gender": [0.7121133208274841, 0.2902925908565521], "danceability": [0.01837136596441269, 0.9789940118789673]}