{"tonal_atonal": [0.7196415066719055, 0.33262762427330017], "voice_instrumental": [0.9077168703079224, 0.08762284368276596], "gender": [0.7318590879440308, 0.2696957588195801], "danceability": [0.34194520115852356, 0.5967011451721191]}