{"tonal_atonal": [0.3999023139476776, 0.6028980016708374], "voice_instrumental": [0.4680277109146118, 0.4984387457370758], "gender": [0.565708339214325, 0.4359988868236542], "danceability": [0.4826657474040985, 0.532914400100708]}