{"tonal_atonal": [0.37759852409362793, 0.5007601976394653], "voice_instrumental": [0.7332484126091003, 0.2714926600456238], "gender": [0.45129430294036865, 0.5499520897865295], "danceability": [0.00761748431250453, 0.9943093061447144]}