{"tonal_atonal": [0.9829456806182861, 0.032642900943756104], "voice_instrumental": [0.27309420704841614, 0.727308988571167], "gender": [0.7863402366638184, 0.2146814614534378], "danceability": [0.9508619904518127, 0.04464855417609215]}