{"tonal_atonal": [0.9095820784568787, 0.11648804694414139], "voice_instrumental": [0.2988099157810211, 0.6848670244216919], "gender": [0.2932526171207428, 0.7057701349258423], "danceability": [0.49494633078575134, 0.5109348893165588]}