{"tonal_atonal": [0.7965716123580933, 0.20904584228992462], "voice_instrumental": [0.8901601433753967, 0.10828020423650742], "gender": [0.482292503118515, 0.5256166458129883], "danceability": [0.029963646084070206, 0.9640513062477112]}