{"tonal_atonal": [0.15361441671848297, 0.8085070848464966], "voice_instrumental": [0.7166081070899963, 0.24570882320404053], "gender": [0.6918431520462036, 0.31504911184310913], "danceability": [0.05848534405231476, 0.9189326167106628]}