{"tonal_atonal": [0.9140608310699463, 0.07569508999586105], "voice_instrumental": [0.8807907700538635, 0.10983406007289886], "gender": [0.43579694628715515, 0.5656785368919373], "danceability": [0.026056747883558273, 0.9743655920028687]}