{"tonal_atonal": [0.6337736248970032, 0.21061035990715027], "voice_instrumental": [0.46393927931785583, 0.5337089896202087], "gender": [0.2730123698711395, 0.727882444858551], "danceability": [0.681285560131073, 0.3276728391647339]}