{"tonal_atonal": [0.5927038788795471, 0.4291827082633972], "voice_instrumental": [0.6686639189720154, 0.31546783447265625], "gender": [0.6029903292655945, 0.40132784843444824], "danceability": [0.29336750507354736, 0.687568187713623]}