{"tonal_atonal": [0.3275199234485626, 0.563446044921875], "voice_instrumental": [0.12413828074932098, 0.8776809573173523], "gender": [0.21658483147621155, 0.7836527228355408], "danceability": [0.03824106976389885, 0.9523482918739319]}