{"tonal_atonal": [0.9934106469154358, 0.0050165592692792416], "voice_instrumental": [0.7223975658416748, 0.2824239730834961], "gender": [0.5792094469070435, 0.42292144894599915], "danceability": [0.0876401960849762, 0.8872249722480774]}