{"tonal_atonal": [0.570442795753479, 0.40259552001953125], "voice_instrumental": [0.7702983617782593, 0.2080540508031845], "gender": [0.6797648668289185, 0.3285573422908783], "danceability": [0.07139416038990021, 0.9152705073356628]}