{"tonal_atonal": [0.696448564529419, 0.3403565287590027], "voice_instrumental": [0.45329490303993225, 0.5268310904502869], "gender": [0.5067563652992249, 0.5081946849822998], "danceability": [0.1446656584739685, 0.8314954042434692]}