{"tonal_atonal": [0.8973096013069153, 0.12537725269794464], "voice_instrumental": [0.3384992480278015, 0.5957414507865906], "gender": [0.7053581476211548, 0.29547667503356934], "danceability": [0.7834675312042236, 0.2132730334997177]}