{"tonal_atonal": [0.9840131402015686, 0.03557918220758438], "voice_instrumental": [0.738754391670227, 0.23994556069374084], "gender": [0.7181224226951599, 0.2815264165401459], "danceability": [0.9966657757759094, 0.003610236570239067]}