{"tonal_atonal": [0.9635409116744995, 0.03395882993936539], "voice_instrumental": [0.8754447102546692, 0.11794004589319229], "gender": [0.47194579243659973, 0.5302655100822449], "danceability": [0.027581244707107544, 0.9724974036216736]}