{"tonal_atonal": [0.5680558085441589, 0.45030826330184937], "voice_instrumental": [0.5947113633155823, 0.3864273428916931], "gender": [0.6408014893531799, 0.36183780431747437], "danceability": [0.10230880230665207, 0.8925857543945312]}