{"tonal_atonal": [0.9997719526290894, 0.0037587156984955072], "voice_instrumental": [0.14591281116008759, 0.8708040714263916], "gender": [0.23826955258846283, 0.7609608173370361], "danceability": [0.33746138215065, 0.6446250081062317]}