{"mood_acoustic": [0.30487048625946045, 0.6795650124549866], "mood_aggressive": [0.0001772579998942092, 0.9998196363449097], "mood_electronic": [0.7624142169952393, 0.2645600438117981], "mood_happy": [0.2580607235431671, 0.7459604144096375], "mood_party": [0.9989175796508789, 0.0015937925782054663], "mood_relaxed": [0.13775944709777832, 0.857428789138794], "mood_sad": [0.621364951133728, 0.38743385672569275]}