{"mood_acoustic": [0.46424204111099243, 0.4591749906539917], "mood_aggressive": [0.007292160298675299, 0.9940342903137207], "mood_electronic": [0.31903934478759766, 0.753025472164154], "mood_happy": [0.046389974653720856, 0.9381192922592163], "mood_party": [0.9999780654907227, 8.392405288759619e-05], "mood_relaxed": [0.07338638603687286, 0.9252215623855591], "mood_sad": [0.05006173625588417, 0.9390320777893066]}