{"mood_acoustic": [0.7143727540969849, 0.2714584767818451], "mood_aggressive": [0.0008650000672787428, 0.9983870387077332], "mood_electronic": [0.3514030873775482, 0.6708125472068787], "mood_happy": [0.06213473528623581, 0.9256041049957275], "mood_party": [0.9996582269668579, 0.0007355178240686655], "mood_relaxed": [0.39366987347602844, 0.6059983968734741], "mood_sad": [0.16500085592269897, 0.826800525188446]}