{"mood_acoustic": [0.2634722888469696, 0.7483152747154236], "mood_aggressive": [0.0012561212060973048, 0.9993808269500732], "mood_electronic": [0.5980814099311829, 0.5773165225982666], "mood_happy": [0.06096076965332031, 0.9032909274101257], "mood_party": [0.9992115497589111, 0.001103421556763351], "mood_relaxed": [0.007724594324827194, 0.9913478493690491], "mood_sad": [0.05127981677651405, 0.904400646686554]}