{"mood_acoustic": [0.08165498077869415, 0.9211922287940979], "mood_aggressive": [0.03422148525714874, 0.9678328037261963], "mood_electronic": [0.9960151314735413, 0.005551813170313835], "mood_happy": [0.624228298664093, 0.37682172656059265], "mood_party": [0.12044025212526321, 0.8718676567077637], "mood_relaxed": [0.8631383776664734, 0.13539232313632965], "mood_sad": [0.9996911287307739, 0.0007442969945259392]}