{"mood_acoustic": [0.20920121669769287, 0.7872876524925232], "mood_aggressive": [0.0001972048485185951, 0.99961256980896], "mood_electronic": [0.7969643473625183, 0.22384263575077057], "mood_happy": [0.27017346024513245, 0.7392789125442505], "mood_party": [0.9342049360275269, 0.05851311981678009], "mood_relaxed": [0.34505873918533325, 0.6582989692687988], "mood_sad": [0.2789595127105713, 0.707390308380127]}