{"mood_acoustic": [0.9402697682380676, 0.051116522401571274], "mood_aggressive": [0.00011339485354255885, 0.9995217323303223], "mood_electronic": [0.0844939649105072, 0.9494891166687012], "mood_happy": [0.027961421757936478, 0.9741917848587036], "mood_party": [0.9999940395355225, 2.1762050891993567e-05], "mood_relaxed": [0.018107682466506958, 0.9800618886947632], "mood_sad": [0.022616535425186157, 0.9714810848236084]}