{"mood_acoustic": [0.007069345097988844, 0.9943154454231262], "mood_aggressive": [0.41319575905799866, 0.657540500164032], "mood_electronic": [0.9724541306495667, 0.03379696607589722], "mood_happy": [0.3205958306789398, 0.7195083498954773], "mood_party": [0.17827922105789185, 0.8085190653800964], "mood_relaxed": [0.8422406911849976, 0.15645073354244232], "mood_sad": [0.9824716448783875, 0.017395611852407455]}