{"mood_acoustic": [0.8526833653450012, 0.17069023847579956], "mood_aggressive": [0.0003161969652865082, 0.9996909499168396], "mood_electronic": [0.6676661968231201, 0.3185458779335022], "mood_happy": [0.169925257563591, 0.8516439199447632], "mood_party": [0.9999594688415527, 0.00011856327910209075], "mood_relaxed": [0.05174224078655243, 0.9467276930809021], "mood_sad": [0.19778911769390106, 0.7934858798980713]}