{"mood_acoustic": [0.24021929502487183, 0.7670177221298218], "mood_aggressive": [0.10491481423377991, 0.8945637345314026], "mood_electronic": [0.9529010653495789, 0.049785856157541275], "mood_happy": [0.48840558528900146, 0.49064338207244873], "mood_party": [0.902776300907135, 0.07683218270540237], "mood_relaxed": [0.6441435217857361, 0.3560642600059509], "mood_sad": [0.6445024013519287, 0.3283978998661041]}