{"mood_acoustic": [0.45287761092185974, 0.5181894302368164], "mood_aggressive": [0.004665696993470192, 0.9952925443649292], "mood_electronic": [0.5463138818740845, 0.4480971097946167], "mood_happy": [0.2733234763145447, 0.716407835483551], "mood_party": [0.9991734623908997, 0.0012075484264642], "mood_relaxed": [0.232799232006073, 0.7737610936164856], "mood_sad": [0.056741394102573395, 0.916657030582428]}