{"mood_acoustic": [0.6367311477661133, 0.3530333340167999], "mood_aggressive": [0.05036143213510513, 0.9511005878448486], "mood_electronic": [0.08197014778852463, 0.9315481781959534], "mood_happy": [0.4685671627521515, 0.5199074745178223], "mood_party": [0.8840522170066833, 0.1201251968741417], "mood_relaxed": [0.594228208065033, 0.3849318325519562], "mood_sad": [0.17080332338809967, 0.782181978225708]}