{"mood_acoustic": [0.4626544117927551, 0.5353741645812988], "mood_aggressive": [0.0012456757249310613, 0.9992040991783142], "mood_electronic": [0.5088199377059937, 0.48008081316947937], "mood_happy": [0.4653433561325073, 0.5218268036842346], "mood_party": [0.6182640790939331, 0.3631623089313507], "mood_relaxed": [0.2964150905609131, 0.7087880969047546], "mood_sad": [0.48120513558387756, 0.4693549573421478]}