{"mood_acoustic": [0.042355041950941086, 0.9622576832771301], "mood_aggressive": [0.03984219208359718, 0.9814382195472717], "mood_electronic": [0.9822306036949158, 0.018098006024956703], "mood_happy": [0.3809688091278076, 0.6631797552108765], "mood_party": [0.12499967217445374, 0.8483362793922424], "mood_relaxed": [0.8212785720825195, 0.17210368812084198], "mood_sad": [0.9584417343139648, 0.044862519949674606]}