{"mood_acoustic": [0.08683233708143234, 0.9093636870384216], "mood_aggressive": [0.0026643495075404644, 0.9983909726142883], "mood_electronic": [0.34192243218421936, 0.60015469789505], "mood_happy": [0.9281461238861084, 0.06819380074739456], "mood_party": [0.2631032466888428, 0.71038419008255], "mood_relaxed": [0.8168390393257141, 0.1586637794971466], "mood_sad": [0.6292170286178589, 0.36748206615448]}