{"mood_acoustic": [0.09689509868621826, 0.9165469408035278], "mood_aggressive": [0.17002302408218384, 0.8527241349220276], "mood_electronic": [0.9829553961753845, 0.020327677950263023], "mood_happy": [0.33404380083084106, 0.697324812412262], "mood_party": [0.5185900330543518, 0.4836178123950958], "mood_relaxed": [0.31566593050956726, 0.6839669942855835], "mood_sad": [0.9992805123329163, 0.0012107236543670297]}