{"mood_acoustic": [0.9626330137252808, 0.03957834467291832], "mood_aggressive": [1.3504130038199946e-05, 0.9999770522117615], "mood_electronic": [0.29370811581611633, 0.7430594563484192], "mood_happy": [0.16247975826263428, 0.8446038365364075], "mood_party": [0.9999969005584717, 2.2736350729246624e-05], "mood_relaxed": [0.03404097259044647, 0.9633302092552185], "mood_sad": [0.01323912013322115, 0.982995867729187]}