{"mood_acoustic": [0.9491591453552246, 0.043375346809625626], "mood_aggressive": [0.00026260808226652443, 0.9995490312576294], "mood_electronic": [0.14345140755176544, 0.9028269648551941], "mood_happy": [0.6290039420127869, 0.39390385150909424], "mood_party": [0.9999753832817078, 8.354623423656449e-05], "mood_relaxed": [0.08922024071216583, 0.9085253477096558], "mood_sad": [0.1486942321062088, 0.8128291964530945]}