{"mood_acoustic": [0.5756697654724121, 0.45444825291633606], "mood_aggressive": [0.015863103792071342, 0.9711835980415344], "mood_electronic": [0.8610204458236694, 0.16366136074066162], "mood_happy": [0.0023693775292485952, 0.9949809908866882], "mood_party": [0.9997811913490295, 0.00048281167983077466], "mood_relaxed": [0.07134932279586792, 0.9330135583877563], "mood_sad": [0.7916678190231323, 0.19250331819057465]}