{"mood_acoustic": [0.5337470173835754, 0.5187921524047852], "mood_aggressive": [0.0006411706563085318, 0.9974907040596008], "mood_electronic": [0.6371873021125793, 0.37636420130729675], "mood_happy": [0.018852578476071358, 0.9749789834022522], "mood_party": [0.9998645782470703, 0.00030709136626683176], "mood_relaxed": [0.07682102173566818, 0.9234769344329834], "mood_sad": [0.3105584383010864, 0.682968258857727]}