{"mood_acoustic": [0.692266583442688, 0.37496405839920044], "mood_aggressive": [0.0775132030248642, 0.9319327473640442], "mood_electronic": [0.9048303365707397, 0.10823989659547806], "mood_happy": [0.3113144338130951, 0.6836804747581482], "mood_party": [0.9551439881324768, 0.0418340303003788], "mood_relaxed": [0.07738689333200455, 0.9186962246894836], "mood_sad": [0.5930033922195435, 0.40187838673591614]}