{"mood_acoustic": [0.13150447607040405, 0.8844309449195862], "mood_aggressive": [0.007302491459995508, 0.9962613582611084], "mood_electronic": [0.9339482188224792, 0.0711456835269928], "mood_happy": [0.6020320057868958, 0.40013620257377625], "mood_party": [0.34341883659362793, 0.6577121019363403], "mood_relaxed": [0.6303470730781555, 0.362801730632782], "mood_sad": [0.9092598557472229, 0.0921059101819992]}