{"mood_acoustic": [0.027387509122490883, 0.9750472903251648], "mood_aggressive": [0.5581188201904297, 0.501487135887146], "mood_electronic": [0.978869616985321, 0.02439728192985058], "mood_happy": [0.10091230273246765, 0.8750882744789124], "mood_party": [0.11674866080284119, 0.871432363986969], "mood_relaxed": [0.871369481086731, 0.1210487112402916], "mood_sad": [0.9997496008872986, 0.0008198393043130636]}