{"mood_acoustic": [0.8160628080368042, 0.20310311019420624], "mood_aggressive": [0.009577600285410881, 0.9895216822624207], "mood_electronic": [0.04081421345472336, 0.9656103253364563], "mood_happy": [0.678301990032196, 0.2982044219970703], "mood_party": [0.9932334423065186, 0.007121536415070295], "mood_relaxed": [0.14559386670589447, 0.8562737703323364], "mood_sad": [0.2391917109489441, 0.7390928268432617]}