{"mood_acoustic": [0.06205892935395241, 0.9545358419418335], "mood_aggressive": [0.40699270367622375, 0.5872628688812256], "mood_electronic": [0.10573732107877731, 0.8924832940101624], "mood_happy": [0.6928430795669556, 0.28593769669532776], "mood_party": [0.4280849099159241, 0.5545107126235962], "mood_relaxed": [0.8584821224212646, 0.12214455008506775], "mood_sad": [0.8198901414871216, 0.15816214680671692]}