{"mood_acoustic": [0.2117897868156433, 0.8072407245635986], "mood_aggressive": [0.1447579711675644, 0.872368574142456], "mood_electronic": [0.8916539549827576, 0.121284618973732], "mood_happy": [0.24822191894054413, 0.7672435641288757], "mood_party": [0.5099175572395325, 0.48889613151550293], "mood_relaxed": [0.31438982486724854, 0.6976776123046875], "mood_sad": [0.8657568693161011, 0.1318027228116989]}