{"mood_acoustic": [0.7034527063369751, 0.2705100178718567], "mood_aggressive": [0.0024377794470638037, 0.9962889552116394], "mood_electronic": [0.5488302111625671, 0.42926448583602905], "mood_happy": [0.058041442185640335, 0.9239659905433655], "mood_party": [0.9998867511749268, 0.00019482136121951044], "mood_relaxed": [0.21298900246620178, 0.7897599935531616], "mood_sad": [0.18812672793865204, 0.7945670485496521]}