{"mood_acoustic": [0.9956754446029663, 0.0032340127509087324], "mood_aggressive": [9.056794078787789e-05, 0.9996671676635742], "mood_electronic": [0.08554603159427643, 0.942543089389801], "mood_happy": [0.040119048207998276, 0.9653483033180237], "mood_party": [0.9999985098838806, 1.2010475074930582e-05], "mood_relaxed": [0.008361682295799255, 0.9903445243835449], "mood_sad": [0.009286202490329742, 0.9852926135063171]}