{"mood_acoustic": [0.0, 1.0], "mood_aggressive": [0.16243082284927368, 0.8675443530082703], "mood_electronic": [0.925070583820343, 0.04471392184495926], "mood_happy": [0.7740478515625, 0.16696570813655853], "mood_party": [0.011178691871464252, 0.9813145399093628], "mood_relaxed": [0.961013674736023, 0.02370232529938221], "mood_sad": [0.9991411566734314, 0.007602369412779808]}