{"mood_acoustic": [0.14626233279705048, 0.8814032673835754], "mood_aggressive": [0.06442347168922424, 0.9444110989570618], "mood_electronic": [0.6972036361694336, 0.3090725541114807], "mood_happy": [0.06389913707971573, 0.9322192668914795], "mood_party": [0.7663070559501648, 0.2159113585948944], "mood_relaxed": [0.12004663050174713, 0.8906946778297424], "mood_sad": [0.699123203754425, 0.30352693796157837]}