{"mood_acoustic": [0.6294576525688171, 0.3392575979232788], "mood_aggressive": [0.15845070779323578, 0.8406214714050293], "mood_electronic": [0.3597649335861206, 0.6795844435691833], "mood_happy": [0.15519645810127258, 0.8498591184616089], "mood_party": [0.9890933036804199, 0.010709695518016815], "mood_relaxed": [0.3052981197834015, 0.6892902255058289], "mood_sad": [0.3245450556278229, 0.6620508432388306]}