{"mood_acoustic": [0.3372539281845093, 0.6256316900253296], "mood_aggressive": [0.68376624584198, 0.2867068648338318], "mood_electronic": [0.3458874523639679, 0.7504297494888306], "mood_happy": [0.47272321581840515, 0.5541457533836365], "mood_party": [0.9998697638511658, 0.00015450772480107844], "mood_relaxed": [0.7827278971672058, 0.22210727632045746], "mood_sad": [0.7992094159126282, 0.19376812875270844]}