{"mood_acoustic": [0.9930161237716675, 0.004675870295614004], "mood_aggressive": [7.36234085252363e-07, 0.9999994039535522], "mood_electronic": [0.2943943738937378, 0.6942011117935181], "mood_happy": [0.5254878401756287, 0.4877030551433563], "mood_party": [0.9996086955070496, 0.0008512863423675299], "mood_relaxed": [0.04820171371102333, 0.9516142010688782], "mood_sad": [0.5890024900436401, 0.38783979415893555]}