{"mood_acoustic": [0.7600067257881165, 0.2554515302181244], "mood_aggressive": [0.000489290920086205, 0.9990355968475342], "mood_electronic": [0.33672547340393066, 0.7210866212844849], "mood_happy": [0.8547490239143372, 0.1780315637588501], "mood_party": [0.9996033310890198, 0.000582848209887743], "mood_relaxed": [0.07307496666908264, 0.9244803786277771], "mood_sad": [0.30012890696525574, 0.6818265914916992]}