{"mood_acoustic": [0.14131894707679749, 0.8481135964393616], "mood_aggressive": [0.3842197358608246, 0.6190245747566223], "mood_electronic": [0.6410548686981201, 0.4517943263053894], "mood_happy": [0.7173631191253662, 0.33710938692092896], "mood_party": [0.7434537410736084, 0.2876458168029785], "mood_relaxed": [0.7819847464561462, 0.23414312303066254], "mood_sad": [0.9999616146087646, 4.976078707841225e-05]}