{"mood_acoustic": [0.920339047908783, 0.06199399009346962], "mood_aggressive": [0.00012465407780837268, 0.9994182586669922], "mood_electronic": [0.052278921008110046, 0.9737921357154846], "mood_happy": [0.0009187065879814327, 0.9978759288787842], "mood_party": [0.9999914169311523, 3.73017173842527e-05], "mood_relaxed": [0.003341906936839223, 0.996212363243103], "mood_sad": [0.005291334353387356, 0.9927958846092224]}