{"mood_acoustic": [0.2805118262767792, 0.7285279631614685], "mood_aggressive": [0.002500655362382531, 0.9967541098594666], "mood_electronic": [0.7252250909805298, 0.28724536299705505], "mood_happy": [0.14209268987178802, 0.8059840202331543], "mood_party": [0.9635956883430481, 0.02340022847056389], "mood_relaxed": [0.2184494137763977, 0.7884355783462524], "mood_sad": [0.13290438055992126, 0.8597756624221802]}