{"mood_acoustic": [0.5484766364097595, 0.43979984521865845], "mood_aggressive": [0.32405978441238403, 0.6644562482833862], "mood_electronic": [0.9813790321350098, 0.020328424870967865], "mood_happy": [0.7696364521980286, 0.24071843922138214], "mood_party": [0.971106767654419, 0.04863004386425018], "mood_relaxed": [0.7292746901512146, 0.28296878933906555], "mood_sad": [0.9998324513435364, 0.00018366414587944746]}