{"mood_acoustic": [0.4519563913345337, 0.5305788516998291], "mood_aggressive": [0.0058713871985673904, 0.9922873377799988], "mood_electronic": [0.9295199513435364, 0.08518178761005402], "mood_happy": [0.6297571659088135, 0.38786885142326355], "mood_party": [0.9273584485054016, 0.07605698704719543], "mood_relaxed": [0.23679611086845398, 0.7677172422409058], "mood_sad": [0.5971189141273499, 0.3871610164642334]}