{"mood_acoustic": [0.033162739127874374, 0.960060715675354], "mood_aggressive": [0.007242008578032255, 0.9880210757255554], "mood_electronic": [0.2141885608434677, 0.8333296775817871], "mood_happy": [0.15130466222763062, 0.8167765736579895], "mood_party": [0.9965251684188843, 0.004352150019258261], "mood_relaxed": [0.019359851256012917, 0.9806256890296936], "mood_sad": [0.4663137197494507, 0.5189520120620728]}