{"mood_acoustic": [0.012195561081171036, 0.9872131943702698], "mood_aggressive": [0.24756847321987152, 0.780641496181488], "mood_electronic": [0.8759146928787231, 0.12772946059703827], "mood_happy": [0.40708693861961365, 0.5002936124801636], "mood_party": [0.06792284548282623, 0.9254810214042664], "mood_relaxed": [0.8547554612159729, 0.13360905647277832], "mood_sad": [0.9773920774459839, 0.02288411371409893]}