{"mood_acoustic": [0.9418084025382996, 0.059228211641311646], "mood_aggressive": [0.00014642716269008815, 0.9995628595352173], "mood_electronic": [0.004272471182048321, 0.9969642758369446], "mood_happy": [0.1662275791168213, 0.8308734893798828], "mood_party": [0.9997989535331726, 0.0003972603299189359], "mood_relaxed": [0.044030796736478806, 0.9527355432510376], "mood_sad": [0.007909468375146389, 0.9907552003860474]}