{"mood_acoustic": [0.3973628878593445, 0.5797595381736755], "mood_aggressive": [0.00082254724111408, 0.9989709258079529], "mood_electronic": [0.40572044253349304, 0.6647276878356934], "mood_happy": [0.505998969078064, 0.485677033662796], "mood_party": [0.9939420223236084, 0.008862643502652645], "mood_relaxed": [0.19219444692134857, 0.810286819934845], "mood_sad": [0.823962390422821, 0.16873593628406525]}