{"mood_acoustic": [5.1840514061041176e-05, 0.9997186660766602], "mood_aggressive": [0.3752535879611969, 0.614108145236969], "mood_electronic": [0.9589117765426636, 0.05035578832030296], "mood_happy": [0.3005824685096741, 0.7154050469398499], "mood_party": [0.32610636949539185, 0.6044090986251831], "mood_relaxed": [0.9222891926765442, 0.0696561262011528], "mood_sad": [0.8847030401229858, 0.11882729828357697]}