{"mood_acoustic": [0.9680520296096802, 0.028636986389756203], "mood_aggressive": [0.0017235219711437821, 0.9983547925949097], "mood_electronic": [0.1905740648508072, 0.8380327820777893], "mood_happy": [0.4760738015174866, 0.5478346347808838], "mood_party": [0.9996112585067749, 0.0007863019709475338], "mood_relaxed": [0.04863360896706581, 0.9475728273391724], "mood_sad": [0.3258790671825409, 0.6650136709213257]}