{"mood_acoustic": [0.004077317658811808, 0.9918493628501892], "mood_aggressive": [0.0844796895980835, 0.9305002093315125], "mood_electronic": [0.9116809964179993, 0.08502455055713654], "mood_happy": [0.5322118997573853, 0.5094541907310486], "mood_party": [0.8770508766174316, 0.09231948852539062], "mood_relaxed": [0.10771600157022476, 0.8940106630325317], "mood_sad": [0.9173413515090942, 0.07901539653539658]}