{"mood_acoustic": [0.004893389996141195, 0.993191659450531], "mood_aggressive": [0.022442979738116264, 0.9868918657302856], "mood_electronic": [0.6529450416564941, 0.37553057074546814], "mood_happy": [0.21042224764823914, 0.8453607559204102], "mood_party": [0.798797070980072, 0.17659929394721985], "mood_relaxed": [0.24093925952911377, 0.7871966361999512], "mood_sad": [0.6001033186912537, 0.3891078531742096]}