{"mood_acoustic": [0.0006413849187083542, 0.9989308714866638], "mood_aggressive": [0.27389657497406006, 0.8713796734809875], "mood_electronic": [0.953518807888031, 0.04949941113591194], "mood_happy": [0.40573471784591675, 0.5882434844970703], "mood_party": [0.17008110880851746, 0.8258816003799438], "mood_relaxed": [0.7549964785575867, 0.2439848780632019], "mood_sad": [0.98321932554245, 0.019587095826864243]}