{"mood_acoustic": [0.0008130036876536906, 0.9963076114654541], "mood_aggressive": [0.04595819488167763, 0.935268223285675], "mood_electronic": [0.5463843941688538, 0.5044001340866089], "mood_happy": [0.05347655341029167, 0.9167608022689819], "mood_party": [0.9863501787185669, 0.017839381471276283], "mood_relaxed": [0.009730865247547626, 0.9902036190032959], "mood_sad": [0.5093870759010315, 0.47652581334114075]}