{"mood_acoustic": [0.8823444843292236, 0.16648392379283905], "mood_aggressive": [0.0002238620218122378, 0.9998805522918701], "mood_electronic": [0.9039537310600281, 0.07605454325675964], "mood_happy": [0.4713011085987091, 0.6277727484703064], "mood_party": [0.9990078806877136, 0.0018751212628558278], "mood_relaxed": [0.14701054990291595, 0.83785080909729], "mood_sad": [0.9538457989692688, 0.029045989736914635]}