{"mood_acoustic": [0.09710349887609482, 0.908069372177124], "mood_aggressive": [0.004110993817448616, 0.9964492917060852], "mood_electronic": [0.9913390874862671, 0.01138073019683361], "mood_happy": [0.2605542838573456, 0.7164813876152039], "mood_party": [0.9548752307891846, 0.04574045166373253], "mood_relaxed": [0.1399080604314804, 0.8588160872459412], "mood_sad": [0.6452034115791321, 0.37041670083999634]}