{"mood_acoustic": [0.5082587599754333, 0.4855775535106659], "mood_aggressive": [0.0027289786376059055, 0.9973430037498474], "mood_electronic": [0.9599815607070923, 0.045541614294052124], "mood_happy": [0.3892745077610016, 0.6472422480583191], "mood_party": [0.9984601736068726, 0.001961194444447756], "mood_relaxed": [0.05352659150958061, 0.9477044343948364], "mood_sad": [0.8035193085670471, 0.19920364022254944]}