{"mood_acoustic": [0.5003964304924011, 0.49130088090896606], "mood_aggressive": [0.07812262326478958, 0.9122945070266724], "mood_electronic": [0.008412412367761135, 0.9903727173805237], "mood_happy": [0.7232223749160767, 0.2677972912788391], "mood_party": [0.9870538115501404, 0.016682153567671776], "mood_relaxed": [0.6852547526359558, 0.30690789222717285], "mood_sad": [0.33396080136299133, 0.5948498249053955]}