{"mood_acoustic": [0.319845050573349, 0.7177988290786743], "mood_aggressive": [0.0013822540640830994, 0.9984509944915771], "mood_electronic": [0.8501255512237549, 0.18470430374145508], "mood_happy": [0.30753421783447266, 0.6499351263046265], "mood_party": [0.9911436438560486, 0.010672553442418575], "mood_relaxed": [0.15456920862197876, 0.8423141837120056], "mood_sad": [0.23015046119689941, 0.7330488562583923]}