{"mood_acoustic": [0.7796630859375, 0.17360493540763855], "mood_aggressive": [0.0009607269894331694, 0.9987852573394775], "mood_electronic": [0.3020738661289215, 0.6846544146537781], "mood_happy": [0.2699820399284363, 0.7478108406066895], "mood_party": [0.9999145269393921, 0.0001707797491690144], "mood_relaxed": [0.2472735345363617, 0.7584182620048523], "mood_sad": [0.2473168820142746, 0.7182514071464539]}