{"mood_acoustic": [0.4385233223438263, 0.5583541393280029], "mood_aggressive": [0.005746097769588232, 0.9927566647529602], "mood_electronic": [0.891377866268158, 0.11254630237817764], "mood_happy": [0.3701641261577606, 0.6688833236694336], "mood_party": [0.9390388131141663, 0.04791240766644478], "mood_relaxed": [0.26435866951942444, 0.7414892911911011], "mood_sad": [0.6119425892829895, 0.37819942831993103]}