{"mood_acoustic": [0.005350960418581963, 0.9976422786712646], "mood_aggressive": [0.1879403293132782, 0.9077494144439697], "mood_electronic": [0.9984652996063232, 0.001635686494410038], "mood_happy": [0.061049286276102066, 0.937728762626648], "mood_party": [0.09326428920030594, 0.8992496728897095], "mood_relaxed": [0.7257803678512573, 0.270637184381485], "mood_sad": [0.9940072894096375, 0.006531424354761839]}