{"mood_acoustic": [0.16908206045627594, 0.870262861251831], "mood_aggressive": [0.2326834797859192, 0.7880759239196777], "mood_electronic": [0.989680290222168, 0.011261397041380405], "mood_happy": [0.04931366816163063, 0.9261056184768677], "mood_party": [0.9991414546966553, 0.000969403306953609], "mood_relaxed": [0.012236292473971844, 0.9866156578063965], "mood_sad": [0.8208729028701782, 0.16695046424865723]}