{"mood_acoustic": [0.4369155168533325, 0.6217333078384399], "mood_aggressive": [0.01759043149650097, 0.971095085144043], "mood_electronic": [0.7566390037536621, 0.27111756801605225], "mood_happy": [0.0021952535025775433, 0.9954257607460022], "mood_party": [0.9995875358581543, 0.0006697537610307336], "mood_relaxed": [0.032360922545194626, 0.9675282835960388], "mood_sad": [0.3909321129322052, 0.6036978363990784]}