{"mood_acoustic": [0.22666169703006744, 0.7861745953559875], "mood_aggressive": [0.5560914874076843, 0.4457234740257263], "mood_electronic": [0.25757351517677307, 0.7678661942481995], "mood_happy": [0.4956780672073364, 0.5155110955238342], "mood_party": [0.7972320318222046, 0.1989767849445343], "mood_relaxed": [0.7020533680915833, 0.2917603552341461], "mood_sad": [0.9329822659492493, 0.0618121363222599]}