{"mood_acoustic": [0.8467563390731812, 0.1515861451625824], "mood_aggressive": [0.0009823825675994158, 0.9969496726989746], "mood_electronic": [0.4996130168437958, 0.5941895842552185], "mood_happy": [9.425150346942246e-05, 0.9996152520179749], "mood_party": [0.9999931454658508, 3.3932719816220924e-05], "mood_relaxed": [0.005873687565326691, 0.9934337139129639], "mood_sad": [0.09985071420669556, 0.8887389302253723]}