{"mood_acoustic": [0.5899298787117004, 0.4379650056362152], "mood_aggressive": [0.0004530527803581208, 0.9983064532279968], "mood_electronic": [0.3171781897544861, 0.7278774380683899], "mood_happy": [0.0010515395551919937, 0.9975804686546326], "mood_party": [0.9998920559883118, 0.0001876511232694611], "mood_relaxed": [0.05650270730257034, 0.9439765810966492], "mood_sad": [0.20629093050956726, 0.79569011926651]}