{"mood_acoustic": [9.174709703074768e-07, 0.999970018863678], "mood_aggressive": [0.9996313452720642, 0.0003492147079668939], "mood_electronic": [0.21350470185279846, 0.8457827568054199], "mood_happy": [0.031468816101551056, 0.9636279344558716], "mood_party": [0.8418618440628052, 0.1577940136194229], "mood_relaxed": [0.9870848059654236, 0.010563512332737446], "mood_sad": [0.9846557378768921, 0.009730256162583828]}