{"mood_acoustic": [0.03551461920142174, 0.9572440385818481], "mood_aggressive": [0.0019305114401504397, 0.9961833357810974], "mood_electronic": [0.041356831789016724, 0.9794175624847412], "mood_happy": [0.025816993787884712, 0.9733879566192627], "mood_party": [0.9987826943397522, 0.0016938007902354002], "mood_relaxed": [0.0016143816756084561, 0.9980507493019104], "mood_sad": [0.0012401422718539834, 0.9979076981544495]}