{"mood_acoustic": [0.574851930141449, 0.40376991033554077], "mood_aggressive": [0.011552209965884686, 0.9859270453453064], "mood_electronic": [0.8666514754295349, 0.17111125588417053], "mood_happy": [0.3029344975948334, 0.7190721035003662], "mood_party": [0.9975420236587524, 0.0037045818753540516], "mood_relaxed": [0.12007757276296616, 0.8796865344047546], "mood_sad": [0.7810291051864624, 0.20684859156608582]}