{"mood_acoustic": [0.24434342980384827, 0.7433372139930725], "mood_aggressive": [0.009924665093421936, 0.9901473522186279], "mood_electronic": [0.26963281631469727, 0.7540698647499084], "mood_happy": [0.8324183821678162, 0.16672967374324799], "mood_party": [0.896334707736969, 0.11215899139642715], "mood_relaxed": [0.3296321630477905, 0.6752600073814392], "mood_sad": [0.5766882300376892, 0.42991918325424194]}