{"mood_acoustic": [0.8760908842086792, 0.09694771468639374], "mood_aggressive": [0.0011924940627068281, 0.9981749057769775], "mood_electronic": [0.12614159286022186, 0.8890692591667175], "mood_happy": [0.8323066234588623, 0.1867218017578125], "mood_party": [0.981925904750824, 0.020591039210557938], "mood_relaxed": [0.37184232473373413, 0.6315551996231079], "mood_sad": [0.4641146957874298, 0.479043185710907]}