{"mood_acoustic": [0.8727960586547852, 0.1337420493364334], "mood_aggressive": [0.00037570411222986877, 0.9982330799102783], "mood_electronic": [0.4219607710838318, 0.633548378944397], "mood_happy": [0.0008419493678957224, 0.9979872107505798], "mood_party": [0.9999926090240479, 3.127741365460679e-05], "mood_relaxed": [0.006783015560358763, 0.9925186634063721], "mood_sad": [0.021289020776748657, 0.9758819937705994]}