{"mood_acoustic": [0.9433879256248474, 0.054980382323265076], "mood_aggressive": [0.0002849451557267457, 0.9993455410003662], "mood_electronic": [0.08193908631801605, 0.9388256072998047], "mood_happy": [0.020658355206251144, 0.9768855571746826], "mood_party": [0.9999887943267822, 3.456897320575081e-05], "mood_relaxed": [0.024730000644922256, 0.9732702970504761], "mood_sad": [0.03711622208356857, 0.9487020969390869]}