{"mood_acoustic": [0.048178743571043015, 0.9682363867759705], "mood_aggressive": [0.7668161392211914, 0.23253078758716583], "mood_electronic": [0.5376608967781067, 0.48193448781967163], "mood_happy": [0.048274289816617966, 0.9380019903182983], "mood_party": [0.7744597792625427, 0.22341836988925934], "mood_relaxed": [0.7057944536209106, 0.29428592324256897], "mood_sad": [0.9920012354850769, 0.006234693340957165]}