{"mood_acoustic": [0.8241996169090271, 0.16452646255493164], "mood_aggressive": [0.00010256962559651583, 0.9994438886642456], "mood_electronic": [0.10234073549509048, 0.9341962933540344], "mood_happy": [0.015256194397807121, 0.9854231476783752], "mood_party": [0.9999588131904602, 9.053893882082775e-05], "mood_relaxed": [0.014852641150355339, 0.9836367964744568], "mood_sad": [0.008420047350227833, 0.9893323183059692]}