{"mood_acoustic": [0.9686211943626404, 0.032722584903240204], "mood_aggressive": [3.906215351889841e-05, 0.9998838901519775], "mood_electronic": [0.0467589870095253, 0.962533175945282], "mood_happy": [0.6816774606704712, 0.324514776468277], "mood_party": [0.9994794726371765, 0.0012167695676907897], "mood_relaxed": [0.16654016077518463, 0.8311447501182556], "mood_sad": [0.3192274868488312, 0.6350937485694885]}