{"mood_acoustic": [0.5849581956863403, 0.3965892195701599], "mood_aggressive": [0.017974693328142166, 0.9736974835395813], "mood_electronic": [0.924618124961853, 0.0977356806397438], "mood_happy": [0.2658737897872925, 0.6856114268302917], "mood_party": [0.997261106967926, 0.0023906161077320576], "mood_relaxed": [0.10304738581180573, 0.8977727293968201], "mood_sad": [0.2844841182231903, 0.6838950514793396]}