{"mood_acoustic": [0.9445925951004028, 0.0289971511811018], "mood_aggressive": [1.666331991145853e-05, 0.9999409317970276], "mood_electronic": [0.39402517676353455, 0.5912240743637085], "mood_happy": [0.5082451701164246, 0.5204173922538757], "mood_party": [0.9999962449073792, 2.9720074962824583e-05], "mood_relaxed": [0.045347098261117935, 0.9497879147529602], "mood_sad": [0.6569758057594299, 0.34362518787384033]}