{"mood_acoustic": [0.13345816731452942, 0.8451246023178101], "mood_aggressive": [0.0806511715054512, 0.9065575003623962], "mood_electronic": [0.31967005133628845, 0.698688268661499], "mood_happy": [0.770220935344696, 0.2208075076341629], "mood_party": [0.7981936931610107, 0.2189788669347763], "mood_relaxed": [0.6664642691612244, 0.3345927894115448], "mood_sad": [0.8337159156799316, 0.15956996381282806]}