{"mood_acoustic": [0.09566599875688553, 0.9143199920654297], "mood_aggressive": [0.01980746164917946, 0.9812867045402527], "mood_electronic": [0.9556362628936768, 0.058477338403463364], "mood_happy": [0.09656087309122086, 0.7950224876403809], "mood_party": [0.8551234006881714, 0.12782028317451477], "mood_relaxed": [0.20889395475387573, 0.7889671325683594], "mood_sad": [0.4126227796077728, 0.5369836091995239]}