{"mood_acoustic": [0.16149790585041046, 0.887048065662384], "mood_aggressive": [0.008923490531742573, 0.9813562631607056], "mood_electronic": [0.5815108418464661, 0.4850158095359802], "mood_happy": [0.002932716626673937, 0.9948030114173889], "mood_party": [0.9963037967681885, 0.005392532795667648], "mood_relaxed": [0.006779547315090895, 0.9927946925163269], "mood_sad": [0.6702975034713745, 0.3295798897743225]}