{"mood_acoustic": [0.15124686062335968, 0.8624840378761292], "mood_aggressive": [0.42543134093284607, 0.5645951628684998], "mood_electronic": [0.2763338088989258, 0.7815613150596619], "mood_happy": [0.07456589490175247, 0.9054359197616577], "mood_party": [0.8797988295555115, 0.09729959070682526], "mood_relaxed": [0.4686911404132843, 0.5250481963157654], "mood_sad": [0.4336572587490082, 0.5567082762718201]}