{"mood_acoustic": [5.669480378855951e-05, 0.9998160004615784], "mood_aggressive": [0.018343159928917885, 0.9896672964096069], "mood_electronic": [0.9666476249694824, 0.0478716716170311], "mood_happy": [0.5476464629173279, 0.4150497019290924], "mood_party": [0.6045752763748169, 0.37766197323799133], "mood_relaxed": [0.6705770492553711, 0.32661864161491394], "mood_sad": [0.8022403717041016, 0.19329901039600372]}