{"mood_acoustic": [0.0023037139326334, 0.9984171986579895], "mood_aggressive": [0.09138975292444229, 0.9077973365783691], "mood_electronic": [0.4367581307888031, 0.5632868409156799], "mood_happy": [0.7663837671279907, 0.14500050246715546], "mood_party": [0.05603260546922684, 0.917144238948822], "mood_relaxed": [0.7847857475280762, 0.19619135558605194], "mood_sad": [0.8980385065078735, 0.11856166273355484]}