{"mood_acoustic": [6.997285026955069e-07, 0.9999893307685852], "mood_aggressive": [0.021974336355924606, 0.9879708886146545], "mood_electronic": [0.9557341933250427, 0.11644301563501358], "mood_happy": [0.0012591915437951684, 0.9945315718650818], "mood_party": [0.9987959265708923, 0.0010160637320950627], "mood_relaxed": [0.2152647227048874, 0.7942686676979065], "mood_sad": [0.04640946164727211, 0.9592471718788147]}