{"mood_acoustic": [0.00093962496612221, 0.9985157251358032], "mood_aggressive": [0.9961749315261841, 0.003607457270845771], "mood_electronic": [0.2119319587945938, 0.820931613445282], "mood_happy": [0.008050727657973766, 0.9769688248634338], "mood_party": [0.6710202097892761, 0.2894558310508728], "mood_relaxed": [0.9242106080055237, 0.075377456843853], "mood_sad": [0.9994081258773804, 0.0012270190054550767]}