{"mood_acoustic": [0.9051012396812439, 0.07367712259292603], "mood_aggressive": [0.024740969762206078, 0.9786471724510193], "mood_electronic": [0.7690936326980591, 0.2598336935043335], "mood_happy": [0.16689170897006989, 0.8328211903572083], "mood_party": [0.9999464750289917, 0.00012906409392599016], "mood_relaxed": [0.05810919404029846, 0.9393917322158813], "mood_sad": [0.28060659766197205, 0.7018345594406128]}