{"mood_acoustic": [5.220214734436013e-05, 0.9998455047607422], "mood_aggressive": [0.5238467454910278, 0.5027936697006226], "mood_electronic": [0.9809605479240417, 0.02030831202864647], "mood_happy": [0.2006271928548813, 0.6834642291069031], "mood_party": [0.010837888345122337, 0.9800914525985718], "mood_relaxed": [0.6067838072776794, 0.3791390061378479], "mood_sad": [0.999984085559845, 0.00016115818289108574]}