{"mood_acoustic": [0.05533226951956749, 0.9393095374107361], "mood_aggressive": [0.8055576086044312, 0.19308586418628693], "mood_electronic": [0.10365147143602371, 0.8976286053657532], "mood_happy": [0.279988169670105, 0.6849995851516724], "mood_party": [0.7107802033424377, 0.24834036827087402], "mood_relaxed": [0.9110507369041443, 0.08390597254037857], "mood_sad": [0.7216799259185791, 0.25786247849464417]}