{"mood_acoustic": [2.0933666746714152e-05, 0.9999601244926453], "mood_aggressive": [0.0005485453875735402, 0.999615490436554], "mood_electronic": [0.9011097550392151, 0.10961052775382996], "mood_happy": [0.6250985860824585, 0.45338454842567444], "mood_party": [0.3479274809360504, 0.6078698039054871], "mood_relaxed": [0.8405601382255554, 0.15506356954574585], "mood_sad": [0.5830209255218506, 0.44377413392066956]}