{"mood_acoustic": [1.9559338682029193e-07, 0.9999996423721313], "mood_aggressive": [0.002194174099713564, 0.9996886849403381], "mood_electronic": [0.4615623354911804, 0.4358803927898407], "mood_happy": [0.8532180190086365, 0.0872756764292717], "mood_party": [0.07840321213006973, 0.8919740319252014], "mood_relaxed": [0.5849947929382324, 0.39120933413505554], "mood_sad": [0.8408716917037964, 0.18176573514938354]}