{"mood_acoustic": [0.27135321497917175, 0.7334827184677124], "mood_aggressive": [0.001955366926267743, 0.9986007809638977], "mood_electronic": [0.960560142993927, 0.03640347346663475], "mood_happy": [0.4110454320907593, 0.5699196457862854], "mood_party": [0.6256367564201355, 0.37471315264701843], "mood_relaxed": [0.2542714476585388, 0.7660642266273499], "mood_sad": [0.9174970984458923, 0.08402073383331299]}