{"mood_acoustic": [0.016874831169843674, 0.987983763217926], "mood_aggressive": [0.9273415803909302, 0.07632795721292496], "mood_electronic": [0.9278625249862671, 0.061778854578733444], "mood_happy": [0.5340242981910706, 0.2798754870891571], "mood_party": [0.02059616893529892, 0.9785224795341492], "mood_relaxed": [0.9328538179397583, 0.04593772068619728], "mood_sad": [0.9991443157196045, 0.0009921143064275384]}