{"mood_acoustic": [0.6156662106513977, 0.4404594302177429], "mood_aggressive": [0.0022410317324101925, 0.9944149255752563], "mood_electronic": [0.5082826018333435, 0.5052974224090576], "mood_happy": [0.009340386837720871, 0.9843102097511292], "mood_party": [0.9999138712882996, 0.00018811340851243585], "mood_relaxed": [0.052579671144485474, 0.9457283616065979], "mood_sad": [0.08274109661579132, 0.9256433844566345]}