{"mood_acoustic": [0.9446987509727478, 0.05586596578359604], "mood_aggressive": [2.428803600196261e-05, 0.999961793422699], "mood_electronic": [0.15437689423561096, 0.8982935547828674], "mood_happy": [0.07741063088178635, 0.9230919480323792], "mood_party": [0.999984622001648, 2.276865234307479e-05], "mood_relaxed": [0.030296964570879936, 0.9661123156547546], "mood_sad": [0.0025246308650821447, 0.9946914911270142]}