{"mood_acoustic": [0.08923765271902084, 0.9081248641014099], "mood_aggressive": [0.004750195890665054, 0.9958425760269165], "mood_electronic": [0.3344997763633728, 0.6848452687263489], "mood_happy": [0.7227251529693604, 0.24694636464118958], "mood_party": [0.34075742959976196, 0.613109290599823], "mood_relaxed": [0.7354562878608704, 0.25714311003685], "mood_sad": [0.8357130289077759, 0.1604914665222168]}