{"mood_acoustic": [0.7689525485038757, 0.2215511053800583], "mood_aggressive": [0.0009722288814373314, 0.9974134564399719], "mood_electronic": [0.4681166410446167, 0.6000723838806152], "mood_happy": [0.001206207205541432, 0.9979801774024963], "mood_party": [0.9997695088386536, 0.00035840016789734364], "mood_relaxed": [0.0029245975892990828, 0.9965950846672058], "mood_sad": [0.008988696150481701, 0.9884167313575745]}