{"mood_acoustic": [0.01854368858039379, 0.9775881767272949], "mood_aggressive": [0.4462362825870514, 0.53842693567276], "mood_electronic": [0.2351892590522766, 0.7846365571022034], "mood_happy": [0.7171266078948975, 0.2876688838005066], "mood_party": [0.7205042839050293, 0.28757035732269287], "mood_relaxed": [0.8992835283279419, 0.08842897415161133], "mood_sad": [0.8810295462608337, 0.11299026012420654]}