{"mood_acoustic": [0.6180167198181152, 0.4055788815021515], "mood_aggressive": [0.08006759732961655, 0.9077732563018799], "mood_electronic": [0.7174600958824158, 0.3284533619880676], "mood_happy": [0.04148409515619278, 0.9453573226928711], "mood_party": [0.9984325766563416, 0.0014577872352674603], "mood_relaxed": [0.11816632002592087, 0.8835626840591431], "mood_sad": [0.3034782409667969, 0.6568143963813782]}