{"mood_acoustic": [0.11782290786504745, 0.884471595287323], "mood_aggressive": [0.8012357950210571, 0.20871160924434662], "mood_electronic": [0.1130344569683075, 0.880841851234436], "mood_happy": [0.8620080947875977, 0.11850827932357788], "mood_party": [0.4440433084964752, 0.5229836106300354], "mood_relaxed": [0.5764212608337402, 0.40346795320510864], "mood_sad": [0.7513620853424072, 0.19594919681549072]}