{"mood_acoustic": [3.8598478568019345e-05, 0.9993055462837219], "mood_aggressive": [0.019452953711152077, 0.9804380536079407], "mood_electronic": [0.7825735807418823, 0.31547480821609497], "mood_happy": [0.029344135895371437, 0.9581729173660278], "mood_party": [0.9984133839607239, 0.0016839042073115706], "mood_relaxed": [0.5839608907699585, 0.4426060616970062], "mood_sad": [0.005457676947116852, 0.9893768429756165]}