{"mood_acoustic": [0.9647585153579712, 0.02928251586854458], "mood_aggressive": [3.737664155778475e-05, 0.9999098181724548], "mood_electronic": [0.09165288507938385, 0.9324765801429749], "mood_happy": [0.2261463850736618, 0.7994443774223328], "mood_party": [0.9999788999557495, 6.316150393104181e-05], "mood_relaxed": [0.01513814739882946, 0.9828907251358032], "mood_sad": [0.09505747258663177, 0.8978903293609619]}