{"mood_acoustic": [0.005441267043352127, 0.9916587471961975], "mood_aggressive": [0.6747161746025085, 0.33439138531684875], "mood_electronic": [0.043200910091400146, 0.9686720967292786], "mood_happy": [0.6953651309013367, 0.31160688400268555], "mood_party": [0.39107176661491394, 0.5972329378128052], "mood_relaxed": [0.914447009563446, 0.06147442013025284], "mood_sad": [0.9844326972961426, 0.014771860092878342]}