{"mood_acoustic": [0.26285356283187866, 0.798975944519043], "mood_aggressive": [0.011759449727833271, 0.9778285026550293], "mood_electronic": [0.6080654263496399, 0.44789421558380127], "mood_happy": [0.0023771219421178102, 0.9957393407821655], "mood_party": [0.9989792108535767, 0.0016573721077293158], "mood_relaxed": [0.019166043028235435, 0.9802983403205872], "mood_sad": [0.7464666962623596, 0.2294115275144577]}