{"mood_acoustic": [0.8552022576332092, 0.13787440955638885], "mood_aggressive": [0.0005741349887102842, 0.9978386759757996], "mood_electronic": [0.24180729687213898, 0.8055360317230225], "mood_happy": [0.00037470372626557946, 0.9989827275276184], "mood_party": [0.9999667406082153, 8.113963849609718e-05], "mood_relaxed": [0.004344481974840164, 0.9951004981994629], "mood_sad": [0.018335528671741486, 0.9807265996932983]}