{"mood_acoustic": [0.7372063398361206, 0.29185202717781067], "mood_aggressive": [0.0006516901776194572, 0.9976719617843628], "mood_electronic": [0.34140339493751526, 0.7041214108467102], "mood_happy": [0.0011070036562159657, 0.9976075887680054], "mood_party": [0.9999866485595703, 5.407792923506349e-05], "mood_relaxed": [0.025985287502408028, 0.9725333452224731], "mood_sad": [0.1539476066827774, 0.8346325159072876]}