{"mood_acoustic": [0.764003574848175, 0.46682390570640564], "mood_aggressive": [0.13699336349964142, 0.9033663272857666], "mood_electronic": [0.9120622873306274, 0.11017217487096786], "mood_happy": [0.045447271317243576, 0.9292367100715637], "mood_party": [0.9996222853660583, 0.0012717870995402336], "mood_relaxed": [0.021528298035264015, 0.976539134979248], "mood_sad": [0.9853881597518921, 0.00882706604897976]}