{"mood_acoustic": [0.8738234043121338, 0.10520730912685394], "mood_aggressive": [8.69613213581033e-05, 0.9997440576553345], "mood_electronic": [0.2734811007976532, 0.7978566288948059], "mood_happy": [0.14435866475105286, 0.8740927577018738], "mood_party": [0.9999659061431885, 6.415799725800753e-05], "mood_relaxed": [0.05936631187796593, 0.9366728663444519], "mood_sad": [0.16055019199848175, 0.8054124712944031]}