{"mood_acoustic": [0.9621532559394836, 0.01818493753671646], "mood_aggressive": [0.0004914657329209149, 0.9991665482521057], "mood_electronic": [0.03137492388486862, 0.9724887013435364], "mood_happy": [0.11987001448869705, 0.8768190741539001], "mood_party": [0.9999916553497314, 3.6334236938273534e-05], "mood_relaxed": [0.07508556544780731, 0.925556480884552], "mood_sad": [0.017755333334207535, 0.9732237458229065]}