{"mood_acoustic": [0.5978142023086548, 0.35441094636917114], "mood_aggressive": [0.12810078263282776, 0.8634073138237], "mood_electronic": [0.07398593425750732, 0.9398878216743469], "mood_happy": [0.3999663293361664, 0.6189730167388916], "mood_party": [0.9990472793579102, 0.0014375002356246114], "mood_relaxed": [0.7367508411407471, 0.2639372944831848], "mood_sad": [0.2340991050004959, 0.70008784532547]}