{"mood_acoustic": [0.03256530687212944, 0.9696528911590576], "mood_aggressive": [0.7742278575897217, 0.2242175042629242], "mood_electronic": [0.9453188180923462, 0.05502987280488014], "mood_happy": [0.15337304770946503, 0.831777811050415], "mood_party": [0.6696513891220093, 0.29988721013069153], "mood_relaxed": [0.8515109419822693, 0.1420108675956726], "mood_sad": [0.874899685382843, 0.12402907013893127]}