{"mood_acoustic": [0.5011436343193054, 0.5046339631080627], "mood_aggressive": [0.11715126782655716, 0.8842840790748596], "mood_electronic": [0.642745316028595, 0.36543363332748413], "mood_happy": [0.14936518669128418, 0.8589859008789062], "mood_party": [0.9147452712059021, 0.07554551959037781], "mood_relaxed": [0.47382208704948425, 0.5274838209152222], "mood_sad": [0.41797131299972534, 0.5564404726028442]}