{"mood_acoustic": [0.09461324661970139, 0.8797844648361206], "mood_aggressive": [0.9994875192642212, 0.000503990740980953], "mood_electronic": [0.4428028464317322, 0.633884072303772], "mood_happy": [0.21683822572231293, 0.7629584670066833], "mood_party": [0.993835985660553, 0.005076346918940544], "mood_relaxed": [0.8844494223594666, 0.10961011797189713], "mood_sad": [0.8322065472602844, 0.16862823069095612]}