{"mood_acoustic": [0.01671920344233513, 0.9803593754768372], "mood_aggressive": [0.036519598215818405, 0.973324716091156], "mood_electronic": [0.7757356762886047, 0.21862150728702545], "mood_happy": [0.3451882600784302, 0.6268838047981262], "mood_party": [0.30569538474082947, 0.6401842832565308], "mood_relaxed": [0.7354912757873535, 0.2597985863685608], "mood_sad": [0.8684384226799011, 0.12411767244338989]}