{"mood_acoustic": [0.5510383248329163, 0.4040848910808563], "mood_aggressive": [0.005105013493448496, 0.993044912815094], "mood_electronic": [0.10207903385162354, 0.9281943440437317], "mood_happy": [0.15521830320358276, 0.8348872661590576], "mood_party": [0.9991981983184814, 0.0010093310847878456], "mood_relaxed": [0.2950153648853302, 0.7122482061386108], "mood_sad": [0.06306637078523636, 0.9250032901763916]}