{"mood_acoustic": [0.9827733039855957, 0.014013371430337429], "mood_aggressive": [0.0002212674735346809, 0.9997743964195251], "mood_electronic": [0.02859862707555294, 0.9748993515968323], "mood_happy": [0.21206682920455933, 0.7931510210037231], "mood_party": [0.9999901652336121, 3.901432137354277e-05], "mood_relaxed": [0.06317675113677979, 0.9371415972709656], "mood_sad": [0.01712764985859394, 0.9770315885543823]}