{"mood_acoustic": [0.848965048789978, 0.15016287565231323], "mood_aggressive": [9.693294123280793e-05, 0.9996041059494019], "mood_electronic": [0.018618563190102577, 0.9903571605682373], "mood_happy": [0.007091131526976824, 0.9930757284164429], "mood_party": [0.9999410510063171, 0.00010316177213098854], "mood_relaxed": [0.015936229377985, 0.9821984171867371], "mood_sad": [0.02791113220155239, 0.9658360481262207]}