{"mood_acoustic": [7.513190625196842e-10, 0.9999998211860657], "mood_aggressive": [0.9999849796295166, 2.2330781575874425e-05], "mood_electronic": [0.49724718928337097, 0.5999206304550171], "mood_happy": [0.014281545765697956, 0.9823428988456726], "mood_party": [0.8839304447174072, 0.07346263527870178], "mood_relaxed": [0.9963630437850952, 0.0026008235290646553], "mood_sad": [0.9992238283157349, 0.0008998462581075728]}