{"mood_acoustic": [0.237106055021286, 0.7869285345077515], "mood_aggressive": [0.5530149936676025, 0.45548221468925476], "mood_electronic": [0.49983736872673035, 0.5347008109092712], "mood_happy": [0.649762749671936, 0.28700631856918335], "mood_party": [0.1004667654633522, 0.9060208201408386], "mood_relaxed": [0.7464950084686279, 0.23429575562477112], "mood_sad": [0.9914820790290833, 0.011624230071902275]}