{"mood_acoustic": [0.3714718222618103, 0.6467485427856445], "mood_aggressive": [0.00028922734782099724, 0.9990046620368958], "mood_electronic": [0.023697631433606148, 0.9871413707733154], "mood_happy": [0.001496603013947606, 0.9975405335426331], "mood_party": [0.9995551705360413, 0.0006966606597416103], "mood_relaxed": [0.0027260601054877043, 0.9969024658203125], "mood_sad": [0.027501996606588364, 0.9713614583015442]}