{"mood_acoustic": [0.3415348529815674, 0.7471083998680115], "mood_aggressive": [0.0006692080060020089, 0.9974402189254761], "mood_electronic": [0.15674442052841187, 0.8939995169639587], "mood_happy": [0.0536918118596077, 0.9292669892311096], "mood_party": [0.9998640418052673, 0.00026027378044091165], "mood_relaxed": [0.012418754398822784, 0.9865042567253113], "mood_sad": [0.03371353819966316, 0.958103358745575]}