{"mood_acoustic": [0.7003650069236755, 0.3015159070491791], "mood_aggressive": [8.182600140571594e-05, 0.999842643737793], "mood_electronic": [0.8168167471885681, 0.20751462876796722], "mood_happy": [0.3252949118614197, 0.6879806518554688], "mood_party": [0.9997560977935791, 0.0003724080161191523], "mood_relaxed": [0.09452638030052185, 0.903648316860199], "mood_sad": [0.013262126594781876, 0.9764328598976135]}