{"mood_acoustic": [0.968498945236206, 0.024548420682549477], "mood_aggressive": [8.484663703711703e-05, 0.9996725916862488], "mood_electronic": [0.01159972045570612, 0.9910734295845032], "mood_happy": [0.08924081921577454, 0.9091832041740417], "mood_party": [0.999983012676239, 8.415954653173685e-05], "mood_relaxed": [0.0362430065870285, 0.9601799845695496], "mood_sad": [0.012238631956279278, 0.9836046695709229]}