{"mood_acoustic": [0.9473534822463989, 0.04166793450713158], "mood_aggressive": [0.023724351078271866, 0.9766208529472351], "mood_electronic": [0.674403965473175, 0.3070971667766571], "mood_happy": [0.6335572004318237, 0.43155860900878906], "mood_party": [0.9822273850440979, 0.014649457298219204], "mood_relaxed": [0.2090693861246109, 0.7947684526443481], "mood_sad": [0.9956462979316711, 0.0038276659324765205]}