{"mood_acoustic": [0.5739703178405762, 0.4286043643951416], "mood_aggressive": [0.0001282011071452871, 0.9994126558303833], "mood_electronic": [0.03414732217788696, 0.9831532835960388], "mood_happy": [0.0017390031134709716, 0.9971421360969543], "mood_party": [0.9998883008956909, 0.00020456798665691167], "mood_relaxed": [0.005790644325315952, 0.9935871362686157], "mood_sad": [0.004573830869048834, 0.9950512647628784]}