{"mood_acoustic": [0.9200407862663269, 0.06468260288238525], "mood_aggressive": [0.00032774900319054723, 0.9995467662811279], "mood_electronic": [0.738407552242279, 0.2623596489429474], "mood_happy": [0.4845646023750305, 0.5464306473731995], "mood_party": [0.9998390078544617, 0.00034686317667365074], "mood_relaxed": [0.07352422177791595, 0.9244661927223206], "mood_sad": [0.33900099992752075, 0.6247928142547607]}