{"mood_acoustic": [0.036384500563144684, 0.9631421566009521], "mood_aggressive": [0.03300468996167183, 0.97357577085495], "mood_electronic": [0.8958638906478882, 0.13068343698978424], "mood_happy": [0.31304484605789185, 0.6505175232887268], "mood_party": [0.968849778175354, 0.03278589993715286], "mood_relaxed": [0.15864893794059753, 0.8430314064025879], "mood_sad": [0.7086527347564697, 0.293255090713501]}