{"mood_acoustic": [0.8298275470733643, 0.16755154728889465], "mood_aggressive": [0.19032618403434753, 0.8134546875953674], "mood_electronic": [0.08161476999521255, 0.9202207326889038], "mood_happy": [0.5570919513702393, 0.501680850982666], "mood_party": [0.9439584016799927, 0.05470438301563263], "mood_relaxed": [0.23877714574337006, 0.7546170353889465], "mood_sad": [0.22640205919742584, 0.7088304758071899]}