{"mood_acoustic": [0.0840371698141098, 0.9131832122802734], "mood_aggressive": [0.002708190120756626, 0.997292160987854], "mood_electronic": [0.9169072508811951, 0.10878879576921463], "mood_happy": [0.44013628363609314, 0.49390915036201477], "mood_party": [0.7678147554397583, 0.22203761339187622], "mood_relaxed": [0.3663608133792877, 0.6342522501945496], "mood_sad": [0.29373058676719666, 0.6814691424369812]}