{"mood_acoustic": [0.1631356179714203, 0.8599494695663452], "mood_aggressive": [0.1257307380437851, 0.9053131341934204], "mood_electronic": [0.9811884164810181, 0.022951196879148483], "mood_happy": [0.4105781316757202, 0.6413286328315735], "mood_party": [0.9800125360488892, 0.02319646254181862], "mood_relaxed": [0.18376336991786957, 0.8186408877372742], "mood_sad": [0.8990191221237183, 0.09812933206558228]}