{"mood_acoustic": [0.1769852638244629, 0.8140150308609009], "mood_aggressive": [0.000630430004093796, 0.9982057213783264], "mood_electronic": [0.2734937071800232, 0.8339925408363342], "mood_happy": [0.04051965847611427, 0.9467678666114807], "mood_party": [0.9983468651771545, 0.0024154295679181814], "mood_relaxed": [0.016811836510896683, 0.9821709990501404], "mood_sad": [0.03681457042694092, 0.9627076387405396]}