{"mood_acoustic": [0.9703145623207092, 0.02178793027997017], "mood_aggressive": [3.5568784369388595e-05, 0.9998950362205505], "mood_electronic": [0.1818438619375229, 0.8631618022918701], "mood_happy": [0.05203380063176155, 0.9489766359329224], "mood_party": [0.9999929070472717, 2.863280678866431e-05], "mood_relaxed": [0.021342646330595016, 0.9753766655921936], "mood_sad": [0.1317240446805954, 0.8723630905151367]}