{"mood_acoustic": [0.9403932690620422, 0.06156498193740845], "mood_aggressive": [0.00011966533202212304, 0.9997937083244324], "mood_electronic": [0.2274666726589203, 0.7863193154335022], "mood_happy": [0.5416292548179626, 0.4869143068790436], "mood_party": [0.999898374080658, 0.0002675600990187377], "mood_relaxed": [0.07329969853162766, 0.9224107265472412], "mood_sad": [0.33515721559524536, 0.639315664768219]}