{"mood_acoustic": [0.5054106116294861, 0.5662441253662109], "mood_aggressive": [0.006564750336110592, 0.9863542318344116], "mood_electronic": [0.6328946948051453, 0.42858055233955383], "mood_happy": [0.00021964492043480277, 0.9991363286972046], "mood_party": [0.9998924136161804, 0.00027741945814341307], "mood_relaxed": [0.024509144946932793, 0.9744321703910828], "mood_sad": [0.6623114347457886, 0.33076614141464233]}