{"mood_acoustic": [0.10142508149147034, 0.9079883694648743], "mood_aggressive": [0.1890009641647339, 0.8444977402687073], "mood_electronic": [0.9724656343460083, 0.039084892719984055], "mood_happy": [0.28018343448638916, 0.7314864993095398], "mood_party": [0.9501920342445374, 0.049788326025009155], "mood_relaxed": [0.1292981505393982, 0.8699823021888733], "mood_sad": [0.699515700340271, 0.2870979905128479]}