{"mood_acoustic": [0.18245740234851837, 0.8048173189163208], "mood_aggressive": [0.019524624571204185, 0.9794797301292419], "mood_electronic": [0.9005025029182434, 0.12427488714456558], "mood_happy": [0.7994241118431091, 0.21472689509391785], "mood_party": [0.8790090084075928, 0.1504235714673996], "mood_relaxed": [0.48303237557411194, 0.5269299745559692], "mood_sad": [0.7565155029296875, 0.24036084115505219]}