{"mood_acoustic": [0.03965464606881142, 0.9752349853515625], "mood_aggressive": [0.008948354050517082, 0.9920139908790588], "mood_electronic": [0.6103759407997131, 0.4694165885448456], "mood_happy": [0.1873374730348587, 0.7562529444694519], "mood_party": [0.8855586051940918, 0.13411955535411835], "mood_relaxed": [0.3793644905090332, 0.6166040301322937], "mood_sad": [0.32286205887794495, 0.7107627987861633]}