{"mood_acoustic": [6.511431820399594e-07, 0.9999911785125732], "mood_aggressive": [0.06644067913293839, 0.9418238401412964], "mood_electronic": [0.9662595391273499, 0.03793131932616234], "mood_happy": [0.3691394627094269, 0.6020622849464417], "mood_party": [0.12629836797714233, 0.8529053926467896], "mood_relaxed": [0.6152884364128113, 0.3843647241592407], "mood_sad": [0.9093121886253357, 0.10916347056627274]}