{"mood_acoustic": [0.9558258652687073, 0.04448341950774193], "mood_aggressive": [0.00041942420648410916, 0.9987976551055908], "mood_electronic": [0.20241761207580566, 0.8507902026176453], "mood_happy": [0.003944089636206627, 0.9945884943008423], "mood_party": [0.9999138116836548, 0.0001538315846119076], "mood_relaxed": [0.007497869431972504, 0.9913877844810486], "mood_sad": [0.0156574510037899, 0.9815210700035095]}