{"mood_acoustic": [0.9006711840629578, 0.1113758534193039], "mood_aggressive": [0.00863252580165863, 0.9895911812782288], "mood_electronic": [0.4929027259349823, 0.5539683103561401], "mood_happy": [0.033500656485557556, 0.9673090577125549], "mood_party": [0.9999631643295288, 7.456690218532458e-05], "mood_relaxed": [0.0076627712696790695, 0.9918543696403503], "mood_sad": [0.1494818478822708, 0.8259487152099609]}