{"mood_acoustic": [0.6333547234535217, 0.49389103055000305], "mood_aggressive": [0.00209509558044374, 0.9978339076042175], "mood_electronic": [0.9860429763793945, 0.016512513160705566], "mood_happy": [0.39068058133125305, 0.6017922163009644], "mood_party": [0.9975138902664185, 0.0031471324618905783], "mood_relaxed": [0.023594047874212265, 0.9748360514640808], "mood_sad": [0.6213791966438293, 0.39867985248565674]}