{"mood_acoustic": [0.8180896639823914, 0.1697639375925064], "mood_aggressive": [0.00464422395452857, 0.9932426810264587], "mood_electronic": [0.7940794825553894, 0.2258983701467514], "mood_happy": [0.4902733266353607, 0.5335362553596497], "mood_party": [0.999029278755188, 0.0011796930339187384], "mood_relaxed": [0.03774183616042137, 0.9588395953178406], "mood_sad": [0.3579828143119812, 0.6228454113006592]}