{"mood_acoustic": [0.045667849481105804, 0.9652093052864075], "mood_aggressive": [0.04829287901520729, 0.9664965271949768], "mood_electronic": [0.9600065350532532, 0.04747257009148598], "mood_happy": [0.7044087648391724, 0.29364728927612305], "mood_party": [0.10118631273508072, 0.8967105150222778], "mood_relaxed": [0.7769059538841248, 0.2103012651205063], "mood_sad": [0.9903320670127869, 0.005749325267970562]}