{"mood_acoustic": [0.20222654938697815, 0.8569027185440063], "mood_aggressive": [0.0015648893313482404, 0.9947357773780823], "mood_electronic": [0.11955247074365616, 0.9279239773750305], "mood_happy": [0.0004039483901578933, 0.9990365505218506], "mood_party": [0.9985131621360779, 0.0021231533028185368], "mood_relaxed": [0.009738001972436905, 0.9894635677337646], "mood_sad": [0.4782378673553467, 0.5181122422218323]}