{"mood_acoustic": [0.8982277512550354, 0.10307463258504868], "mood_aggressive": [0.0001629040198167786, 0.9997626543045044], "mood_electronic": [0.5925515294075012, 0.49394890666007996], "mood_happy": [0.7018742561340332, 0.38036683201789856], "mood_party": [0.9998365640640259, 0.0003452807723078877], "mood_relaxed": [0.05796431377530098, 0.9369432330131531], "mood_sad": [0.8915188908576965, 0.10964314639568329]}