{"mood_acoustic": [0.5077521204948425, 0.4859547019004822], "mood_aggressive": [0.31602904200553894, 0.6555450558662415], "mood_electronic": [0.14254075288772583, 0.8521027565002441], "mood_happy": [0.6817411780357361, 0.30776557326316833], "mood_party": [0.7735078930854797, 0.21279072761535645], "mood_relaxed": [0.5325806736946106, 0.46481722593307495], "mood_sad": [0.5928937196731567, 0.3481106162071228]}