{"mood_acoustic": [0.7686029672622681, 0.2568883001804352], "mood_aggressive": [0.0006809498299844563, 0.9994599223136902], "mood_electronic": [0.6889004111289978, 0.33961620926856995], "mood_happy": [0.3860163390636444, 0.6136550307273865], "mood_party": [0.9996148347854614, 0.0005788925336673856], "mood_relaxed": [0.07648677378892899, 0.9230973720550537], "mood_sad": [0.36455824971199036, 0.6319798231124878]}