{"mood_acoustic": [0.1817196160554886, 0.8215596079826355], "mood_aggressive": [0.0006414623348973691, 0.997653603553772], "mood_electronic": [0.06048816069960594, 0.9528633952140808], "mood_happy": [0.0002829530567396432, 0.9993266463279724], "mood_party": [0.99966961145401, 0.000514755432959646], "mood_relaxed": [0.003534638322889805, 0.996109664440155], "mood_sad": [0.03174905478954315, 0.9594559073448181]}