{"mood_acoustic": [0.8645649552345276, 0.09358858317136765], "mood_aggressive": [0.0005537329707294703, 0.9988759160041809], "mood_electronic": [0.47676748037338257, 0.48799195885658264], "mood_happy": [0.47744399309158325, 0.5357769131660461], "mood_party": [0.9999067783355713, 0.0002564592577982694], "mood_relaxed": [0.10454259812831879, 0.8874987959861755], "mood_sad": [0.6240674257278442, 0.38074085116386414]}