{"mood_acoustic": [0.18768849968910217, 0.8199000358581543], "mood_aggressive": [0.15024101734161377, 0.8570285439491272], "mood_electronic": [0.8981111645698547, 0.09232719987630844], "mood_happy": [0.3531336188316345, 0.6171446442604065], "mood_party": [0.3673522472381592, 0.6301915049552917], "mood_relaxed": [0.44871973991394043, 0.56294846534729], "mood_sad": [0.9106022715568542, 0.08720443397760391]}