{"mood_acoustic": [0.9883900880813599, 0.007973133586347103], "mood_aggressive": [0.0008704711217433214, 0.9984045028686523], "mood_electronic": [0.11581872403621674, 0.918403148651123], "mood_happy": [0.04104933142662048, 0.9595630168914795], "mood_party": [0.9999969005584717, 1.7009006114676595e-05], "mood_relaxed": [0.02131410874426365, 0.9767705798149109], "mood_sad": [0.011209427379071712, 0.9841458201408386]}