{"mood_acoustic": [2.8255377401364967e-05, 0.9996750354766846], "mood_aggressive": [0.008491290733218193, 0.9831507205963135], "mood_electronic": [0.0969456136226654, 0.9603557586669922], "mood_happy": [0.02771906927227974, 0.9634843468666077], "mood_party": [0.9930131435394287, 0.009377028793096542], "mood_relaxed": [0.005802984815090895, 0.993532657623291], "mood_sad": [0.2628837525844574, 0.6629655957221985]}