{"mood_acoustic": [0.8811753392219543, 0.11779580265283585], "mood_aggressive": [0.004955938085913658, 0.9946271181106567], "mood_electronic": [0.0327845923602581, 0.9662274122238159], "mood_happy": [0.7731898427009583, 0.26272299885749817], "mood_party": [0.9948135018348694, 0.005125152878463268], "mood_relaxed": [0.5339430570602417, 0.4842962920665741], "mood_sad": [0.17803679406642914, 0.7868931889533997]}