{"mood_acoustic": [0.8209897875785828, 0.18096759915351868], "mood_aggressive": [0.011201511137187481, 0.9773068428039551], "mood_electronic": [0.20616669952869415, 0.8887571096420288], "mood_happy": [0.004026002716273069, 0.9952793121337891], "mood_party": [0.999904453754425, 0.00020711774413939565], "mood_relaxed": [0.0024124630726873875, 0.997393012046814], "mood_sad": [0.4922868013381958, 0.48404407501220703]}