{"mood_acoustic": [0.8783459067344666, 0.11746053397655487], "mood_aggressive": [0.005286205559968948, 0.9975271224975586], "mood_electronic": [0.3656860589981079, 0.701091468334198], "mood_happy": [0.4958404004573822, 0.5336771607398987], "mood_party": [0.9911635518074036, 0.010812437161803246], "mood_relaxed": [0.11019174754619598, 0.8850080370903015], "mood_sad": [0.20523566007614136, 0.7775449156761169]}