{"mood_acoustic": [0.8125762343406677, 0.218009352684021], "mood_aggressive": [0.00020332288113422692, 0.999588668346405], "mood_electronic": [0.9177259802818298, 0.09167586266994476], "mood_happy": [0.5263548493385315, 0.5146370530128479], "mood_party": [0.999960720539093, 0.0001171255498775281], "mood_relaxed": [0.014518564566969872, 0.9840996265411377], "mood_sad": [0.058335695415735245, 0.9433391094207764]}