{"mood_acoustic": [0.06192239373922348, 0.930526077747345], "mood_aggressive": [0.0816001445055008, 0.9147109389305115], "mood_electronic": [0.6620276570320129, 0.3670133054256439], "mood_happy": [0.42505744099617004, 0.5654569268226624], "mood_party": [0.938569962978363, 0.056097473949193954], "mood_relaxed": [0.7775487899780273, 0.22776956856250763], "mood_sad": [0.34240758419036865, 0.6303804516792297]}