{"mood_acoustic": [0.9936443567276001, 0.016384966671466827], "mood_aggressive": [9.009159111883491e-05, 0.9998973608016968], "mood_electronic": [0.5915670394897461, 0.3988206088542938], "mood_happy": [0.8228902220726013, 0.2203025072813034], "mood_party": [0.9828433394432068, 0.027513785287737846], "mood_relaxed": [0.15737766027450562, 0.839792013168335], "mood_sad": [0.8604964017868042, 0.12795917689800262]}