{"mood_acoustic": [0.05432736501097679, 0.9368592500686646], "mood_aggressive": [0.35826656222343445, 0.6419315934181213], "mood_electronic": [0.06316781044006348, 0.9361413717269897], "mood_happy": [0.9099951982498169, 0.0753079429268837], "mood_party": [0.6731199622154236, 0.3773031532764435], "mood_relaxed": [0.6760935187339783, 0.3195461630821228], "mood_sad": [0.8847086429595947, 0.11013323813676834]}