{"mood_acoustic": [0.8379310965538025, 0.19565033912658691], "mood_aggressive": [0.004070197232067585, 0.995762288570404], "mood_electronic": [0.033231478184461594, 0.9737507700920105], "mood_happy": [0.633747398853302, 0.41739538311958313], "mood_party": [0.9838067293167114, 0.026103805750608444], "mood_relaxed": [0.11495979875326157, 0.8775392770767212], "mood_sad": [0.06764963269233704, 0.8884720802307129]}