{"mood_acoustic": [0.028197987005114555, 0.9786481261253357], "mood_aggressive": [0.2703644335269928, 0.7543363571166992], "mood_electronic": [0.8846278786659241, 0.14500507712364197], "mood_happy": [0.14670602977275848, 0.8203957080841064], "mood_party": [0.5787825584411621, 0.41483181715011597], "mood_relaxed": [0.5804545283317566, 0.414449542760849], "mood_sad": [0.4683663249015808, 0.533284604549408]}