{"mood_acoustic": [0.9232421517372131, 0.04484359920024872], "mood_aggressive": [0.000476533459732309, 0.9983369708061218], "mood_electronic": [0.30191558599472046, 0.7455748915672302], "mood_happy": [0.014670779928565025, 0.9824808239936829], "mood_party": [0.9999958872795105, 2.755983587121591e-05], "mood_relaxed": [0.03647080063819885, 0.9615414142608643], "mood_sad": [0.13070601224899292, 0.8438730239868164]}