{"mood_acoustic": [0.0015054458053782582, 0.9960317611694336], "mood_aggressive": [0.7248541712760925, 0.2998887002468109], "mood_electronic": [0.9365252256393433, 0.07272707670927048], "mood_happy": [0.03817962110042572, 0.9491472840309143], "mood_party": [0.3953484296798706, 0.5479626059532166], "mood_relaxed": [0.7238495945930481, 0.28353962302207947], "mood_sad": [0.9458394646644592, 0.06394118070602417]}