{"mood_acoustic": [0.814861536026001, 0.19901689887046814], "mood_aggressive": [0.0015569451497867703, 0.9975113868713379], "mood_electronic": [0.051009196788072586, 0.9711321592330933], "mood_happy": [0.6266229748725891, 0.4089105427265167], "mood_party": [0.9881719946861267, 0.011565315537154675], "mood_relaxed": [0.4483628571033478, 0.5684138536453247], "mood_sad": [0.5315366387367249, 0.43393614888191223]}