{"mood_acoustic": [0.118748240172863, 0.8826006650924683], "mood_aggressive": [0.5798333287239075, 0.4782366156578064], "mood_electronic": [0.9305784702301025, 0.06892075389623642], "mood_happy": [0.7156509160995483, 0.29458850622177124], "mood_party": [0.20677550137043, 0.7900546193122864], "mood_relaxed": [0.6971660256385803, 0.28212785720825195], "mood_sad": [0.9363096356391907, 0.06241951882839203]}