{"mood_acoustic": [0.060804497450590134, 0.9356412291526794], "mood_aggressive": [0.3056514859199524, 0.7343409061431885], "mood_electronic": [0.9525840282440186, 0.04366987571120262], "mood_happy": [0.5031218528747559, 0.46584394574165344], "mood_party": [0.12760645151138306, 0.8624570369720459], "mood_relaxed": [0.744647204875946, 0.23998263478279114], "mood_sad": [0.997960090637207, 0.004233312793076038]}