{"mood_acoustic": [0.3201703131198883, 0.713474452495575], "mood_aggressive": [0.029703760519623756, 0.9630404710769653], "mood_electronic": [0.7731640338897705, 0.23976728320121765], "mood_happy": [0.09969612210988998, 0.8997355103492737], "mood_party": [0.9982633590698242, 0.0012069507502019405], "mood_relaxed": [0.3310202360153198, 0.6865387558937073], "mood_sad": [0.5499585866928101, 0.43316373229026794]}