{"mood_acoustic": [0.15393778681755066, 0.8238230347633362], "mood_aggressive": [0.0009289432200603187, 0.998062789440155], "mood_electronic": [0.6000046730041504, 0.46685850620269775], "mood_happy": [0.08638934046030045, 0.8585311770439148], "mood_party": [0.9993473291397095, 0.0010023528011515737], "mood_relaxed": [0.06562753021717072, 0.9323804378509521], "mood_sad": [0.03356623649597168, 0.9371598362922668]}