{"mood_acoustic": [0.6075306534767151, 0.38372960686683655], "mood_aggressive": [0.01944391056895256, 0.9785282611846924], "mood_electronic": [0.17653419077396393, 0.8438747525215149], "mood_happy": [0.7838902473449707, 0.23631098866462708], "mood_party": [0.9416542649269104, 0.06450381129980087], "mood_relaxed": [0.4510174095630646, 0.553182065486908], "mood_sad": [0.48875272274017334, 0.48415979743003845]}