{"mood_acoustic": [0.9946308135986328, 0.004845208488404751], "mood_aggressive": [0.00016954584862105548, 0.9998165965080261], "mood_electronic": [0.7272510528564453, 0.2940559983253479], "mood_happy": [0.2622082233428955, 0.7549440860748291], "mood_party": [0.9999969601631165, 1.849877844506409e-05], "mood_relaxed": [0.005755168851464987, 0.9935574531555176], "mood_sad": [0.07323751598596573, 0.9180728793144226]}