{"mood_acoustic": [0.1428832858800888, 0.8753983378410339], "mood_aggressive": [0.04239186272025108, 0.9748131036758423], "mood_electronic": [0.9534326791763306, 0.03628602251410484], "mood_happy": [0.5951099991798401, 0.4329763650894165], "mood_party": [0.7258185148239136, 0.2673697769641876], "mood_relaxed": [0.2995864748954773, 0.7133654952049255], "mood_sad": [0.8597157001495361, 0.11599402874708176]}