{"mood_acoustic": [0.0990009605884552, 0.916084349155426], "mood_aggressive": [0.138950914144516, 0.9402503371238708], "mood_electronic": [0.9932268857955933, 0.007973420433700085], "mood_happy": [0.6134065389633179, 0.4570346474647522], "mood_party": [0.3340185284614563, 0.657081663608551], "mood_relaxed": [0.6786674857139587, 0.3160691261291504], "mood_sad": [0.997525691986084, 0.002789745107293129]}