{"mood_acoustic": [0.12852594256401062, 0.863922119140625], "mood_aggressive": [0.5613821148872375, 0.4411894977092743], "mood_electronic": [0.44090595841407776, 0.5761719346046448], "mood_happy": [0.7149268388748169, 0.2847648561000824], "mood_party": [0.6549049019813538, 0.3254481852054596], "mood_relaxed": [0.3133287727832794, 0.6731973886489868], "mood_sad": [0.5435555577278137, 0.42274245619773865]}