{"mood_acoustic": [0.86506187915802, 0.12252962589263916], "mood_aggressive": [0.0009688613936305046, 0.9986602067947388], "mood_electronic": [0.09260068833827972, 0.9283519387245178], "mood_happy": [0.5706855058670044, 0.46005797386169434], "mood_party": [0.9999805092811584, 6.980821490287781e-05], "mood_relaxed": [0.33931535482406616, 0.6798441410064697], "mood_sad": [0.5550204515457153, 0.40963152050971985]}