{"mood_acoustic": [0.14449506998062134, 0.8564276695251465], "mood_aggressive": [0.000354662595782429, 0.9983925819396973], "mood_electronic": [0.16061116755008698, 0.8916293382644653], "mood_happy": [0.0033423148561269045, 0.9940405488014221], "mood_party": [0.9986089468002319, 0.002051874063909054], "mood_relaxed": [0.00835560541599989, 0.9909366369247437], "mood_sad": [0.023637188598513603, 0.9727025032043457]}