{"mood_acoustic": [0.9426913261413574, 0.04653080552816391], "mood_aggressive": [0.012927977368235588, 0.9795436263084412], "mood_electronic": [0.40323615074157715, 0.609857439994812], "mood_happy": [0.15391671657562256, 0.8295551538467407], "mood_party": [0.999977707862854, 7.081933290464804e-05], "mood_relaxed": [0.04846673086285591, 0.9493610262870789], "mood_sad": [0.03726491704583168, 0.9504279494285583]}