{"mood_acoustic": [0.5610470175743103, 0.44435155391693115], "mood_aggressive": [0.0006345745641738176, 0.9990695118904114], "mood_electronic": [0.8297034502029419, 0.22800293564796448], "mood_happy": [0.5630311965942383, 0.40268412232398987], "mood_party": [0.9716769456863403, 0.03672615438699722], "mood_relaxed": [0.35727977752685547, 0.647111177444458], "mood_sad": [0.9294334053993225, 0.07420802861452103]}