{"mood_acoustic": [0.9057646989822388, 0.08423789590597153], "mood_aggressive": [0.0002958195691462606, 0.9996828436851501], "mood_electronic": [0.4925271272659302, 0.6041464805603027], "mood_happy": [0.4426170587539673, 0.5341997742652893], "mood_party": [0.9999507665634155, 0.0001345162163488567], "mood_relaxed": [0.04591680318117142, 0.9491497874259949], "mood_sad": [0.22202080488204956, 0.6794885993003845]}