{"mood_acoustic": [0.9480935335159302, 0.026779701933264732], "mood_aggressive": [0.00010706541070248932, 0.9997482299804688], "mood_electronic": [0.3656826913356781, 0.6295167803764343], "mood_happy": [0.7059245109558105, 0.36826080083847046], "mood_party": [0.9999911785125732, 5.3376410505734384e-05], "mood_relaxed": [0.05939803645014763, 0.9340116381645203], "mood_sad": [0.6597967147827148, 0.3297281861305237]}