{"mood_acoustic": [0.9839141964912415, 0.010143622756004333], "mood_aggressive": [1.3091291293676477e-05, 0.9999627470970154], "mood_electronic": [0.35557010769844055, 0.6526346802711487], "mood_happy": [0.11477243155241013, 0.8983137011528015], "mood_party": [0.9999992847442627, 5.647540092468262e-06], "mood_relaxed": [0.010265040211379528, 0.9879922866821289], "mood_sad": [0.012007045559585094, 0.9841825366020203]}