{"mood_acoustic": [0.9397935271263123, 0.05510564520955086], "mood_aggressive": [6.501326424768195e-05, 0.9998468160629272], "mood_electronic": [0.09554792195558548, 0.9076467752456665], "mood_happy": [0.06713058054447174, 0.9421084523200989], "mood_party": [0.9999603033065796, 0.00015177747991401702], "mood_relaxed": [0.07114411890506744, 0.9221326112747192], "mood_sad": [0.06434227526187897, 0.9281341433525085]}