{"mood_acoustic": [0.5879222750663757, 0.39044493436813354], "mood_aggressive": [0.008169391192495823, 0.9932211637496948], "mood_electronic": [0.43873482942581177, 0.5227010846138], "mood_happy": [0.5287272334098816, 0.4610881805419922], "mood_party": [0.9850234985351562, 0.01848640851676464], "mood_relaxed": [0.402831494808197, 0.5986695885658264], "mood_sad": [0.062418874353170395, 0.9181724786758423]}