{"mood_acoustic": [0.7358827590942383, 0.250888466835022], "mood_aggressive": [0.00346148363314569, 0.9950132966041565], "mood_electronic": [0.02871478721499443, 0.9757058024406433], "mood_happy": [0.38669198751449585, 0.6108532547950745], "mood_party": [0.9991626739501953, 0.0012042903108522296], "mood_relaxed": [0.1162952110171318, 0.886467456817627], "mood_sad": [0.020150313153862953, 0.9744929075241089]}