{"mood_acoustic": [0.7756909132003784, 0.23108045756816864], "mood_aggressive": [0.00010758580174297094, 0.9995701313018799], "mood_electronic": [0.043132249265909195, 0.974955141544342], "mood_happy": [0.005880107171833515, 0.9911609888076782], "mood_party": [0.9998802542686462, 0.0002124468155670911], "mood_relaxed": [0.005896457936614752, 0.9933468103408813], "mood_sad": [0.010089585557579994, 0.9897095561027527]}