{"mood_acoustic": [0.19795893132686615, 0.8046858310699463], "mood_aggressive": [0.569264829158783, 0.44558167457580566], "mood_electronic": [0.2815513610839844, 0.7368911504745483], "mood_happy": [0.3595326840877533, 0.5927116274833679], "mood_party": [0.49055492877960205, 0.5135955214500427], "mood_relaxed": [0.7587606310844421, 0.23838014900684357], "mood_sad": [0.9022934436798096, 0.09760211408138275]}