{"mood_acoustic": [0.9906727075576782, 0.008298215456306934], "mood_aggressive": [3.369795376784168e-05, 0.9998988509178162], "mood_electronic": [0.11645472049713135, 0.8883703947067261], "mood_happy": [0.06696043908596039, 0.9283321499824524], "mood_party": [0.9999958276748657, 1.814486131479498e-05], "mood_relaxed": [0.010818211361765862, 0.987694501876831], "mood_sad": [0.011026708409190178, 0.9856365323066711]}