{"mood_acoustic": [0.9844263792037964, 0.01392817497253418], "mood_aggressive": [8.667733709444292e-06, 0.9999740123748779], "mood_electronic": [0.07174844294786453, 0.9310838580131531], "mood_happy": [0.5439612865447998, 0.4755634367465973], "mood_party": [0.999973714351654, 3.654898682725616e-05], "mood_relaxed": [0.05631394311785698, 0.9393485188484192], "mood_sad": [0.07744953036308289, 0.8697916269302368]}