{"mood_acoustic": [0.6919457912445068, 0.2995046079158783], "mood_aggressive": [9.962733747670427e-05, 0.9995826482772827], "mood_electronic": [0.035061731934547424, 0.979922890663147], "mood_happy": [0.012273760512471199, 0.9860379099845886], "mood_party": [0.9999372363090515, 0.00010804187331814319], "mood_relaxed": [0.012789235450327396, 0.9854872226715088], "mood_sad": [0.010029376484453678, 0.9884129762649536]}