{"mood_acoustic": [0.2806663513183594, 0.7701628804206848], "mood_aggressive": [0.015658292919397354, 0.9698985815048218], "mood_electronic": [0.7393897175788879, 0.3179894685745239], "mood_happy": [0.002558776643127203, 0.9955785870552063], "mood_party": [0.9985382556915283, 0.0020016981288790703], "mood_relaxed": [0.04782720282673836, 0.9533447027206421], "mood_sad": [0.8054507374763489, 0.1996682584285736]}