{"mood_acoustic": [0.0, 1.0], "mood_aggressive": [0.15007294714450836, 0.9488601684570312], "mood_electronic": [0.9999209642410278, 5.9208898164797574e-05], "mood_happy": [0.03395688161253929, 0.9634993672370911], "mood_party": [0.0094016557559371, 0.9873742461204529], "mood_relaxed": [0.9373001456260681, 0.05685009807348251], "mood_sad": [1.0, 4.1145376599160954e-06]}