{"mood_acoustic": [0.002309645526111126, 0.996638298034668], "mood_aggressive": [0.5055932402610779, 0.49356135725975037], "mood_electronic": [0.04827060550451279, 0.9611558318138123], "mood_happy": [0.8844640254974365, 0.10207843035459518], "mood_party": [0.4048904776573181, 0.5728861093521118], "mood_relaxed": [0.9514038562774658, 0.037457000464200974], "mood_sad": [0.905561625957489, 0.08921701461076736]}