{"mood_acoustic": [0.00947574246674776, 0.9910736083984375], "mood_aggressive": [0.23450781404972076, 0.7855300903320312], "mood_electronic": [0.9747191071510315, 0.025904355570673943], "mood_happy": [0.12104254961013794, 0.9017192125320435], "mood_party": [0.36241522431373596, 0.576382040977478], "mood_relaxed": [0.5562425851821899, 0.45959752798080444], "mood_sad": [0.9569929242134094, 0.04664953798055649]}