{"mood_acoustic": [0.11814212799072266, 0.8838253617286682], "mood_aggressive": [0.11644842475652695, 0.8776648640632629], "mood_electronic": [0.47637590765953064, 0.5089953541755676], "mood_happy": [0.6755143404006958, 0.3256256580352783], "mood_party": [0.6436070203781128, 0.316944420337677], "mood_relaxed": [0.7635381817817688, 0.22311821579933167], "mood_sad": [0.5118714570999146, 0.4743845760822296]}