{"mood_acoustic": [0.9463052153587341, 0.05225886404514313], "mood_aggressive": [5.9413308918010443e-05, 0.9998403787612915], "mood_electronic": [0.04389229789376259, 0.9646658897399902], "mood_happy": [0.27025601267814636, 0.7505895495414734], "mood_party": [0.9999778270721436, 2.8253032724023797e-05], "mood_relaxed": [0.018461333587765694, 0.9792837500572205], "mood_sad": [0.02631581947207451, 0.9566004276275635]}