{"mood_acoustic": [0.00011753485159715638, 0.9996786713600159], "mood_aggressive": [0.9751280546188354, 0.02515680156648159], "mood_electronic": [0.057979170233011246, 0.9502105712890625], "mood_happy": [0.08010627329349518, 0.8913727402687073], "mood_party": [0.7699332237243652, 0.21230918169021606], "mood_relaxed": [0.9794877767562866, 0.01911563239991665], "mood_sad": [0.9833460450172424, 0.016216527670621872]}