{"mood_acoustic": [0.31772497296333313, 0.6804815530776978], "mood_aggressive": [0.4441879093647003, 0.5471948385238647], "mood_electronic": [0.5350730419158936, 0.5243468880653381], "mood_happy": [0.01394686009734869, 0.978357195854187], "mood_party": [0.9996889233589172, 0.0005999132408760488], "mood_relaxed": [0.17661119997501373, 0.8229802846908569], "mood_sad": [0.4133166968822479, 0.5773247480392456]}