{"mood_acoustic": [0.004652264527976513, 0.9940276145935059], "mood_aggressive": [0.19394540786743164, 0.812755823135376], "mood_electronic": [0.9138662219047546, 0.09075653553009033], "mood_happy": [0.7019814252853394, 0.28254568576812744], "mood_party": [0.2632763385772705, 0.7152621746063232], "mood_relaxed": [0.8296436071395874, 0.16381807625293732], "mood_sad": [0.8435742855072021, 0.16474197804927826]}