{"mood_acoustic": [0.7756608128547668, 0.2607229948043823], "mood_aggressive": [0.005732945166528225, 0.9923664331436157], "mood_electronic": [0.42484116554260254, 0.639555811882019], "mood_happy": [0.5592541694641113, 0.43390917778015137], "mood_party": [0.9994418025016785, 0.0009863548912107944], "mood_relaxed": [0.01557209249585867, 0.9829191565513611], "mood_sad": [0.7957032322883606, 0.19997864961624146]}