{"mood_acoustic": [0.6124494075775146, 0.3902890384197235], "mood_aggressive": [0.003079698421061039, 0.9941592216491699], "mood_electronic": [0.23718765377998352, 0.7804445028305054], "mood_happy": [0.0016458674799650908, 0.9963170289993286], "mood_party": [0.999569296836853, 0.0005872666952200234], "mood_relaxed": [0.04670482501387596, 0.9527010321617126], "mood_sad": [0.11606839299201965, 0.8738343119621277]}