{"mood_acoustic": [0.18116191029548645, 0.8083745837211609], "mood_aggressive": [0.00955003872513771, 0.9868892431259155], "mood_electronic": [0.18663515150547028, 0.8734298348426819], "mood_happy": [0.12042548507452011, 0.8534663319587708], "mood_party": [0.9818767309188843, 0.014060822315514088], "mood_relaxed": [0.40705037117004395, 0.6118286848068237], "mood_sad": [0.3438641428947449, 0.6288971900939941]}