{"mood_acoustic": [0.7197619080543518, 0.2729012370109558], "mood_aggressive": [0.00028161919908598065, 0.9986319541931152], "mood_electronic": [0.22708097100257874, 0.8046385049819946], "mood_happy": [0.0012654258171096444, 0.9979444146156311], "mood_party": [0.9999616146087646, 6.559847679454833e-05], "mood_relaxed": [0.010274849832057953, 0.9886503219604492], "mood_sad": [0.009519160725176334, 0.9806919693946838]}