{"mood_acoustic": [0.9179768562316895, 0.05175107344985008], "mood_aggressive": [6.959478923818097e-05, 0.9997474551200867], "mood_electronic": [0.18751972913742065, 0.8221258521080017], "mood_happy": [0.07450433075428009, 0.9148074388504028], "mood_party": [0.9999632835388184, 9.745632269186899e-05], "mood_relaxed": [0.03684629499912262, 0.9598541259765625], "mood_sad": [0.024274887517094612, 0.9715679883956909]}