{"mood_acoustic": [0.7434156537055969, 0.3010804057121277], "mood_aggressive": [0.0016981108346953988, 0.9984612464904785], "mood_electronic": [0.8612518906593323, 0.1420702189207077], "mood_happy": [0.6672476530075073, 0.34170275926589966], "mood_party": [0.8056146502494812, 0.18893659114837646], "mood_relaxed": [0.23543253540992737, 0.7693773508071899], "mood_sad": [0.8024599552154541, 0.19682401418685913]}