{"mood_acoustic": [0.7607188820838928, 0.2364540845155716], "mood_aggressive": [0.0002088201727019623, 0.9992602467536926], "mood_electronic": [0.5040764808654785, 0.50408536195755], "mood_happy": [0.14659523963928223, 0.8765103220939636], "mood_party": [0.9999354481697083, 0.0001278684358112514], "mood_relaxed": [0.0447632372379303, 0.9536531567573547], "mood_sad": [0.08983053267002106, 0.8975479602813721]}