{"mood_acoustic": [0.951579213142395, 0.04412434250116348], "mood_aggressive": [7.445760275004432e-05, 0.9998915195465088], "mood_electronic": [0.021102067083120346, 0.9813222885131836], "mood_happy": [0.1050560399889946, 0.8982981443405151], "mood_party": [0.9999225735664368, 0.0001806112559279427], "mood_relaxed": [0.06319110095500946, 0.9348598718643188], "mood_sad": [0.029810722917318344, 0.9678213596343994]}