{"mood_acoustic": [0.9364648461341858, 0.054321128875017166], "mood_aggressive": [9.654928726376966e-05, 0.9995744824409485], "mood_electronic": [0.15645790100097656, 0.9061675667762756], "mood_happy": [0.01414966955780983, 0.9850897789001465], "mood_party": [0.9999937415122986, 2.300741834915243e-05], "mood_relaxed": [0.009003601968288422, 0.9898543953895569], "mood_sad": [0.01727275736629963, 0.9814478754997253]}