{"mood_acoustic": [0.30049842596054077, 0.7139394879341125], "mood_aggressive": [0.007622895296663046, 0.9932869672775269], "mood_electronic": [0.8970105648040771, 0.11670461297035217], "mood_happy": [0.20040208101272583, 0.7687446475028992], "mood_party": [0.9204381108283997, 0.0589224211871624], "mood_relaxed": [0.21777386963367462, 0.7958201169967651], "mood_sad": [0.31070664525032043, 0.6730127930641174]}