{"mood_acoustic": [0.33167317509651184, 0.6414554119110107], "mood_aggressive": [0.23923559486865997, 0.7424349188804626], "mood_electronic": [0.3145516514778137, 0.7408481240272522], "mood_happy": [0.7128453254699707, 0.29906705021858215], "mood_party": [0.9712123274803162, 0.03703034296631813], "mood_relaxed": [0.745952844619751, 0.25639602541923523], "mood_sad": [0.8825235962867737, 0.10952173918485641]}