{"mood_acoustic": [0.12872974574565887, 0.8591817617416382], "mood_aggressive": [0.1169920563697815, 0.8476855754852295], "mood_electronic": [0.4589264392852783, 0.7268757820129395], "mood_happy": [0.1131458580493927, 0.8740004897117615], "mood_party": [0.9405707716941833, 0.05669165030121803], "mood_relaxed": [0.5022450089454651, 0.5193207859992981], "mood_sad": [0.9207940697669983, 0.08440721780061722]}