{"mood_acoustic": [0.00012849250924773514, 0.9994971752166748], "mood_aggressive": [0.008303998038172722, 0.9942102432250977], "mood_electronic": [0.9796327352523804, 0.02530549466609955], "mood_happy": [0.6995702385902405, 0.3336295783519745], "mood_party": [0.6842275857925415, 0.3035874664783478], "mood_relaxed": [0.6172170639038086, 0.3891203701496124], "mood_sad": [0.919766902923584, 0.08421967923641205]}