{"mood_acoustic": [0.9944562315940857, 0.006196724250912666], "mood_aggressive": [1.2212262845423538e-06, 0.9999983906745911], "mood_electronic": [0.5749626755714417, 0.41720110177993774], "mood_happy": [0.4072548449039459, 0.6432808041572571], "mood_party": [1.0, 2.957686774607282e-06], "mood_relaxed": [0.00990124512463808, 0.9896109700202942], "mood_sad": [0.19609121978282928, 0.7791810035705566]}