{"mood_acoustic": [0.4089376628398895, 0.6095557808876038], "mood_aggressive": [0.19624441862106323, 0.8012365698814392], "mood_electronic": [0.8726537227630615, 0.16840054094791412], "mood_happy": [0.4397823214530945, 0.537926197052002], "mood_party": [0.8541403412818909, 0.1507401168346405], "mood_relaxed": [0.3993058204650879, 0.6092082262039185], "mood_sad": [0.798274576663971, 0.1938498616218567]}