{"mood_acoustic": [0.8457273840904236, 0.16889061033725739], "mood_aggressive": [0.00024759580264799297, 0.9992437958717346], "mood_electronic": [0.6051059365272522, 0.436690092086792], "mood_happy": [0.025500398129224777, 0.972270667552948], "mood_party": [0.9998878836631775, 0.0002089983318001032], "mood_relaxed": [0.007611371576786041, 0.9915144443511963], "mood_sad": [0.02160630375146866, 0.9751116037368774]}