{"mood_acoustic": [0.03296065330505371, 0.9487515687942505], "mood_aggressive": [0.4793483316898346, 0.5111553072929382], "mood_electronic": [0.08344674855470657, 0.9354003667831421], "mood_happy": [0.4217347800731659, 0.5548551082611084], "mood_party": [0.944535493850708, 0.05598428472876549], "mood_relaxed": [0.6458120346069336, 0.35011088848114014], "mood_sad": [0.8268248438835144, 0.15151256322860718]}