{"mood_acoustic": [0.989046037197113, 0.009655101224780083], "mood_aggressive": [0.00036384828854352236, 0.999229907989502], "mood_electronic": [0.8884359002113342, 0.14689014852046967], "mood_happy": [0.378116250038147, 0.676206648349762], "mood_party": [0.9999974370002747, 2.2136542611406185e-05], "mood_relaxed": [0.00652313930913806, 0.9924861788749695], "mood_sad": [0.003281344659626484, 0.993291974067688]}