{"mood_acoustic": [0.9586375951766968, 0.035382408648729324], "mood_aggressive": [5.6810556998243555e-05, 0.999949038028717], "mood_electronic": [0.10210574418306351, 0.9104557037353516], "mood_happy": [0.589412271976471, 0.4533554017543793], "mood_party": [0.9975376725196838, 0.0033268569968640804], "mood_relaxed": [0.11668529361486435, 0.880529522895813], "mood_sad": [0.1683981865644455, 0.7919333577156067]}