{"mood_acoustic": [0.8360103964805603, 0.12754671275615692], "mood_aggressive": [7.2476696004741825e-06, 0.9999929666519165], "mood_electronic": [0.17201314866542816, 0.8727076053619385], "mood_happy": [0.20563837885856628, 0.8260745406150818], "mood_party": [0.998887836933136, 0.00144686340354383], "mood_relaxed": [0.21979640424251556, 0.7780027985572815], "mood_sad": [0.003880702657625079, 0.9947041869163513]}