{"mood_acoustic": [0.16388538479804993, 0.8309561014175415], "mood_aggressive": [0.0114211430773139, 0.9931830763816833], "mood_electronic": [0.8014097809791565, 0.16620923578739166], "mood_happy": [0.5680917501449585, 0.428286612033844], "mood_party": [0.547246515750885, 0.41938653588294983], "mood_relaxed": [0.356984406709671, 0.6485634446144104], "mood_sad": [0.6672029495239258, 0.3517460227012634]}