{"mood_acoustic": [0.9570378065109253, 0.0633215680718422], "mood_aggressive": [0.003738962346687913, 0.9959520101547241], "mood_electronic": [0.670333206653595, 0.3634430468082428], "mood_happy": [0.12707354128360748, 0.861659824848175], "mood_party": [0.9999802708625793, 6.279053923208266e-05], "mood_relaxed": [0.028046416118741035, 0.9684563875198364], "mood_sad": [0.3932880163192749, 0.561535120010376]}