{"mood_acoustic": [0.011615374125540257, 0.9879329800605774], "mood_aggressive": [0.6139984726905823, 0.4771694242954254], "mood_electronic": [0.9336879849433899, 0.08022771775722504], "mood_happy": [0.04795002564787865, 0.9353855848312378], "mood_party": [0.4670560956001282, 0.5327590107917786], "mood_relaxed": [0.6141595840454102, 0.3967365622520447], "mood_sad": [0.9850435256958008, 0.017018601298332214]}