{"mood_acoustic": [0.2388072907924652, 0.7462095022201538], "mood_aggressive": [0.03642861172556877, 0.9599720239639282], "mood_electronic": [0.9271106123924255, 0.09445767104625702], "mood_happy": [0.7440487146377563, 0.289424866437912], "mood_party": [0.6999945044517517, 0.2787931263446808], "mood_relaxed": [0.40616413950920105, 0.6016153693199158], "mood_sad": [0.9828428030014038, 0.019123313948512077]}