{"mood_acoustic": [0.6385143995285034, 0.32729554176330566], "mood_aggressive": [0.09150967746973038, 0.9061691761016846], "mood_electronic": [0.10549631714820862, 0.8937962651252747], "mood_happy": [0.6973810195922852, 0.31486988067626953], "mood_party": [0.9816340804100037, 0.021565670147538185], "mood_relaxed": [0.2667633295059204, 0.7365584969520569], "mood_sad": [0.22409161925315857, 0.7093334794044495]}