{"mood_acoustic": [0.5206561088562012, 0.47843679785728455], "mood_aggressive": [0.20453158020973206, 0.7968253493309021], "mood_electronic": [0.7577859163284302, 0.28839248418807983], "mood_happy": [0.4030933976173401, 0.6023803949356079], "mood_party": [0.8190675973892212, 0.1696162223815918], "mood_relaxed": [0.43408331274986267, 0.5389494299888611], "mood_sad": [0.38048309087753296, 0.5884411931037903]}