{"mood_acoustic": [0.05462078005075455, 0.9599136114120483], "mood_aggressive": [9.687557758297771e-05, 0.999957263469696], "mood_electronic": [0.9082320928573608, 0.09007404744625092], "mood_happy": [0.9391123652458191, 0.05574529618024826], "mood_party": [0.7452000379562378, 0.23114976286888123], "mood_relaxed": [0.18657270073890686, 0.8232123851776123], "mood_sad": [0.911649227142334, 0.10567094385623932]}