{"mood_acoustic": [0.0527692548930645, 0.9482593536376953], "mood_aggressive": [0.17474432289600372, 0.8151142597198486], "mood_electronic": [0.9173722863197327, 0.08527656644582748], "mood_happy": [0.10379276424646378, 0.8784290552139282], "mood_party": [0.6540046334266663, 0.3181833028793335], "mood_relaxed": [0.7370002865791321, 0.26459360122680664], "mood_sad": [0.7186617851257324, 0.2609308958053589]}