{"mood_acoustic": [0.8126823902130127, 0.17872434854507446], "mood_aggressive": [0.00019123437232337892, 0.9993061423301697], "mood_electronic": [0.39111167192459106, 0.6632631421089172], "mood_happy": [0.058685049414634705, 0.9380918145179749], "mood_party": [0.9999868273735046, 4.675188392866403e-05], "mood_relaxed": [0.018369795754551888, 0.9794092178344727], "mood_sad": [0.03553472086787224, 0.9672572612762451]}