{"mood_acoustic": [0.8917111754417419, 0.06652863323688507], "mood_aggressive": [0.0010719371493905783, 0.9978241920471191], "mood_electronic": [0.4370917081832886, 0.5574079751968384], "mood_happy": [0.2579479515552521, 0.7669429183006287], "mood_party": [0.999984860420227, 6.261491944314912e-05], "mood_relaxed": [0.11755736172199249, 0.8845438957214355], "mood_sad": [0.10551409423351288, 0.87856125831604]}