{"mood_acoustic": [0.08648090809583664, 0.9125457406044006], "mood_aggressive": [0.12212903052568436, 0.8930914998054504], "mood_electronic": [0.9284839034080505, 0.07511918991804123], "mood_happy": [0.47968873381614685, 0.5371907353401184], "mood_party": [0.26432475447654724, 0.7081912755966187], "mood_relaxed": [0.5135935544967651, 0.4876020550727844], "mood_sad": [0.9067608118057251, 0.09241678565740585]}