{"mood_acoustic": [0.0, 1.0], "mood_aggressive": [0.22510108351707458, 0.8287395238876343], "mood_electronic": [0.9992459416389465, 0.0004631240735761821], "mood_happy": [0.03606675565242767, 0.949471652507782], "mood_party": [0.11481872200965881, 0.8544231653213501], "mood_relaxed": [0.7974424362182617, 0.20457302033901215], "mood_sad": [0.9993841052055359, 0.004290753044188023]}