{"mood_acoustic": [0.25129225850105286, 0.7554274201393127], "mood_aggressive": [0.10999834537506104, 0.8896223902702332], "mood_electronic": [0.8430339097976685, 0.15748247504234314], "mood_happy": [0.5125947594642639, 0.46163487434387207], "mood_party": [0.47226229310035706, 0.5212292671203613], "mood_relaxed": [0.4023127257823944, 0.5924976468086243], "mood_sad": [0.731587827205658, 0.2733202278614044]}