{"mood_acoustic": [0.008202833123505116, 0.9935990571975708], "mood_aggressive": [0.03472481295466423, 0.9657984972000122], "mood_electronic": [0.9806598424911499, 0.019502144306898117], "mood_happy": [0.7970213890075684, 0.16356110572814941], "mood_party": [0.2139592319726944, 0.7314261198043823], "mood_relaxed": [0.5853022933006287, 0.42112043499946594], "mood_sad": [0.9840845465660095, 0.01577187515795231]}