{"mood_acoustic": [0.22706489264965057, 0.7735956311225891], "mood_aggressive": [0.0236064363270998, 0.9758759140968323], "mood_electronic": [0.8262567520141602, 0.15554416179656982], "mood_happy": [0.792006254196167, 0.18431979417800903], "mood_party": [0.3716733455657959, 0.5999413728713989], "mood_relaxed": [0.3151352107524872, 0.6914750337600708], "mood_sad": [0.8217624425888062, 0.1878281533718109]}