{"mood_acoustic": [0.4480105936527252, 0.5842810273170471], "mood_aggressive": [0.00011357008042978123, 0.9993799924850464], "mood_electronic": [0.11570315808057785, 0.9133245944976807], "mood_happy": [0.002432809676975012, 0.9948523044586182], "mood_party": [0.9998681545257568, 0.0002393567410763353], "mood_relaxed": [0.007912097498774529, 0.9912342429161072], "mood_sad": [0.004547733813524246, 0.9915409684181213]}