{"mood_acoustic": [0.006901690270751715, 0.9929600358009338], "mood_aggressive": [0.0009215795435011387, 0.9992194771766663], "mood_electronic": [0.9963392615318298, 0.00422356091439724], "mood_happy": [0.6281148195266724, 0.34604012966156006], "mood_party": [0.4508119821548462, 0.47214075922966003], "mood_relaxed": [0.22927220165729523, 0.7840381860733032], "mood_sad": [0.9717651605606079, 0.02923724055290222]}