{"mood_acoustic": [0.6963310837745667, 0.26151564717292786], "mood_aggressive": [0.0017699208110570908, 0.9969428181648254], "mood_electronic": [0.34570467472076416, 0.7910771369934082], "mood_happy": [0.4143102765083313, 0.6138087511062622], "mood_party": [0.9994310736656189, 0.0008697840385138988], "mood_relaxed": [0.04523275047540665, 0.9527062177658081], "mood_sad": [0.053607694804668427, 0.9006260633468628]}