{"mood_acoustic": [0.6704705357551575, 0.33172816038131714], "mood_aggressive": [0.0012341231340542436, 0.9963394403457642], "mood_electronic": [0.6028976440429688, 0.4415190517902374], "mood_happy": [0.2860739529132843, 0.7163287401199341], "mood_party": [0.9998037219047546, 0.00043223053216934204], "mood_relaxed": [0.16209833323955536, 0.8415074944496155], "mood_sad": [0.27581843733787537, 0.7124715447425842]}