{"mood_acoustic": [0.9046903848648071, 0.0848521888256073], "mood_aggressive": [0.00024916211259551346, 0.9991953372955322], "mood_electronic": [0.30147597193717957, 0.7462341785430908], "mood_happy": [0.007670250721275806, 0.9895446300506592], "mood_party": [0.9999938011169434, 1.485844131821068e-05], "mood_relaxed": [0.008906087838113308, 0.9898341298103333], "mood_sad": [0.016220951452851295, 0.9796802997589111]}