{"mood_acoustic": [0.4655130207538605, 0.5113282799720764], "mood_aggressive": [0.03244921565055847, 0.963483989238739], "mood_electronic": [0.10630112141370773, 0.8891270160675049], "mood_happy": [0.9065085053443909, 0.10811091214418411], "mood_party": [0.8370683193206787, 0.19153471291065216], "mood_relaxed": [0.5549407601356506, 0.47692328691482544], "mood_sad": [0.915570080280304, 0.05545298755168915]}