{"mood_acoustic": [0.15890540182590485, 0.8353912234306335], "mood_aggressive": [0.005183242727071047, 0.9889262318611145], "mood_electronic": [0.047614313662052155, 0.9750487804412842], "mood_happy": [0.0002321182400919497, 0.9995592832565308], "mood_party": [0.9989747405052185, 0.0014993486693128943], "mood_relaxed": [0.0014593484811484814, 0.9983369708061218], "mood_sad": [0.11719731986522675, 0.8715812563896179]}