{"mood_acoustic": [0.8684359192848206, 0.12579457461833954], "mood_aggressive": [0.0001586630241945386, 0.9996935129165649], "mood_electronic": [0.5073468089103699, 0.5001664161682129], "mood_happy": [0.3959392011165619, 0.6945409178733826], "mood_party": [0.9999904036521912, 2.2345471734297462e-05], "mood_relaxed": [0.005541331600397825, 0.9943496584892273], "mood_sad": [0.020397234708070755, 0.9759172797203064]}