{"mood_acoustic": [0.5470588803291321, 0.4262170195579529], "mood_aggressive": [0.010448546148836613, 0.9855720400810242], "mood_electronic": [0.2852478325366974, 0.7415432333946228], "mood_happy": [0.7570238709449768, 0.2891187071800232], "mood_party": [0.9821913838386536, 0.023405948653817177], "mood_relaxed": [0.26243123412132263, 0.7448437213897705], "mood_sad": [0.9713542461395264, 0.027252601459622383]}