{"mood_acoustic": [0.615750253200531, 0.3744754493236542], "mood_aggressive": [0.018009692430496216, 0.9770671129226685], "mood_electronic": [0.6151451468467712, 0.4384026527404785], "mood_happy": [0.001586247468367219, 0.9969748258590698], "mood_party": [0.9995928406715393, 0.0005898643867112696], "mood_relaxed": [0.0586700439453125, 0.9443641901016235], "mood_sad": [0.182841956615448, 0.8332485556602478]}