{"mood_acoustic": [0.44060131907463074, 0.5555070042610168], "mood_aggressive": [8.290004916489124e-05, 0.9997069835662842], "mood_electronic": [0.9041157960891724, 0.09865207970142365], "mood_happy": [0.2460675686597824, 0.7339382767677307], "mood_party": [0.9999068975448608, 0.00021376082440838218], "mood_relaxed": [0.006136295385658741, 0.9936797022819519], "mood_sad": [0.09795698523521423, 0.9191092848777771]}