{"mood_acoustic": [0.010696997866034508, 0.9914794564247131], "mood_aggressive": [0.17709612846374512, 0.8507551550865173], "mood_electronic": [0.978721559047699, 0.02862769365310669], "mood_happy": [0.22978977859020233, 0.6538520455360413], "mood_party": [0.0745161846280098, 0.9189231991767883], "mood_relaxed": [0.911100447177887, 0.0795096755027771], "mood_sad": [0.9147777557373047, 0.08989497274160385]}