{"mood_acoustic": [0.8782476782798767, 0.11201197654008865], "mood_aggressive": [0.0013591685565188527, 0.9984265565872192], "mood_electronic": [0.21322770416736603, 0.8210420608520508], "mood_happy": [0.8349980711936951, 0.16352203488349915], "mood_party": [0.9828678965568542, 0.02349543571472168], "mood_relaxed": [0.3943461775779724, 0.6183894872665405], "mood_sad": [0.5058757662773132, 0.43219542503356934]}