{"mood_acoustic": [6.823229341534898e-05, 0.9997650980949402], "mood_aggressive": [0.05724330618977547, 0.9450568556785583], "mood_electronic": [0.9967403411865234, 0.004863616079092026], "mood_happy": [0.1612064689397812, 0.776019275188446], "mood_party": [0.15262222290039062, 0.8343361616134644], "mood_relaxed": [0.8545124530792236, 0.13932527601718903], "mood_sad": [0.9579946398735046, 0.04325602948665619]}