{"mood_acoustic": [0.09460325539112091, 0.9050021767616272], "mood_aggressive": [0.03895571827888489, 0.9678047299385071], "mood_electronic": [0.3892838656902313, 0.6573041081428528], "mood_happy": [0.717318594455719, 0.31426432728767395], "mood_party": [0.522579550743103, 0.44185498356819153], "mood_relaxed": [0.740630030632019, 0.25811880826950073], "mood_sad": [0.9232269525527954, 0.07386581599712372]}