{"mood_acoustic": [0.2856973707675934, 0.7302805185317993], "mood_aggressive": [0.518784761428833, 0.4949614703655243], "mood_electronic": [0.5603348612785339, 0.4527675211429596], "mood_happy": [0.5116710662841797, 0.47211116552352905], "mood_party": [0.685640811920166, 0.2591093182563782], "mood_relaxed": [0.258466511964798, 0.7406860589981079], "mood_sad": [0.47613853216171265, 0.48827075958251953]}