{"mood_acoustic": [0.0701935887336731, 0.9235928058624268], "mood_aggressive": [0.18166999518871307, 0.8381100296974182], "mood_electronic": [0.9335792064666748, 0.0673324316740036], "mood_happy": [0.44914937019348145, 0.5373364686965942], "mood_party": [0.36864951252937317, 0.5969663858413696], "mood_relaxed": [0.6483762264251709, 0.3477388024330139], "mood_sad": [0.869626522064209, 0.121106818318367]}