{"mood_acoustic": [0.7221950888633728, 0.2780342996120453], "mood_aggressive": [9.153988503385335e-05, 0.9999067783355713], "mood_electronic": [0.7130454778671265, 0.2558737099170685], "mood_happy": [0.12720893323421478, 0.8572555184364319], "mood_party": [0.9999747276306152, 0.0001093334867618978], "mood_relaxed": [0.05388656258583069, 0.9416404366493225], "mood_sad": [0.1332225352525711, 0.8634135127067566]}