{"mood_acoustic": [0.9866427779197693, 0.011529619805514812], "mood_aggressive": [0.000438186340034008, 0.9993349313735962], "mood_electronic": [0.021373741328716278, 0.9826621413230896], "mood_happy": [0.045633651316165924, 0.9607386589050293], "mood_party": [0.9999985694885254, 1.4093483514443506e-05], "mood_relaxed": [0.022172467783093452, 0.9772777557373047], "mood_sad": [0.028443941846489906, 0.9620670080184937]}