{"mood_acoustic": [0.4867804944515228, 0.5093038082122803], "mood_aggressive": [0.16948315501213074, 0.8132987022399902], "mood_electronic": [0.049363572150468826, 0.9487016797065735], "mood_happy": [0.8185324668884277, 0.18375171720981598], "mood_party": [0.7995394468307495, 0.2215672880411148], "mood_relaxed": [0.6660797595977783, 0.33304810523986816], "mood_sad": [0.47394272685050964, 0.5091903209686279]}