{"mood_acoustic": [0.27450570464134216, 0.7251831889152527], "mood_aggressive": [0.4981923997402191, 0.5086649060249329], "mood_electronic": [0.2600187659263611, 0.7484519481658936], "mood_happy": [0.4522767961025238, 0.5127471089363098], "mood_party": [0.8767334222793579, 0.10501649975776672], "mood_relaxed": [0.631115198135376, 0.3613477647304535], "mood_sad": [0.6120283007621765, 0.3637169897556305]}