{"mood_acoustic": [0.23639807105064392, 0.7663722634315491], "mood_aggressive": [0.17401227355003357, 0.859988272190094], "mood_electronic": [0.8289313912391663, 0.17791767418384552], "mood_happy": [0.17058825492858887, 0.7937570214271545], "mood_party": [0.6676645278930664, 0.31004607677459717], "mood_relaxed": [0.3832268714904785, 0.6250994205474854], "mood_sad": [0.7087972164154053, 0.2963748872280121]}