{"mood_acoustic": [0.001798167242668569, 0.9959360361099243], "mood_aggressive": [0.999729335308075, 0.00023097069060895592], "mood_electronic": [0.03357255831360817, 0.9684725403785706], "mood_happy": [0.2664448320865631, 0.6798556447029114], "mood_party": [0.42045000195503235, 0.5731437802314758], "mood_relaxed": [0.9690671563148499, 0.025930430740118027], "mood_sad": [0.9995899796485901, 0.00046782445861026645]}