{"mood_acoustic": [0.7492309212684631, 0.2856058180332184], "mood_aggressive": [0.00031531520653516054, 0.9988387823104858], "mood_electronic": [0.3174284100532532, 0.711240828037262], "mood_happy": [0.10208617150783539, 0.919435441493988], "mood_party": [0.9998473525047302, 0.00033308082493022084], "mood_relaxed": [0.024797892197966576, 0.9729003310203552], "mood_sad": [0.230055034160614, 0.7496278882026672]}