{"mood_acoustic": [0.3609575927257538, 0.759631872177124], "mood_aggressive": [0.03113662078976631, 0.9464045763015747], "mood_electronic": [0.5737251043319702, 0.6094914078712463], "mood_happy": [0.008083120919764042, 0.9870421886444092], "mood_party": [0.9989515542984009, 0.001757265068590641], "mood_relaxed": [0.0027586473152041435, 0.9970267415046692], "mood_sad": [0.9077686071395874, 0.08716509491205215]}