{"mood_acoustic": [0.8016555309295654, 0.2127770334482193], "mood_aggressive": [0.0005361394723877311, 0.9978233575820923], "mood_electronic": [0.10850390791893005, 0.9364227056503296], "mood_happy": [0.00023177990806289017, 0.999306857585907], "mood_party": [0.9999886751174927, 4.430491026141681e-05], "mood_relaxed": [0.006379172671586275, 0.9929378032684326], "mood_sad": [0.025736067444086075, 0.9784823060035706]}