{"mood_acoustic": [0.21532993018627167, 0.7867777943611145], "mood_aggressive": [0.0008626151829957962, 0.9987210631370544], "mood_electronic": [0.9297275543212891, 0.08437255024909973], "mood_happy": [0.23060695827007294, 0.717100203037262], "mood_party": [0.9888277053833008, 0.009327690117061138], "mood_relaxed": [0.16266801953315735, 0.8411768078804016], "mood_sad": [0.8632643818855286, 0.13592307269573212]}