{"mood_acoustic": [0.49367186427116394, 0.5806158781051636], "mood_aggressive": [0.0002964116574730724, 0.9988016486167908], "mood_electronic": [0.30003246665000916, 0.7433347105979919], "mood_happy": [0.0010355376871302724, 0.9976397752761841], "mood_party": [0.9997342824935913, 0.00041654243250377476], "mood_relaxed": [0.014021951705217361, 0.9850198030471802], "mood_sad": [0.15519921481609344, 0.835229754447937]}