{"mood_acoustic": [0.7013205289840698, 0.3070668876171112], "mood_aggressive": [0.005799482110887766, 0.9940211772918701], "mood_electronic": [0.133815735578537, 0.8807904720306396], "mood_happy": [0.7381047606468201, 0.2504958212375641], "mood_party": [0.987781286239624, 0.01667364127933979], "mood_relaxed": [0.19363056123256683, 0.8122990131378174], "mood_sad": [0.5237511992454529, 0.4691910743713379]}