{"mood_acoustic": [0.8347523212432861, 0.17486125230789185], "mood_aggressive": [0.005457224790006876, 0.9945548176765442], "mood_electronic": [0.5857075452804565, 0.44226884841918945], "mood_happy": [0.34070950746536255, 0.6666761636734009], "mood_party": [0.9974745512008667, 0.0042907921597361565], "mood_relaxed": [0.11706828325986862, 0.8850230574607849], "mood_sad": [0.4783892035484314, 0.4892117977142334]}