{"mood_acoustic": [0.005398196633905172, 0.9887011647224426], "mood_aggressive": [0.009012461639940739, 0.9924147725105286], "mood_electronic": [0.6998580098152161, 0.4748307764530182], "mood_happy": [0.569351077079773, 0.4231128692626953], "mood_party": [0.9785304665565491, 0.026208871975541115], "mood_relaxed": [0.03437144309282303, 0.962754487991333], "mood_sad": [0.45798906683921814, 0.4234372079372406]}