{"mood_acoustic": [0.22392292320728302, 0.7694098353385925], "mood_aggressive": [0.027576550841331482, 0.9839316606521606], "mood_electronic": [0.6198749542236328, 0.4253223240375519], "mood_happy": [0.491885781288147, 0.515392541885376], "mood_party": [0.9270586371421814, 0.0835161954164505], "mood_relaxed": [0.10532668977975845, 0.8941870927810669], "mood_sad": [0.4408002495765686, 0.5314022898674011]}