{"mood_acoustic": [0.6627009510993958, 0.32765159010887146], "mood_aggressive": [0.000580109073780477, 0.9982632398605347], "mood_electronic": [0.02488599345088005, 0.9823883175849915], "mood_happy": [0.04910532012581825, 0.9527811408042908], "mood_party": [0.9995726943016052, 0.0006921802996657789], "mood_relaxed": [0.10278201848268509, 0.8963835835456848], "mood_sad": [0.03942156955599785, 0.9556400775909424]}