{"mood_acoustic": [0.5328330397605896, 0.502558171749115], "mood_aggressive": [0.06575635075569153, 0.915137529373169], "mood_electronic": [0.5779452919960022, 0.42772358655929565], "mood_happy": [0.08882380276918411, 0.8982439041137695], "mood_party": [0.9995115995407104, 0.0008028046577237546], "mood_relaxed": [0.13780997693538666, 0.8626378774642944], "mood_sad": [0.43914005160331726, 0.5361031293869019]}