{"mood_acoustic": [0.7112088799476624, 0.29628264904022217], "mood_aggressive": [0.01650308445096016, 0.977700412273407], "mood_electronic": [0.44517654180526733, 0.5699207782745361], "mood_happy": [0.36783367395401, 0.6612715721130371], "mood_party": [0.9997791051864624, 0.00035749704693444073], "mood_relaxed": [0.10250399261713028, 0.9001415967941284], "mood_sad": [0.41297271847724915, 0.5910493731498718]}