{"mood_acoustic": [0.9642789363861084, 0.01698489300906658], "mood_aggressive": [0.0009758895030245185, 0.9971287846565247], "mood_electronic": [0.05067865923047066, 0.9554908871650696], "mood_happy": [0.19614458084106445, 0.8127313256263733], "mood_party": [0.9999982714653015, 1.4817675037193112e-05], "mood_relaxed": [0.056014206260442734, 0.9390496611595154], "mood_sad": [0.27154314517974854, 0.6596620678901672]}