{"mood_acoustic": [0.12774775922298431, 0.8888208866119385], "mood_aggressive": [0.002842350397258997, 0.9923806190490723], "mood_electronic": [0.4773061275482178, 0.598302960395813], "mood_happy": [0.00809355080127716, 0.9859626293182373], "mood_party": [0.996184766292572, 0.005235358141362667], "mood_relaxed": [0.010746053420007229, 0.9885148406028748], "mood_sad": [0.32797184586524963, 0.678030252456665]}