{"mood_acoustic": [1.1281703336862847e-05, 0.9996314644813538], "mood_aggressive": [0.9276608824729919, 0.06449142098426819], "mood_electronic": [0.13285408914089203, 0.9114888310432434], "mood_happy": [0.2859613001346588, 0.6998544335365295], "mood_party": [0.9665486812591553, 0.02297518029808998], "mood_relaxed": [0.9835291504859924, 0.01278645358979702], "mood_sad": [0.9512025713920593, 0.048589516431093216]}