{"mood_acoustic": [0.2993525564670563, 0.7113409638404846], "mood_aggressive": [0.000983365229330957, 0.9991265535354614], "mood_electronic": [0.8007084131240845, 0.21622680127620697], "mood_happy": [0.31208980083465576, 0.6868946552276611], "mood_party": [0.8511365652084351, 0.14968810975551605], "mood_relaxed": [0.18378576636314392, 0.8103806972503662], "mood_sad": [0.6689329743385315, 0.308145135641098]}