{"mood_acoustic": [0.9906983375549316, 0.00798939447849989], "mood_aggressive": [0.0013586878776550293, 0.9962865710258484], "mood_electronic": [0.5233087539672852, 0.5618538856506348], "mood_happy": [6.349885370582342e-05, 0.9998274445533752], "mood_party": [0.9999950528144836, 1.6298072296194732e-05], "mood_relaxed": [0.0038175596855580807, 0.9957345724105835], "mood_sad": [0.02753465063869953, 0.9722437858581543]}