{"mood_acoustic": [0.685585618019104, 0.2876710593700409], "mood_aggressive": [0.0006304634734988213, 0.9990966320037842], "mood_electronic": [0.47202256321907043, 0.5243163704872131], "mood_happy": [0.2723342180252075, 0.7793594598770142], "mood_party": [0.9903498888015747, 0.005240476690232754], "mood_relaxed": [0.47090235352516174, 0.524592399597168], "mood_sad": [0.03157918527722359, 0.9599316120147705]}