{"mood_acoustic": [0.7484536170959473, 0.2667630910873413], "mood_aggressive": [0.005238422192633152, 0.9882058501243591], "mood_electronic": [0.7999716401100159, 0.20004290342330933], "mood_happy": [0.16719463467597961, 0.82777339220047], "mood_party": [0.9999731779098511, 0.00013103194942232221], "mood_relaxed": [0.03804964944720268, 0.9603369832038879], "mood_sad": [0.2807939946651459, 0.7085753083229065]}