{"mood_acoustic": [0.8773000240325928, 0.10062823444604874], "mood_aggressive": [9.536929428577423e-05, 0.9998778700828552], "mood_electronic": [0.12508679926395416, 0.9085098505020142], "mood_happy": [0.68782639503479, 0.3855382204055786], "mood_party": [0.9879200458526611, 0.013871061615645885], "mood_relaxed": [0.10532127320766449, 0.8896615505218506], "mood_sad": [0.13896328210830688, 0.837276816368103]}