{"mood_acoustic": [0.9424411058425903, 0.04491477832198143], "mood_aggressive": [0.0003099570167250931, 0.9983940720558167], "mood_electronic": [0.27349552512168884, 0.8129891157150269], "mood_happy": [3.3270654967054725e-05, 0.9998838305473328], "mood_party": [0.9999821782112122, 2.6064630219480023e-05], "mood_relaxed": [0.002202068455517292, 0.9974884390830994], "mood_sad": [0.008499888703227043, 0.9878440499305725]}