{"mood_acoustic": [0.2921347916126251, 0.6920747756958008], "mood_aggressive": [7.648650353075936e-05, 0.9996215105056763], "mood_electronic": [0.0030267031397670507, 0.9991104006767273], "mood_happy": [0.0003396621032152325, 0.9992733597755432], "mood_party": [0.9998611211776733, 0.00021714561444241554], "mood_relaxed": [0.0018537004943937063, 0.9978508353233337], "mood_sad": [0.0009492532117292285, 0.9988768100738525]}