{"mood_acoustic": [0.00012101456377422437, 0.9983523488044739], "mood_aggressive": [0.9853726029396057, 0.015453770756721497], "mood_electronic": [0.6169343590736389, 0.44878244400024414], "mood_happy": [0.062216002494096756, 0.9175939559936523], "mood_party": [0.903785765171051, 0.07663038372993469], "mood_relaxed": [0.9079238772392273, 0.08104746043682098], "mood_sad": [0.9170995354652405, 0.0713670402765274]}