{"mood_acoustic": [0.8930724263191223, 0.10252013802528381], "mood_aggressive": [0.007005137391388416, 0.9913073182106018], "mood_electronic": [0.47451409697532654, 0.5625205636024475], "mood_happy": [0.39776405692100525, 0.6384369134902954], "mood_party": [0.9998897314071655, 0.0002237936860183254], "mood_relaxed": [0.1519104242324829, 0.8428008556365967], "mood_sad": [0.5158228874206543, 0.47423282265663147]}