{"mood_acoustic": [0.9589317440986633, 0.0431346632540226], "mood_aggressive": [0.0001302212622249499, 0.9998361468315125], "mood_electronic": [0.19013933837413788, 0.8290915489196777], "mood_happy": [0.10557293146848679, 0.8938829898834229], "mood_party": [0.999938428401947, 0.00013647689775098115], "mood_relaxed": [0.010187066160142422, 0.9886583685874939], "mood_sad": [0.04528149589896202, 0.9436330795288086]}