{"mood_acoustic": [0.10106172412633896, 0.9001058340072632], "mood_aggressive": [0.054486822336912155, 0.9416433572769165], "mood_electronic": [0.30849310755729675, 0.7133654356002808], "mood_happy": [0.8151780962944031, 0.19330239295959473], "mood_party": [0.5461521148681641, 0.4722074568271637], "mood_relaxed": [0.73377925157547, 0.25490885972976685], "mood_sad": [0.9663602709770203, 0.03305419534444809]}