{"mood_acoustic": [0.6630010604858398, 0.30870965123176575], "mood_aggressive": [0.2007106989622116, 0.8122185468673706], "mood_electronic": [0.2991730272769928, 0.6997251510620117], "mood_happy": [0.5890935659408569, 0.4281483590602875], "mood_party": [0.9997684955596924, 0.0005339274066500366], "mood_relaxed": [0.1847524344921112, 0.8215084671974182], "mood_sad": [0.3599676787853241, 0.5837790966033936]}