{"mood_acoustic": [0.9716652035713196, 0.023093758150935173], "mood_aggressive": [0.0001301467273151502, 0.9998398423194885], "mood_electronic": [0.1755266785621643, 0.8443588018417358], "mood_happy": [0.8785710334777832, 0.13907311856746674], "mood_party": [0.9998500347137451, 0.0003443383611738682], "mood_relaxed": [0.09246476739645004, 0.9051215648651123], "mood_sad": [0.42588794231414795, 0.504052996635437]}