{"mood_acoustic": [0.8432151675224304, 0.15445898473262787], "mood_aggressive": [8.433235052507371e-05, 0.9995152354240417], "mood_electronic": [0.061388369649648666, 0.9637094736099243], "mood_happy": [0.0012615785235539079, 0.9972763657569885], "mood_party": [0.9999827742576599, 5.412069003796205e-05], "mood_relaxed": [0.008044387213885784, 0.9910265207290649], "mood_sad": [0.0036558860447257757, 0.995652437210083]}