{"mood_acoustic": [0.26730161905288696, 0.7154032588005066], "mood_aggressive": [0.8549246191978455, 0.14563022553920746], "mood_electronic": [0.06687886267900467, 0.9280134439468384], "mood_happy": [0.7016145586967468, 0.23661893606185913], "mood_party": [0.7624551653862, 0.22565871477127075], "mood_relaxed": [0.6801328063011169, 0.30210480093955994], "mood_sad": [0.6894394159317017, 0.2551799714565277]}