{"mood_acoustic": [0.3579983115196228, 0.6632120013237], "mood_aggressive": [0.1107076033949852, 0.889254093170166], "mood_electronic": [0.916562020778656, 0.07719218730926514], "mood_happy": [0.4911559522151947, 0.5059686303138733], "mood_party": [0.6878321766853333, 0.30679985880851746], "mood_relaxed": [0.35576996207237244, 0.6405234932899475], "mood_sad": [0.8865070343017578, 0.10932575166225433]}