{"mood_acoustic": [0.6034888625144958, 0.34153762459754944], "mood_aggressive": [0.003013134701177478, 0.9963520169258118], "mood_electronic": [0.4436078369617462, 0.6019091606140137], "mood_happy": [0.3300907611846924, 0.6789251565933228], "mood_party": [0.9993945360183716, 0.0006270455196499825], "mood_relaxed": [0.34998270869255066, 0.6621551513671875], "mood_sad": [0.1973283886909485, 0.7673289179801941]}