{"mood_acoustic": [0.0006470414809882641, 0.99922776222229], "mood_aggressive": [0.37535300850868225, 0.6336150765419006], "mood_electronic": [0.9765692353248596, 0.023965321481227875], "mood_happy": [0.4611786901950836, 0.38730588555336], "mood_party": [0.020285824313759804, 0.9725905060768127], "mood_relaxed": [0.7389791011810303, 0.24604304134845734], "mood_sad": [0.999315619468689, 0.0020971251651644707]}