{"mood_acoustic": [0.332491934299469, 0.693432092666626], "mood_aggressive": [0.08421895653009415, 0.9097558856010437], "mood_electronic": [0.4922159016132355, 0.5349267721176147], "mood_happy": [0.21029241383075714, 0.7642714381217957], "mood_party": [0.8580961227416992, 0.12714923918247223], "mood_relaxed": [0.35418224334716797, 0.6577751040458679], "mood_sad": [0.6808930039405823, 0.30806630849838257]}