{"mood_acoustic": [0.03451858088374138, 0.961432933807373], "mood_aggressive": [0.9362419247627258, 0.06084093078970909], "mood_electronic": [0.10468637943267822, 0.9157418012619019], "mood_happy": [0.097152478992939, 0.875390887260437], "mood_party": [0.9585027098655701, 0.029399750754237175], "mood_relaxed": [0.8892127871513367, 0.10045135021209717], "mood_sad": [0.8836458325386047, 0.1145113855600357]}