{"mood_acoustic": [0.34935232996940613, 0.6493979096412659], "mood_aggressive": [0.009433343075215816, 0.9916973114013672], "mood_electronic": [0.647498369216919, 0.35718223452568054], "mood_happy": [0.256215900182724, 0.7077169418334961], "mood_party": [0.8916456699371338, 0.08534520119428635], "mood_relaxed": [0.276958167552948, 0.7256722450256348], "mood_sad": [0.34117838740348816, 0.6648695468902588]}