{"mood_acoustic": [0.9394397139549255, 0.03872011974453926], "mood_aggressive": [6.680497608613223e-05, 0.999895453453064], "mood_electronic": [0.2721787393093109, 0.6979520916938782], "mood_happy": [0.7678754925727844, 0.2576541006565094], "mood_party": [0.9999359846115112, 0.0002510577323846519], "mood_relaxed": [0.13456282019615173, 0.8565866351127625], "mood_sad": [0.6805276870727539, 0.3232446312904358]}