{"mood_acoustic": [0.0018869671039283276, 0.9964683651924133], "mood_aggressive": [0.002316428115591407, 0.9981105923652649], "mood_electronic": [0.9306960701942444, 0.16252119839191437], "mood_happy": [0.5120264291763306, 0.46479666233062744], "mood_party": [0.971351683139801, 0.039765797555446625], "mood_relaxed": [0.29740554094314575, 0.7049398422241211], "mood_sad": [0.2756499648094177, 0.6298297047615051]}