{"mood_acoustic": [0.050594981759786606, 0.9475722312927246], "mood_aggressive": [0.11202767491340637, 0.9164169430732727], "mood_electronic": [0.4892715811729431, 0.4940691292285919], "mood_happy": [0.9039241075515747, 0.08085319399833679], "mood_party": [0.2866545617580414, 0.6934601068496704], "mood_relaxed": [0.7299817800521851, 0.25252392888069153], "mood_sad": [0.8258910775184631, 0.1669035404920578]}