{"mood_acoustic": [0.33000674843788147, 0.6810169816017151], "mood_aggressive": [0.005398426670581102, 0.9921001195907593], "mood_electronic": [0.7597104907035828, 0.25444403290748596], "mood_happy": [0.31691089272499084, 0.6773468255996704], "mood_party": [0.7609246373176575, 0.20631040632724762], "mood_relaxed": [0.346686989068985, 0.6501673460006714], "mood_sad": [0.4837992787361145, 0.5139734745025635]}