{"mood_acoustic": [0.9474755525588989, 0.06743865460157394], "mood_aggressive": [0.0001827702362788841, 0.9997330904006958], "mood_electronic": [0.03277888149023056, 0.9664167165756226], "mood_happy": [0.6322504878044128, 0.38537514209747314], "mood_party": [0.9923865795135498, 0.011235599406063557], "mood_relaxed": [0.2806956470012665, 0.7176623940467834], "mood_sad": [0.21115823090076447, 0.7149611115455627]}