{"mood_acoustic": [0.01739177294075489, 0.9732645750045776], "mood_aggressive": [0.06718020141124725, 0.9137378931045532], "mood_electronic": [0.6343926787376404, 0.45144909620285034], "mood_happy": [0.07619159668684006, 0.906149685382843], "mood_party": [0.9945194125175476, 0.008125744760036469], "mood_relaxed": [0.014314733445644379, 0.9847798347473145], "mood_sad": [0.5701606273651123, 0.43457648158073425]}