{"mood_acoustic": [0.9674955010414124, 0.02058042399585247], "mood_aggressive": [0.0002726564125623554, 0.9989376068115234], "mood_electronic": [0.2517643868923187, 0.8011678457260132], "mood_happy": [0.003009866690263152, 0.9950176477432251], "mood_party": [0.9999997019767761, 4.59092825622065e-06], "mood_relaxed": [0.01785016804933548, 0.9800203442573547], "mood_sad": [0.025790713727474213, 0.9671425819396973]}