{"mood_acoustic": [0.9175174236297607, 0.08459649235010147], "mood_aggressive": [3.270480010542087e-05, 0.9998967051506042], "mood_electronic": [0.3853785991668701, 0.6257122159004211], "mood_happy": [0.265975683927536, 0.7519448399543762], "mood_party": [0.9999815225601196, 3.527265289449133e-05], "mood_relaxed": [0.007851704023778439, 0.9905178546905518], "mood_sad": [0.08416762202978134, 0.919075608253479]}