{"mood_acoustic": [0.14959052205085754, 0.794738233089447], "mood_aggressive": [0.07607344537973404, 0.9144613146781921], "mood_electronic": [0.6099988222122192, 0.5520462393760681], "mood_happy": [0.01276230625808239, 0.9816092848777771], "mood_party": [0.9992475509643555, 0.0009364897850900888], "mood_relaxed": [0.39410200715065, 0.6274575591087341], "mood_sad": [0.1344219297170639, 0.847940981388092]}