{"mood_acoustic": [0.34358105063438416, 0.7117448449134827], "mood_aggressive": [0.14129158854484558, 0.8307782411575317], "mood_electronic": [0.7558026909828186, 0.30837148427963257], "mood_happy": [0.07478094846010208, 0.9025917053222656], "mood_party": [0.9993138313293457, 0.001028720522299409], "mood_relaxed": [0.04149165377020836, 0.9568896293640137], "mood_sad": [0.23187129199504852, 0.7483641505241394]}