{"mood_acoustic": [0.5588188767433167, 0.449221134185791], "mood_aggressive": [0.019268449395895004, 0.9773558378219604], "mood_electronic": [0.5087383389472961, 0.5411203503608704], "mood_happy": [0.03902282193303108, 0.9541568160057068], "mood_party": [0.9907255172729492, 0.009421847760677338], "mood_relaxed": [0.407644659280777, 0.592978298664093], "mood_sad": [0.4047928750514984, 0.5858935117721558]}