{"mood_acoustic": [0.9462305903434753, 0.051857635378837585], "mood_aggressive": [3.107679731328972e-05, 0.9998604655265808], "mood_electronic": [0.0940481647849083, 0.9451120495796204], "mood_happy": [0.0029004730749875307, 0.9957945942878723], "mood_party": [0.9999759793281555, 3.235065742046572e-05], "mood_relaxed": [0.0030079379212111235, 0.9964478611946106], "mood_sad": [0.005240691360086203, 0.993537425994873]}