{"mood_acoustic": [0.11073272675275803, 0.8472851514816284], "mood_aggressive": [0.035721804946660995, 0.9661281108856201], "mood_electronic": [0.4949246048927307, 0.5646339058876038], "mood_happy": [0.6284116506576538, 0.3852579593658447], "mood_party": [0.8195569515228271, 0.18341059982776642], "mood_relaxed": [0.6531383395195007, 0.3291289210319519], "mood_sad": [0.6008673310279846, 0.3850577771663666]}