{"mood_acoustic": [0.726397693157196, 0.2420932650566101], "mood_aggressive": [0.0002039124519797042, 0.9998003840446472], "mood_electronic": [0.5722954273223877, 0.42865970730781555], "mood_happy": [0.5002777576446533, 0.5393811464309692], "mood_party": [0.9993515014648438, 0.0009165704250335693], "mood_relaxed": [0.060109417885541916, 0.9371089935302734], "mood_sad": [0.4993561804294586, 0.5029714107513428]}