{"mood_acoustic": [0.592251181602478, 0.38473013043403625], "mood_aggressive": [0.2574222981929779, 0.7220931053161621], "mood_electronic": [0.6207940578460693, 0.41275933384895325], "mood_happy": [0.48359107971191406, 0.5266885161399841], "mood_party": [0.9969485402107239, 0.004521733615547419], "mood_relaxed": [0.24851521849632263, 0.759285032749176], "mood_sad": [0.42689305543899536, 0.5446823835372925]}