{"mood_acoustic": [0.4478245973587036, 0.557746171951294], "mood_aggressive": [0.03733048215508461, 0.9701089859008789], "mood_electronic": [0.869395911693573, 0.15304039418697357], "mood_happy": [0.1380590796470642, 0.8241077065467834], "mood_party": [0.9984050989151001, 0.001650318969041109], "mood_relaxed": [0.039291977882385254, 0.9595382809638977], "mood_sad": [0.13683481514453888, 0.8364806175231934]}