{"mood_acoustic": [0.11443038284778595, 0.8957295417785645], "mood_aggressive": [0.05129050090909004, 0.9562679529190063], "mood_electronic": [0.9172752499580383, 0.08644243329763412], "mood_happy": [0.3362874686717987, 0.6831963062286377], "mood_party": [0.46086230874061584, 0.5268675684928894], "mood_relaxed": [0.559783935546875, 0.4580303430557251], "mood_sad": [0.9730052947998047, 0.02609197050333023]}