{"mood_acoustic": [0.8478518128395081, 0.1384509950876236], "mood_aggressive": [7.093529711710289e-05, 0.999717116355896], "mood_electronic": [0.23490028083324432, 0.8169472813606262], "mood_happy": [0.00140798045322299, 0.9969397783279419], "mood_party": [0.9999610185623169, 6.935991405043751e-05], "mood_relaxed": [0.006578402128070593, 0.9926019906997681], "mood_sad": [0.00427674874663353, 0.9941660761833191]}