{"mood_acoustic": [0.9559386968612671, 0.031409505754709244], "mood_aggressive": [0.0003395533422008157, 0.9995649456977844], "mood_electronic": [0.4780811071395874, 0.5446770191192627], "mood_happy": [0.8996889591217041, 0.11163578182458878], "mood_party": [0.9985760450363159, 0.0031126614194363356], "mood_relaxed": [0.30072030425071716, 0.6981404423713684], "mood_sad": [0.9651023745536804, 0.029146527871489525]}