{"mood_acoustic": [0.15526603162288666, 0.8218855261802673], "mood_aggressive": [0.008944794535636902, 0.9950131773948669], "mood_electronic": [0.979227602481842, 0.02779247611761093], "mood_happy": [0.03217339888215065, 0.9567981958389282], "mood_party": [0.9988256692886353, 0.0018018868286162615], "mood_relaxed": [0.0807553380727768, 0.9156234860420227], "mood_sad": [0.2222534567117691, 0.7406192421913147]}