{"mood_acoustic": [0.8622291684150696, 0.17603448033332825], "mood_aggressive": [0.004997425712645054, 0.9894757866859436], "mood_electronic": [0.8512700200080872, 0.18341559171676636], "mood_happy": [0.00016604753909632564, 0.9995203018188477], "mood_party": [0.9998430013656616, 0.000300115963909775], "mood_relaxed": [0.003739088075235486, 0.9958311319351196], "mood_sad": [0.43012091517448425, 0.6019384264945984]}