{"mood_acoustic": [0.0461575910449028, 0.9527309536933899], "mood_aggressive": [0.013653665781021118, 0.9894784092903137], "mood_electronic": [0.9199128150939941, 0.12327995151281357], "mood_happy": [0.145961731672287, 0.7843473553657532], "mood_party": [0.9915187954902649, 0.009124641306698322], "mood_relaxed": [0.08938243240118027, 0.9090381860733032], "mood_sad": [0.29635733366012573, 0.6169757843017578]}