{"mood_acoustic": [0.001513123163022101, 0.9973610043525696], "mood_aggressive": [0.012850947678089142, 0.9870070815086365], "mood_electronic": [0.9732042551040649, 0.030178023502230644], "mood_happy": [0.49898189306259155, 0.4750872254371643], "mood_party": [0.9775902628898621, 0.017316319048404694], "mood_relaxed": [0.36956658959388733, 0.6337507367134094], "mood_sad": [0.44736412167549133, 0.537315845489502]}