{"mood_acoustic": [0.10069022327661514, 0.8943163156509399], "mood_aggressive": [0.00025707020540721714, 0.9988062381744385], "mood_electronic": [0.03583064675331116, 0.9809839129447937], "mood_happy": [0.0008130985661409795, 0.9984038472175598], "mood_party": [0.9992406368255615, 0.0010895542800426483], "mood_relaxed": [0.0047387960366904736, 0.9948393702507019], "mood_sad": [0.01951654441654682, 0.9742475748062134]}