{"mood_acoustic": [0.9534083008766174, 0.038333386182785034], "mood_aggressive": [0.0001924365060403943, 0.9995821118354797], "mood_electronic": [0.10228992253541946, 0.9176324009895325], "mood_happy": [0.06890597194433212, 0.9263454675674438], "mood_party": [0.9999911785125732, 4.2814754124265164e-05], "mood_relaxed": [0.03044694848358631, 0.9674646854400635], "mood_sad": [0.009936941787600517, 0.9876848459243774]}