{"mood_acoustic": [0.17767712473869324, 0.8292821049690247], "mood_aggressive": [0.06928109377622604, 0.9176135063171387], "mood_electronic": [0.5044658184051514, 0.5848351716995239], "mood_happy": [0.03242337331175804, 0.9610772132873535], "mood_party": [0.9944412112236023, 0.007846497930586338], "mood_relaxed": [0.02859983779489994, 0.9719626903533936], "mood_sad": [0.5750591158866882, 0.4156787097454071]}