{"mood_acoustic": [0.03394565358757973, 0.9666422009468079], "mood_aggressive": [0.624707043170929, 0.3647814393043518], "mood_electronic": [0.5721470713615417, 0.5351030826568604], "mood_happy": [0.3585478961467743, 0.6201608777046204], "mood_party": [0.3021317720413208, 0.6589940190315247], "mood_relaxed": [0.7877913117408752, 0.20311525464057922], "mood_sad": [0.8616272807121277, 0.132541224360466]}