{"mood_acoustic": [0.008139916695654392, 0.9829561114311218], "mood_aggressive": [0.755341112613678, 0.23414286971092224], "mood_electronic": [0.24840599298477173, 0.8103874921798706], "mood_happy": [0.6136313080787659, 0.38260310888290405], "mood_party": [0.46984750032424927, 0.5322976112365723], "mood_relaxed": [0.9244086742401123, 0.06049880012869835], "mood_sad": [0.9148227572441101, 0.07681254297494888]}