{"mood_acoustic": [0.3900343179702759, 0.6456438302993774], "mood_aggressive": [0.024681469425559044, 0.971589207649231], "mood_electronic": [0.4355222284793854, 0.5613858699798584], "mood_happy": [0.151236891746521, 0.8275050520896912], "mood_party": [0.9956022500991821, 0.004834949504584074], "mood_relaxed": [0.15101030468940735, 0.8553215861320496], "mood_sad": [0.4122319221496582, 0.588764488697052]}