{"mood_acoustic": [1.7838006897363812e-05, 0.9999266266822815], "mood_aggressive": [0.020037762820720673, 0.9874131679534912], "mood_electronic": [0.34972819685935974, 0.5608371496200562], "mood_happy": [0.7012436985969543, 0.2502347230911255], "mood_party": [0.34547844529151917, 0.6122825741767883], "mood_relaxed": [0.7472975850105286, 0.23643742501735687], "mood_sad": [0.7062974572181702, 0.32864734530448914]}