{"mood_acoustic": [0.2882561683654785, 0.6775680780410767], "mood_aggressive": [0.0005457819788716733, 0.9994914531707764], "mood_electronic": [0.43384626507759094, 0.6157177090644836], "mood_happy": [0.8055403828620911, 0.20432570576667786], "mood_party": [0.8887354135513306, 0.11270773410797119], "mood_relaxed": [0.7855778336524963, 0.2140519618988037], "mood_sad": [0.6699140071868896, 0.337138831615448]}