{"mood_acoustic": [0.9655763506889343, 0.02462867647409439], "mood_aggressive": [4.4602664274862036e-05, 0.9998774528503418], "mood_electronic": [0.0413123294711113, 0.9587367177009583], "mood_happy": [0.031144537031650543, 0.9615419507026672], "mood_party": [0.9999899864196777, 5.0557242502691224e-05], "mood_relaxed": [0.034997645765542984, 0.9639889001846313], "mood_sad": [0.008287645876407623, 0.9867836833000183]}