{"mood_acoustic": [0.9453536868095398, 0.051999323070049286], "mood_aggressive": [0.0006687494460493326, 0.9983976483345032], "mood_electronic": [0.058774642646312714, 0.9493079781532288], "mood_happy": [0.06947820633649826, 0.9273476004600525], "mood_party": [0.9999884963035583, 3.5651180951390415e-05], "mood_relaxed": [0.05746368691325188, 0.9423807859420776], "mood_sad": [0.00977336149662733, 0.9849299192428589]}