{"mood_acoustic": [0.14782898128032684, 0.8545788526535034], "mood_aggressive": [0.3167262375354767, 0.6891409754753113], "mood_electronic": [0.5419614911079407, 0.43441909551620483], "mood_happy": [0.732008695602417, 0.2545321583747864], "mood_party": [0.6666796803474426, 0.34017425775527954], "mood_relaxed": [0.7703412771224976, 0.21486075222492218], "mood_sad": [0.5911867618560791, 0.3867453634738922]}