{"mood_acoustic": [0.9043129086494446, 0.0572781004011631], "mood_aggressive": [0.0001185024157166481, 0.9993753433227539], "mood_electronic": [0.03918089345097542, 0.9711481928825378], "mood_happy": [0.0913928970694542, 0.8982778787612915], "mood_party": [0.9999702572822571, 0.00010483484220458195], "mood_relaxed": [0.045055244117975235, 0.9525620341300964], "mood_sad": [0.047888509929180145, 0.9481822848320007]}