{"mood_acoustic": [0.22318071126937866, 0.8093140125274658], "mood_aggressive": [0.03428506851196289, 0.9583963751792908], "mood_electronic": [0.7805941104888916, 0.27879080176353455], "mood_happy": [0.15372556447982788, 0.8244549632072449], "mood_party": [0.9940385818481445, 0.008916538208723068], "mood_relaxed": [0.13323688507080078, 0.8693820834159851], "mood_sad": [0.24285106360912323, 0.7533451914787292]}