{"mood_acoustic": [0.023387020453810692, 0.9753045439720154], "mood_aggressive": [0.8135601878166199, 0.1660035401582718], "mood_electronic": [0.6001308560371399, 0.4796642065048218], "mood_happy": [0.023850098252296448, 0.9628127217292786], "mood_party": [0.7418698072433472, 0.1795620620250702], "mood_relaxed": [0.9022728204727173, 0.09366841614246368], "mood_sad": [0.8975948691368103, 0.09658324718475342]}