{"mood_acoustic": [0.07095427811145782, 0.9289623498916626], "mood_aggressive": [0.1588396579027176, 0.861774742603302], "mood_electronic": [0.9578468203544617, 0.04514477401971817], "mood_happy": [0.2722858488559723, 0.7437635064125061], "mood_party": [0.7443451285362244, 0.23891635239124298], "mood_relaxed": [0.4167608916759491, 0.5940445065498352], "mood_sad": [0.6185442209243774, 0.3893836736679077]}