{"mood_acoustic": [0.01957029476761818, 0.9820684194564819], "mood_aggressive": [0.6778705716133118, 0.3649267256259918], "mood_electronic": [0.9329792857170105, 0.06141529232263565], "mood_happy": [0.532826840877533, 0.41852355003356934], "mood_party": [0.07232698798179626, 0.909272313117981], "mood_relaxed": [0.8728574514389038, 0.11557633429765701], "mood_sad": [0.9652314782142639, 0.03472541645169258]}