{"mood_acoustic": [3.141222259728238e-05, 0.9995964765548706], "mood_aggressive": [0.9701112508773804, 0.03023424558341503], "mood_electronic": [0.106105275452137, 0.8983904123306274], "mood_happy": [0.3413650691509247, 0.6771325469017029], "mood_party": [0.5645862221717834, 0.4140735864639282], "mood_relaxed": [0.9640269875526428, 0.034224722534418106], "mood_sad": [0.961203932762146, 0.04023593291640282]}