{"mood_acoustic": [0.2660541832447052, 0.7744482755661011], "mood_aggressive": [0.10525322705507278, 0.8762238025665283], "mood_electronic": [0.7461273074150085, 0.35279297828674316], "mood_happy": [0.008110394701361656, 0.988014280796051], "mood_party": [0.9942472577095032, 0.006366182118654251], "mood_relaxed": [0.04335140436887741, 0.9581707715988159], "mood_sad": [0.694441556930542, 0.3040386736392975]}