{"mood_acoustic": [0.5656609535217285, 0.4621821343898773], "mood_aggressive": [0.05468760058283806, 0.9492692351341248], "mood_electronic": [0.5141854286193848, 0.5079690217971802], "mood_happy": [0.16085445880889893, 0.8199362754821777], "mood_party": [0.9953958988189697, 0.006325137801468372], "mood_relaxed": [0.1422271430492401, 0.8598751425743103], "mood_sad": [0.36905229091644287, 0.5818659663200378]}