{"mood_acoustic": [0.3636515736579895, 0.6439176797866821], "mood_aggressive": [0.6128844618797302, 0.38469091057777405], "mood_electronic": [0.2080693542957306, 0.8033226728439331], "mood_happy": [0.5106207132339478, 0.42678186297416687], "mood_party": [0.8150733113288879, 0.16030341386795044], "mood_relaxed": [0.4756634533405304, 0.522979736328125], "mood_sad": [0.6492919921875, 0.2668971121311188]}