{"mood_acoustic": [0.6366610527038574, 0.35040903091430664], "mood_aggressive": [0.010170049965381622, 0.9894315600395203], "mood_electronic": [0.12657861411571503, 0.8708791732788086], "mood_happy": [0.5147401094436646, 0.4885654151439667], "mood_party": [0.9865992069244385, 0.015772245824337006], "mood_relaxed": [0.20938073098659515, 0.7963279485702515], "mood_sad": [0.17074263095855713, 0.8047939538955688]}