{"mood_acoustic": [0.5028903484344482, 0.4977130591869354], "mood_aggressive": [0.09231846034526825, 0.894260048866272], "mood_electronic": [0.557641327381134, 0.483271986246109], "mood_happy": [0.15008728206157684, 0.8513215184211731], "mood_party": [0.9491496682167053, 0.05621609464287758], "mood_relaxed": [0.25152209401130676, 0.7561481595039368], "mood_sad": [0.4566287696361542, 0.5348035097122192]}