{"mood_acoustic": [0.04986893758177757, 0.950707197189331], "mood_aggressive": [0.6804210543632507, 0.31227976083755493], "mood_electronic": [0.39111000299453735, 0.7208390831947327], "mood_happy": [0.06176873296499252, 0.9341022372245789], "mood_party": [0.6938162446022034, 0.2811073064804077], "mood_relaxed": [0.9220829606056213, 0.07560352981090546], "mood_sad": [0.9896055459976196, 0.00910970102995634]}