{"mood_acoustic": [0.19843724370002747, 0.8047255873680115], "mood_aggressive": [0.14846675097942352, 0.8406997919082642], "mood_electronic": [0.36667418479919434, 0.6577937006950378], "mood_happy": [0.8679290413856506, 0.11255932599306107], "mood_party": [0.3423445522785187, 0.667228102684021], "mood_relaxed": [0.5098841786384583, 0.4830038249492645], "mood_sad": [0.9229519963264465, 0.07796673476696014]}