{"mood_acoustic": [0.8610749840736389, 0.11609470099210739], "mood_aggressive": [0.00042221162584610283, 0.998332679271698], "mood_electronic": [0.08629283308982849, 0.9509657025337219], "mood_happy": [0.0003483582695480436, 0.9990876317024231], "mood_party": [0.9999632239341736, 0.00010462850332260132], "mood_relaxed": [0.006197942886501551, 0.9931910634040833], "mood_sad": [0.019244307652115822, 0.9791513085365295]}