{"mood_acoustic": [0.05703815817832947, 0.9379359483718872], "mood_aggressive": [0.23729997873306274, 0.7809998393058777], "mood_electronic": [0.19403119385242462, 0.8233208656311035], "mood_happy": [0.8262641429901123, 0.16537633538246155], "mood_party": [0.653443455696106, 0.33967626094818115], "mood_relaxed": [0.8143739104270935, 0.17078761756420135], "mood_sad": [0.9576354026794434, 0.04499169811606407]}