{"mood_acoustic": [0.7747706770896912, 0.2039329558610916], "mood_aggressive": [0.0006272592581808567, 0.9979146718978882], "mood_electronic": [0.14018182456493378, 0.9211965203285217], "mood_happy": [0.06501331180334091, 0.9250034689903259], "mood_party": [0.9997758865356445, 0.0004305301408749074], "mood_relaxed": [0.02339773252606392, 0.9746642708778381], "mood_sad": [0.5163619518280029, 0.49057647585868835]}