{"mood_acoustic": [0.001957592321559787, 0.9988344311714172], "mood_aggressive": [0.06311040371656418, 0.938479483127594], "mood_electronic": [0.9915996193885803, 0.010114701464772224], "mood_happy": [0.1565445214509964, 0.7834474444389343], "mood_party": [0.5448519587516785, 0.40862372517585754], "mood_relaxed": [0.5196724534034729, 0.4811933934688568], "mood_sad": [0.7858608961105347, 0.2388923019170761]}