{"mood_acoustic": [0.2941421866416931, 0.702860951423645], "mood_aggressive": [0.1003762036561966, 0.9144052863121033], "mood_electronic": [0.3176515996456146, 0.6328789591789246], "mood_happy": [0.6379761695861816, 0.37861841917037964], "mood_party": [0.5693185329437256, 0.43209660053253174], "mood_relaxed": [0.5345040559768677, 0.4511604607105255], "mood_sad": [0.5548473596572876, 0.4434245228767395]}