{"mood_acoustic": [0.8675554394721985, 0.09873481094837189], "mood_aggressive": [0.07194776833057404, 0.9269616007804871], "mood_electronic": [0.021551083773374557, 0.9806756973266602], "mood_happy": [0.741778552532196, 0.2563330829143524], "mood_party": [0.9969043731689453, 0.004395161755383015], "mood_relaxed": [0.6567690372467041, 0.34429457783699036], "mood_sad": [0.5202832221984863, 0.42179498076438904]}