{"mood_acoustic": [0.43305251002311707, 0.5996575355529785], "mood_aggressive": [0.0009895262774080038, 0.9990576505661011], "mood_electronic": [0.9946329593658447, 0.0058643086813390255], "mood_happy": [0.32894378900527954, 0.6719834208488464], "mood_party": [0.9965280890464783, 0.0035011637955904007], "mood_relaxed": [0.17558741569519043, 0.8369640111923218], "mood_sad": [0.5453177094459534, 0.41023680567741394]}