{"mood_acoustic": [0.03295215591788292, 0.9641095399856567], "mood_aggressive": [0.27383795380592346, 0.7691190838813782], "mood_electronic": [0.9614936709403992, 0.05284511670470238], "mood_happy": [0.055046457797288895, 0.9134781360626221], "mood_party": [0.9946879148483276, 0.005567623768001795], "mood_relaxed": [0.05083361268043518, 0.9481469988822937], "mood_sad": [0.5934758186340332, 0.4314638674259186]}