{"mood_acoustic": [0.013779347762465477, 0.9840406775474548], "mood_aggressive": [0.9039350152015686, 0.08576396107673645], "mood_electronic": [0.5305311679840088, 0.6633437275886536], "mood_happy": [0.03389082849025726, 0.9501965045928955], "mood_party": [0.7764818668365479, 0.20470434427261353], "mood_relaxed": [0.6839602589607239, 0.3272643983364105], "mood_sad": [0.9596317410469055, 0.04047399386763573]}