{"mood_acoustic": [0.6419529914855957, 0.3131692707538605], "mood_aggressive": [0.0002658231824170798, 0.9994425177574158], "mood_electronic": [0.3409053385257721, 0.7038339376449585], "mood_happy": [0.109200619161129, 0.8880294561386108], "mood_party": [0.9998449683189392, 0.0002105860912706703], "mood_relaxed": [0.06913784891366959, 0.9299545884132385], "mood_sad": [0.07849562913179398, 0.8921734094619751]}