{"mood_acoustic": [0.8722245693206787, 0.09631013870239258], "mood_aggressive": [4.914513192488812e-05, 0.9998340606689453], "mood_electronic": [0.04051019623875618, 0.9547985196113586], "mood_happy": [0.05130863934755325, 0.9531413912773132], "mood_party": [0.9999597072601318, 0.0001275602844543755], "mood_relaxed": [0.4361339509487152, 0.5522284507751465], "mood_sad": [0.02122805267572403, 0.9692573547363281]}