{"mood_acoustic": [0.8921306729316711, 0.07582069933414459], "mood_aggressive": [0.0004921028739772737, 0.9996079802513123], "mood_electronic": [0.8348133563995361, 0.16655482351779938], "mood_happy": [0.2385208010673523, 0.7559959888458252], "mood_party": [0.9996542930603027, 0.0004398941819090396], "mood_relaxed": [0.1454639434814453, 0.8553169965744019], "mood_sad": [0.5709850788116455, 0.39908888936042786]}