{"mood_acoustic": [0.8269409537315369, 0.18228386342525482], "mood_aggressive": [0.009835910983383656, 0.9857737421989441], "mood_electronic": [0.4957687258720398, 0.5458178520202637], "mood_happy": [0.012043595314025879, 0.9838269948959351], "mood_party": [0.9999341368675232, 0.0001905576209537685], "mood_relaxed": [0.08812327682971954, 0.9126322865486145], "mood_sad": [0.25981101393699646, 0.7213597297668457]}