{"mood_acoustic": [0.09816946089267731, 0.9294794797897339], "mood_aggressive": [0.19502314925193787, 0.8661062121391296], "mood_electronic": [0.9999482035636902, 0.0001678120461292565], "mood_happy": [0.385514497756958, 0.5856034755706787], "mood_party": [0.04867223650217056, 0.9489346146583557], "mood_relaxed": [0.8240137100219727, 0.16876238584518433], "mood_sad": [1.0, 0.0]}