{"mood_acoustic": [0.11068519949913025, 0.8967626094818115], "mood_aggressive": [0.0012948225485160947, 0.9988405108451843], "mood_electronic": [0.14271362125873566, 0.866552472114563], "mood_happy": [0.7857879400253296, 0.21009652316570282], "mood_party": [0.7433695197105408, 0.25917741656303406], "mood_relaxed": [0.22622127830982208, 0.7739678621292114], "mood_sad": [0.6393939256668091, 0.3527507185935974]}