{"mood_acoustic": [0.9346880912780762, 0.05842728167772293], "mood_aggressive": [0.0003026070771738887, 0.9989906549453735], "mood_electronic": [0.42351970076560974, 0.6109380722045898], "mood_happy": [0.0006036701961420476, 0.9987589716911316], "mood_party": [0.9999935030937195, 1.9146555132465437e-05], "mood_relaxed": [0.008786825463175774, 0.9901304244995117], "mood_sad": [0.018667973577976227, 0.9741475582122803]}