{"mood_acoustic": [0.0, 1.0], "mood_aggressive": [0.3850279450416565, 0.7226993441581726], "mood_electronic": [0.9998721480369568, 2.837539796018973e-05], "mood_happy": [0.005691723432391882, 0.9869537949562073], "mood_party": [0.07243498414754868, 0.8707073330879211], "mood_relaxed": [0.8212164044380188, 0.18056513369083405], "mood_sad": [0.999997079372406, 0.00017486650904174894]}