{"mood_acoustic": [0.7208570241928101, 0.2774156630039215], "mood_aggressive": [0.00013449013931676745, 0.9998306632041931], "mood_electronic": [0.5374918580055237, 0.483565092086792], "mood_happy": [0.27579471468925476, 0.763883113861084], "mood_party": [0.9999061822891235, 0.00017342208593618125], "mood_relaxed": [0.18338488042354584, 0.8111393451690674], "mood_sad": [0.32287922501564026, 0.6475183367729187]}