{"mood_acoustic": [0.8840888142585754, 0.1563647836446762], "mood_aggressive": [0.010624523274600506, 0.9845242500305176], "mood_electronic": [0.8385767936706543, 0.18906782567501068], "mood_happy": [0.0470881387591362, 0.9332981705665588], "mood_party": [0.9998512864112854, 0.00026414424064569175], "mood_relaxed": [0.004421486519277096, 0.9950725436210632], "mood_sad": [0.15643833577632904, 0.84507155418396]}