{"mood_acoustic": [0.15287332236766815, 0.8671551942825317], "mood_aggressive": [0.24531511962413788, 0.8305767774581909], "mood_electronic": [0.9863563776016235, 0.017417967319488525], "mood_happy": [0.21205300092697144, 0.7245533466339111], "mood_party": [0.26332899928092957, 0.7226307392120361], "mood_relaxed": [0.6787765622138977, 0.29726263880729675], "mood_sad": [0.9506480097770691, 0.037666432559490204]}