{"mood_acoustic": [0.4287014603614807, 0.5718217492103577], "mood_aggressive": [0.0073347813449800014, 0.9936642646789551], "mood_electronic": [0.8085333704948425, 0.20569269359111786], "mood_happy": [0.28952792286872864, 0.7643755078315735], "mood_party": [0.9628840684890747, 0.03144257515668869], "mood_relaxed": [0.21591241657733917, 0.7942345142364502], "mood_sad": [0.06497244536876678, 0.9297199845314026]}