{"mood_acoustic": [0.0012123719789087772, 0.9978193044662476], "mood_aggressive": [0.8344181776046753, 0.17170187830924988], "mood_electronic": [0.2506144642829895, 0.7762657999992371], "mood_happy": [0.29771411418914795, 0.6730169653892517], "mood_party": [0.6061797738075256, 0.3692711889743805], "mood_relaxed": [0.9520148038864136, 0.04167179763317108], "mood_sad": [0.9761658310890198, 0.021151002496480942]}