{"mood_acoustic": [0.4631412625312805, 0.556909441947937], "mood_aggressive": [0.09013468027114868, 0.9116771817207336], "mood_electronic": [0.8512305021286011, 0.1923351287841797], "mood_happy": [0.048381075263023376, 0.932267427444458], "mood_party": [0.9994350671768188, 0.0008168686763383448], "mood_relaxed": [0.0994451493024826, 0.9017137289047241], "mood_sad": [0.2952883541584015, 0.704318642616272]}