{"mood_acoustic": [0.0048052347265183926, 0.9916147589683533], "mood_aggressive": [0.4183104336261749, 0.6074215769767761], "mood_electronic": [0.6444609761238098, 0.4024554193019867], "mood_happy": [0.11018871515989304, 0.8653596639633179], "mood_party": [0.8874984979629517, 0.1195899024605751], "mood_relaxed": [0.2570146918296814, 0.7592297196388245], "mood_sad": [0.8773252367973328, 0.12109622359275818]}