{"mood_acoustic": [0.206511452794075, 0.8091217875480652], "mood_aggressive": [0.17014700174331665, 0.8345960974693298], "mood_electronic": [0.8757948875427246, 0.16330261528491974], "mood_happy": [0.27865883708000183, 0.7062872648239136], "mood_party": [0.7136437296867371, 0.2593114972114563], "mood_relaxed": [0.3372553586959839, 0.6595478057861328], "mood_sad": [0.8269251585006714, 0.17595265805721283]}