{"mood_acoustic": [0.04477350041270256, 0.958724319934845], "mood_aggressive": [0.004144607577472925, 0.9958915710449219], "mood_electronic": [0.9218995571136475, 0.09638160467147827], "mood_happy": [0.45100346207618713, 0.5047987699508667], "mood_party": [0.5186043381690979, 0.44763314723968506], "mood_relaxed": [0.5181189775466919, 0.48580870032310486], "mood_sad": [0.8046680688858032, 0.2167830467224121]}