{"mood_acoustic": [0.12588657438755035, 0.8781117796897888], "mood_aggressive": [0.0202719084918499, 0.9801152944564819], "mood_electronic": [0.8832771182060242, 0.12276048213243484], "mood_happy": [0.40786346793174744, 0.5726784467697144], "mood_party": [0.28844377398490906, 0.7002984881401062], "mood_relaxed": [0.5720492005348206, 0.44257208704948425], "mood_sad": [0.8558005094528198, 0.14015460014343262]}