{"mood_acoustic": [0.9678804278373718, 0.030635925009846687], "mood_aggressive": [0.004701592028141022, 0.9913064241409302], "mood_electronic": [0.4006524384021759, 0.7001956701278687], "mood_happy": [0.00026957393856719136, 0.9994727373123169], "mood_party": [0.9999858736991882, 3.050913437618874e-05], "mood_relaxed": [0.0038941437378525734, 0.9954792857170105], "mood_sad": [0.042177874594926834, 0.9486176371574402]}