{"mood_acoustic": [0.20384711027145386, 0.7973101139068604], "mood_aggressive": [0.024851955473423004, 0.9939749836921692], "mood_electronic": [0.9383310675621033, 0.06170196458697319], "mood_happy": [0.7064434885978699, 0.3142261803150177], "mood_party": [0.27337804436683655, 0.7222673296928406], "mood_relaxed": [0.5679682493209839, 0.41569799184799194], "mood_sad": [0.934986412525177, 0.056494615972042084]}