{"mood_acoustic": [0.4488476812839508, 0.5560591816902161], "mood_aggressive": [0.1567540466785431, 0.8455831408500671], "mood_electronic": [0.6841719746589661, 0.333475798368454], "mood_happy": [0.12354394048452377, 0.8692677021026611], "mood_party": [0.9953011870384216, 0.004041261039674282], "mood_relaxed": [0.10051169991493225, 0.900022029876709], "mood_sad": [0.3979239761829376, 0.6002838015556335]}