{"mood_acoustic": [0.19593586027622223, 0.8048832416534424], "mood_aggressive": [0.03685040399432182, 0.9773170948028564], "mood_electronic": [0.7581217885017395, 0.24009548127651215], "mood_happy": [0.3613441586494446, 0.6363434195518494], "mood_party": [0.6131927371025085, 0.3549516499042511], "mood_relaxed": [0.6646121144294739, 0.3390657901763916], "mood_sad": [0.7167770266532898, 0.2703862190246582]}