{"mood_acoustic": [0.14500221610069275, 0.8477573394775391], "mood_aggressive": [0.0014149841153994203, 0.9973852038383484], "mood_electronic": [0.7539731860160828, 0.3313778042793274], "mood_happy": [0.11045490205287933, 0.8719677925109863], "mood_party": [0.9982731342315674, 0.0019646617583930492], "mood_relaxed": [0.3155434727668762, 0.686067521572113], "mood_sad": [0.042009271681308746, 0.9515010714530945]}