{"mood_acoustic": [0.016424648463726044, 0.9746491312980652], "mood_aggressive": [0.6530036330223083, 0.3321509063243866], "mood_electronic": [0.5631241798400879, 0.516815721988678], "mood_happy": [0.30629396438598633, 0.6941357851028442], "mood_party": [0.6176642179489136, 0.3391963541507721], "mood_relaxed": [0.9599353671073914, 0.03142876550555229], "mood_sad": [0.8758620619773865, 0.10660162568092346]}