{"mood_acoustic": [0.0, 1.0], "mood_aggressive": [0.9224576354026794, 0.16759125888347626], "mood_electronic": [0.9999009966850281, 7.332555105676875e-05], "mood_happy": [0.1903037130832672, 0.7790292501449585], "mood_party": [0.007130788639187813, 0.987453818321228], "mood_relaxed": [0.9647504687309265, 0.024532999843358994], "mood_sad": [1.0, 1.0438030813020305e-06]}