{"mood_acoustic": [0.07412328571081161, 0.9248834848403931], "mood_aggressive": [0.002937261015176773, 0.9977476000785828], "mood_electronic": [0.9534973502159119, 0.05997956544160843], "mood_happy": [0.37661656737327576, 0.5601099133491516], "mood_party": [0.7149481773376465, 0.27612558007240295], "mood_relaxed": [0.19346173107624054, 0.804560661315918], "mood_sad": [0.6189009547233582, 0.3253317177295685]}