{"mood_acoustic": [0.11888033896684647, 0.858250081539154], "mood_aggressive": [0.6085965633392334, 0.40213191509246826], "mood_electronic": [0.2468949854373932, 0.7708660364151001], "mood_happy": [0.3130839467048645, 0.6970804333686829], "mood_party": [0.9915770292282104, 0.008209727704524994], "mood_relaxed": [0.7826939225196838, 0.22610878944396973], "mood_sad": [0.9099324345588684, 0.06837733089923859]}