{"mood_acoustic": [0.9209506511688232, 0.08467260003089905], "mood_aggressive": [0.00038317590951919556, 0.9991874694824219], "mood_electronic": [0.852637529373169, 0.1666513979434967], "mood_happy": [0.0026322673074901104, 0.9947501420974731], "mood_party": [0.9999984502792358, 1.8184880900662392e-05], "mood_relaxed": [0.0074301608838140965, 0.9914740920066833], "mood_sad": [0.004709186963737011, 0.9936546683311462]}