{"mood_acoustic": [0.529155433177948, 0.46484702825546265], "mood_aggressive": [0.0022636435460299253, 0.9961739778518677], "mood_electronic": [0.48853299021720886, 0.5323672294616699], "mood_happy": [0.16857831180095673, 0.8042391538619995], "mood_party": [0.996933102607727, 0.003526880871504545], "mood_relaxed": [0.038967374712228775, 0.9631067514419556], "mood_sad": [0.10125647485256195, 0.8939819931983948]}