{"mood_acoustic": [0.5427840948104858, 0.528016209602356], "mood_aggressive": [0.14293022453784943, 0.8525686860084534], "mood_electronic": [0.9500659704208374, 0.07461778819561005], "mood_happy": [0.18804754316806793, 0.7963480949401855], "mood_party": [0.6982148289680481, 0.3015797436237335], "mood_relaxed": [0.4288311302661896, 0.5841686725616455], "mood_sad": [0.9192410707473755, 0.07759825885295868]}