{"mood_acoustic": [0.03202998265624046, 0.9645184278488159], "mood_aggressive": [0.814002513885498, 0.2017323523759842], "mood_electronic": [0.3658076226711273, 0.703908383846283], "mood_happy": [0.1094374731183052, 0.8590976595878601], "mood_party": [0.8293355107307434, 0.15065011382102966], "mood_relaxed": [0.7614385485649109, 0.23672012984752655], "mood_sad": [0.845302164554596, 0.13960643112659454]}