{"mood_acoustic": [0.4507478177547455, 0.54144287109375], "mood_aggressive": [0.0008792763110250235, 0.9973762631416321], "mood_electronic": [0.09741475433111191, 0.9421091079711914], "mood_happy": [0.010256052017211914, 0.9842724800109863], "mood_party": [0.9996800422668457, 0.0005396733176894486], "mood_relaxed": [0.004773323889821768, 0.9947521686553955], "mood_sad": [0.032054007053375244, 0.9602460861206055]}