{"mood_acoustic": [0.9948958158493042, 0.00347863114438951], "mood_aggressive": [5.1086408348055556e-05, 0.9999133348464966], "mood_electronic": [0.14028874039649963, 0.8919946551322937], "mood_happy": [0.3979538083076477, 0.6550419330596924], "mood_party": [0.9999996423721313, 1.1600849575188477e-05], "mood_relaxed": [0.018380334600806236, 0.979069709777832], "mood_sad": [0.634763240814209, 0.35295727849006653]}