{"mood_acoustic": [0.18513603508472443, 0.8153169751167297], "mood_aggressive": [0.17396868765354156, 0.8381755352020264], "mood_electronic": [0.8511395454406738, 0.14729326963424683], "mood_happy": [0.13440999388694763, 0.8440554141998291], "mood_party": [0.3329072892665863, 0.6667906045913696], "mood_relaxed": [0.7441933751106262, 0.25103509426116943], "mood_sad": [0.9432356357574463, 0.05637476593255997]}