{"mood_acoustic": [0.3124743103981018, 0.6858350038528442], "mood_aggressive": [0.22731377184391022, 0.8010031580924988], "mood_electronic": [0.8788262605667114, 0.13869525492191315], "mood_happy": [0.263674259185791, 0.779762864112854], "mood_party": [0.7640902996063232, 0.24100516736507416], "mood_relaxed": [0.38812553882598877, 0.6308140754699707], "mood_sad": [0.8871942162513733, 0.10585333406925201]}