{"mood_acoustic": [0.9244495034217834, 0.07106563448905945], "mood_aggressive": [8.196302223950624e-05, 0.9996037483215332], "mood_electronic": [0.20062103867530823, 0.8583983182907104], "mood_happy": [0.0064512803219258785, 0.9929093718528748], "mood_party": [0.9999836683273315, 2.8752590878866613e-05], "mood_relaxed": [0.008253739215433598, 0.9904454946517944], "mood_sad": [0.015539882704615593, 0.9803594350814819]}