{"mood_acoustic": [0.9264695048332214, 0.056727200746536255], "mood_aggressive": [0.00011469953460618854, 0.9995102286338806], "mood_electronic": [0.029082076624035835, 0.9813705682754517], "mood_happy": [0.06313280016183853, 0.9299582242965698], "mood_party": [0.9999822378158569, 7.82137067290023e-05], "mood_relaxed": [0.019848346710205078, 0.9782704710960388], "mood_sad": [0.012061243876814842, 0.9867795705795288]}