{"mood_acoustic": [0.00029830000130459666, 0.9993559718132019], "mood_aggressive": [0.030274391174316406, 0.9831861257553101], "mood_electronic": [0.9709016680717468, 0.034206610172986984], "mood_happy": [0.3451937735080719, 0.7215022444725037], "mood_party": [0.9637488722801208, 0.03742166981101036], "mood_relaxed": [0.1521468311548233, 0.8456864953041077], "mood_sad": [0.9608623385429382, 0.03687267005443573]}