{"mood_acoustic": [0.9417263269424438, 0.05115584284067154], "mood_aggressive": [0.00024547267821617424, 0.9991371631622314], "mood_electronic": [0.6635465025901794, 0.3787778317928314], "mood_happy": [0.011870641261339188, 0.9895978569984436], "mood_party": [0.9999511241912842, 6.297707295743749e-05], "mood_relaxed": [0.02117302268743515, 0.9778867363929749], "mood_sad": [0.010529362596571445, 0.9854238629341125]}