{"mood_acoustic": [0.9562304615974426, 0.03988320380449295], "mood_aggressive": [0.0016099947970360518, 0.9983104467391968], "mood_electronic": [0.24431434273719788, 0.7834668159484863], "mood_happy": [0.10676921904087067, 0.9060685634613037], "mood_party": [0.9999760389328003, 7.552134047728032e-05], "mood_relaxed": [0.020737582817673683, 0.9766592383384705], "mood_sad": [0.22681216895580292, 0.743522584438324]}