{"mood_acoustic": [0.7981964945793152, 0.25406569242477417], "mood_aggressive": [0.0003668897843454033, 0.9992218017578125], "mood_electronic": [0.9209794402122498, 0.09056513011455536], "mood_happy": [0.060508307069540024, 0.91851806640625], "mood_party": [0.9999591112136841, 7.995880878297612e-05], "mood_relaxed": [0.005491501651704311, 0.9936610460281372], "mood_sad": [0.21617484092712402, 0.7764015793800354]}