{"mood_acoustic": [0.11659476161003113, 0.8939417600631714], "mood_aggressive": [0.00021131853281985968, 0.9989349246025085], "mood_electronic": [0.019250499084591866, 0.9883408546447754], "mood_happy": [0.00032122520497068763, 0.9990670680999756], "mood_party": [0.9998527765274048, 0.0002533613587729633], "mood_relaxed": [0.008908198215067387, 0.9902960658073425], "mood_sad": [0.00659860810264945, 0.9859812259674072]}