{"mood_acoustic": [0.9663588404655457, 0.032843999564647675], "mood_aggressive": [0.009410292841494083, 0.9840385317802429], "mood_electronic": [0.7184546589851379, 0.30293944478034973], "mood_happy": [0.0016818473814055324, 0.9963709712028503], "mood_party": [0.9999921917915344, 2.828149990818929e-05], "mood_relaxed": [0.0041933441534638405, 0.9952536821365356], "mood_sad": [0.07292060554027557, 0.9385178685188293]}