{"mood_acoustic": [0.24532721936702728, 0.7139057517051697], "mood_aggressive": [4.7948888095561415e-05, 0.9999584555625916], "mood_electronic": [0.30576586723327637, 0.7728423476219177], "mood_happy": [0.131841242313385, 0.9091863632202148], "mood_party": [0.9999909996986389, 3.0778584914514795e-05], "mood_relaxed": [0.008279804140329361, 0.990490198135376], "mood_sad": [0.06773870438337326, 0.8810988068580627]}