{"mood_acoustic": [0.7994250655174255, 0.13935306668281555], "mood_aggressive": [0.2676028609275818, 0.7593238949775696], "mood_electronic": [0.14659631252288818, 0.8306994438171387], "mood_happy": [0.7725525498390198, 0.24720948934555054], "mood_party": [0.9862220287322998, 0.017282864078879356], "mood_relaxed": [0.4302266538143158, 0.5588839650154114], "mood_sad": [0.5707746148109436, 0.37390196323394775]}