{"mood_acoustic": [0.14873644709587097, 0.8473991751670837], "mood_aggressive": [0.2008257955312729, 0.8030009269714355], "mood_electronic": [0.402303010225296, 0.605072557926178], "mood_happy": [0.5724779367446899, 0.42294785380363464], "mood_party": [0.7349231243133545, 0.2240273356437683], "mood_relaxed": [0.6783385276794434, 0.3102778196334839], "mood_sad": [0.25977471470832825, 0.6836196780204773]}