{"mood_acoustic": [0.9185503721237183, 0.08091624826192856], "mood_aggressive": [6.259811925701797e-05, 0.9998167753219604], "mood_electronic": [0.14760196208953857, 0.8423597812652588], "mood_happy": [0.057234689593315125, 0.9467108249664307], "mood_party": [0.9999873042106628, 3.480662780930288e-05], "mood_relaxed": [0.015655601397156715, 0.9817883372306824], "mood_sad": [0.32549890875816345, 0.6622132658958435]}