{"mood_acoustic": [0.00048155587865039706, 0.999394953250885], "mood_aggressive": [0.05857483297586441, 0.9564659595489502], "mood_electronic": [0.4851795732975006, 0.47598785161972046], "mood_happy": [0.7766623497009277, 0.18807631731033325], "mood_party": [0.4909549951553345, 0.4829540550708771], "mood_relaxed": [0.4757387936115265, 0.5158290863037109], "mood_sad": [0.7825902104377747, 0.22764232754707336]}