{"mood_acoustic": [5.8407793403603137e-05, 0.9995803236961365], "mood_aggressive": [0.9371137619018555, 0.0550973005592823], "mood_electronic": [0.5699200630187988, 0.5688422918319702], "mood_happy": [0.007749549578875303, 0.9842092394828796], "mood_party": [0.5809394121170044, 0.36491894721984863], "mood_relaxed": [0.7176267504692078, 0.29021286964416504], "mood_sad": [0.9979808926582336, 0.0027256126049906015]}