{"mood_acoustic": [0.3353772759437561, 0.6650280952453613], "mood_aggressive": [0.00036622778861783445, 0.9995740652084351], "mood_electronic": [0.6132326126098633, 0.43353918194770813], "mood_happy": [0.18755660951137543, 0.8116697669029236], "mood_party": [0.9956247806549072, 0.00487519521266222], "mood_relaxed": [0.14398778975009918, 0.8506751656532288], "mood_sad": [0.0834481492638588, 0.9002877473831177]}