{"mood_acoustic": [0.9025500416755676, 0.07143203169107437], "mood_aggressive": [0.000131903711007908, 0.9993972182273865], "mood_electronic": [0.023709572851657867, 0.9842934012413025], "mood_happy": [0.004090908914804459, 0.9934394359588623], "mood_party": [0.9999966025352478, 1.985511335078627e-05], "mood_relaxed": [0.01880202256143093, 0.9794752597808838], "mood_sad": [0.0032917100470513105, 0.9951083660125732]}