{"mood_acoustic": [0.03017118014395237, 0.9614847898483276], "mood_aggressive": [0.023285040631890297, 0.9611544013023376], "mood_electronic": [0.30325213074684143, 0.7973874807357788], "mood_happy": [0.006262935698032379, 0.9889135956764221], "mood_party": [0.9904409050941467, 0.01403373945504427], "mood_relaxed": [0.002833660924807191, 0.9968950748443604], "mood_sad": [0.5597271919250488, 0.4394773542881012]}