{"mood_acoustic": [0.19916410744190216, 0.867634117603302], "mood_aggressive": [0.020678190514445305, 0.9663062691688538], "mood_electronic": [0.6056131720542908, 0.46357083320617676], "mood_happy": [0.004918556194752455, 0.9903312921524048], "mood_party": [0.9962424039840698, 0.005950606893748045], "mood_relaxed": [0.0033146736677736044, 0.9963698983192444], "mood_sad": [0.6299948692321777, 0.3637453019618988]}