{"mood_acoustic": [0.002138705225661397, 0.9989838004112244], "mood_aggressive": [0.4699808955192566, 0.5286422371864319], "mood_electronic": [0.548168957233429, 0.48040637373924255], "mood_happy": [0.7988860607147217, 0.2078746259212494], "mood_party": [0.17308299243450165, 0.8097178936004639], "mood_relaxed": [0.9276812076568604, 0.06421561539173126], "mood_sad": [0.9875594973564148, 0.013216394931077957]}