{"mood_acoustic": [0.0021069555077701807, 0.9961107969284058], "mood_aggressive": [0.6910500526428223, 0.29783186316490173], "mood_electronic": [0.5680864453315735, 0.44777703285217285], "mood_happy": [0.133529394865036, 0.770561933517456], "mood_party": [0.40549832582473755, 0.521963894367218], "mood_relaxed": [0.570723295211792, 0.42864468693733215], "mood_sad": [0.8077492117881775, 0.183863565325737]}