{"mood_acoustic": [0.402689665555954, 0.553255021572113], "mood_aggressive": [0.013752641156315804, 0.983790934085846], "mood_electronic": [0.2998456060886383, 0.7954556345939636], "mood_happy": [0.02967490814626217, 0.9551041126251221], "mood_party": [0.9976209998130798, 0.002483996795490384], "mood_relaxed": [0.2350892424583435, 0.7790312767028809], "mood_sad": [0.15755273401737213, 0.8219661712646484]}