{"mood_acoustic": [0.14930644631385803, 0.8471922278404236], "mood_aggressive": [0.5224629044532776, 0.48355644941329956], "mood_electronic": [0.8821253180503845, 0.12355100363492966], "mood_happy": [0.18502983450889587, 0.7649691700935364], "mood_party": [0.24407798051834106, 0.7450007200241089], "mood_relaxed": [0.7712792754173279, 0.2170235961675644], "mood_sad": [0.8181530237197876, 0.1832328885793686]}