{"mood_acoustic": [0.18434718251228333, 0.7949657440185547], "mood_aggressive": [0.006487468723207712, 0.9929707050323486], "mood_electronic": [0.7895305156707764, 0.21614110469818115], "mood_happy": [0.3393956422805786, 0.6230241060256958], "mood_party": [0.5273536443710327, 0.4508510231971741], "mood_relaxed": [0.6514848470687866, 0.34097978472709656], "mood_sad": [0.5448717474937439, 0.47631850838661194]}