{"mood_acoustic": [0.15534654259681702, 0.839905858039856], "mood_aggressive": [0.34393298625946045, 0.6431624293327332], "mood_electronic": [0.5862377882003784, 0.4715437889099121], "mood_happy": [0.4234101176261902, 0.5530293583869934], "mood_party": [0.6370077729225159, 0.3784884512424469], "mood_relaxed": [0.5792094469070435, 0.42562371492385864], "mood_sad": [0.9113072156906128, 0.09433268755674362]}