{"mood_acoustic": [0.9825931787490845, 0.017708448693156242], "mood_aggressive": [3.623288284870796e-05, 0.9998832941055298], "mood_electronic": [0.39063239097595215, 0.6369747519493103], "mood_happy": [0.015313307754695415, 0.9814943671226501], "mood_party": [0.9999991655349731, 4.14074884247384e-06], "mood_relaxed": [0.007804505992680788, 0.9908304810523987], "mood_sad": [0.1421205699443817, 0.8434132933616638]}