{"mood_acoustic": [0.02004668302834034, 0.9753820300102234], "mood_aggressive": [0.5928383469581604, 0.40334194898605347], "mood_electronic": [0.8431292772293091, 0.1749245971441269], "mood_happy": [0.4491845965385437, 0.5051925778388977], "mood_party": [0.4864058196544647, 0.4758114516735077], "mood_relaxed": [0.7286780476570129, 0.26986658573150635], "mood_sad": [0.8191989064216614, 0.16733293235301971]}