{"mood_acoustic": [0.046048812568187714, 0.9485858082771301], "mood_aggressive": [0.9313253164291382, 0.07702920585870743], "mood_electronic": [0.1192612424492836, 0.9001179337501526], "mood_happy": [0.2685728669166565, 0.6557160019874573], "mood_party": [0.6007771492004395, 0.3502947986125946], "mood_relaxed": [0.7939727306365967, 0.18687781691551208], "mood_sad": [0.9078910946846008, 0.08965210616588593]}