{"mood_acoustic": [0.9958077669143677, 0.00309516373090446], "mood_aggressive": [2.2159412765176967e-05, 0.9999707937240601], "mood_electronic": [0.5122449994087219, 0.517456591129303], "mood_happy": [0.015882378444075584, 0.9810377359390259], "mood_party": [0.9999998211860657, 4.316816102800658e-06], "mood_relaxed": [0.017514513805508614, 0.9814756512641907], "mood_sad": [0.017768429592251778, 0.9779117703437805]}