{"mood_acoustic": [0.11481636762619019, 0.8696813583374023], "mood_aggressive": [0.7959223985671997, 0.2083670198917389], "mood_electronic": [0.08974248170852661, 0.9255380630493164], "mood_happy": [0.7019163370132446, 0.2658229470252991], "mood_party": [0.679979681968689, 0.3119814991950989], "mood_relaxed": [0.8076855540275574, 0.18665064871311188], "mood_sad": [0.919673502445221, 0.06701387465000153]}