{"mood_acoustic": [0.5878560543060303, 0.36735332012176514], "mood_aggressive": [0.00046653952449560165, 0.9994815587997437], "mood_electronic": [0.22356580197811127, 0.8163112998008728], "mood_happy": [0.07498271763324738, 0.9105233550071716], "mood_party": [0.9998968243598938, 0.00024384168500546366], "mood_relaxed": [0.16283290088176727, 0.8407217264175415], "mood_sad": [0.0174875371158123, 0.9803162217140198]}