{"mood_acoustic": [0.5381518006324768, 0.43826794624328613], "mood_aggressive": [0.009109538979828358, 0.9910887479782104], "mood_electronic": [0.5949454307556152, 0.4249788820743561], "mood_happy": [0.2684466540813446, 0.7233812212944031], "mood_party": [0.9810663461685181, 0.025348776951432228], "mood_relaxed": [0.1138267070055008, 0.893576979637146], "mood_sad": [0.2887135446071625, 0.6684545278549194]}