{"mood_acoustic": [0.9195924401283264, 0.0596214197576046], "mood_aggressive": [0.0003783501742873341, 0.9992603659629822], "mood_electronic": [0.09843495488166809, 0.9217352271080017], "mood_happy": [0.09334466606378555, 0.9073554277420044], "mood_party": [0.9999963641166687, 1.2199639968457632e-05], "mood_relaxed": [0.06259429454803467, 0.9382089972496033], "mood_sad": [0.03480866178870201, 0.9544706344604492]}