{"mood_acoustic": [0.49674421548843384, 0.5117883086204529], "mood_aggressive": [0.000498854205943644, 0.9993899464607239], "mood_electronic": [0.8410246968269348, 0.16186149418354034], "mood_happy": [0.7311652898788452, 0.2708432078361511], "mood_party": [0.7271906137466431, 0.25212913751602173], "mood_relaxed": [0.3797549903392792, 0.6326723694801331], "mood_sad": [0.9397878050804138, 0.056876711547374725]}