{"mood_acoustic": [0.8857876062393188, 0.11349071562290192], "mood_aggressive": [0.00010335779370507225, 0.9996187090873718], "mood_electronic": [0.3380298912525177, 0.7175456285476685], "mood_happy": [0.008794520981609821, 0.9904815554618835], "mood_party": [0.9999526739120483, 7.969684520503506e-05], "mood_relaxed": [0.0035580811090767384, 0.9958242774009705], "mood_sad": [0.015308245085179806, 0.9812325239181519]}