{"mood_acoustic": [0.5454694628715515, 0.4413963854312897], "mood_aggressive": [0.006521524395793676, 0.9938281774520874], "mood_electronic": [0.7422910928726196, 0.2792630195617676], "mood_happy": [0.454495370388031, 0.5633962750434875], "mood_party": [0.9990910291671753, 0.0010621021501719952], "mood_relaxed": [0.08799051493406296, 0.911488950252533], "mood_sad": [0.4348580241203308, 0.5727522373199463]}