{"mood_acoustic": [0.9284109473228455, 0.034756965935230255], "mood_aggressive": [9.598266478860751e-05, 0.9995046257972717], "mood_electronic": [0.009573247283697128, 0.992479681968689], "mood_happy": [0.09017385542392731, 0.9050354361534119], "mood_party": [0.9999968409538269, 2.033326200034935e-05], "mood_relaxed": [0.04772169888019562, 0.9494168758392334], "mood_sad": [0.002996013266965747, 0.9950635433197021]}