{"mood_acoustic": [0.012303628027439117, 0.9945980310440063], "mood_aggressive": [0.003203991334885359, 0.9983693361282349], "mood_electronic": [0.9993260502815247, 0.00038246228359639645], "mood_happy": [0.17857854068279266, 0.7822147607803345], "mood_party": [0.14975370466709137, 0.8282462358474731], "mood_relaxed": [0.6281298995018005, 0.37212038040161133], "mood_sad": [0.9837309122085571, 0.017105938866734505]}