{"mood_acoustic": [0.3099798858165741, 0.67176753282547], "mood_aggressive": [0.08592536300420761, 0.9037626385688782], "mood_electronic": [0.7106791734695435, 0.299955815076828], "mood_happy": [0.6149941682815552, 0.43146732449531555], "mood_party": [0.957322359085083, 0.03997024893760681], "mood_relaxed": [0.6231731176376343, 0.37687209248542786], "mood_sad": [0.6939983367919922, 0.2883165180683136]}