{"mood_acoustic": [0.9987673163414001, 0.0015914766117930412], "mood_aggressive": [0.0002695444563869387, 0.9995155930519104], "mood_electronic": [0.023625675588846207, 0.9800271987915039], "mood_happy": [0.3061131536960602, 0.716734766960144], "mood_party": [0.9999964833259583, 2.081458478642162e-05], "mood_relaxed": [0.03746023401618004, 0.96028733253479], "mood_sad": [0.0030593983829021454, 0.9945239424705505]}