{"mood_acoustic": [0.984330952167511, 0.008538405410945415], "mood_aggressive": [0.00028536704485304654, 0.9991518259048462], "mood_electronic": [0.03231852129101753, 0.976235568523407], "mood_happy": [0.011786815710365772, 0.9849820137023926], "mood_party": [0.9999942779541016, 2.9766377338091843e-05], "mood_relaxed": [0.03107195906341076, 0.9670928120613098], "mood_sad": [0.00461181253194809, 0.9939481616020203]}