{"mood_acoustic": [0.0001905079698190093, 0.9995109438896179], "mood_aggressive": [0.05152757465839386, 0.9646357297897339], "mood_electronic": [0.9255368113517761, 0.0637013167142868], "mood_happy": [0.919093906879425, 0.07902096211910248], "mood_party": [0.09719263762235641, 0.902411699295044], "mood_relaxed": [0.9071904420852661, 0.08864875882863998], "mood_sad": [0.9902645349502563, 0.00986732728779316]}