{"mood_acoustic": [0.012822837568819523, 0.9823611378669739], "mood_aggressive": [0.15968193113803864, 0.868810772895813], "mood_electronic": [0.8716347813606262, 0.16002097725868225], "mood_happy": [0.8448625802993774, 0.18255653977394104], "mood_party": [0.48297590017318726, 0.5025737881660461], "mood_relaxed": [0.9133371114730835, 0.07284123450517654], "mood_sad": [0.9589674472808838, 0.04114604741334915]}