{"mood_acoustic": [0.36355194449424744, 0.6798256039619446], "mood_aggressive": [0.05502476915717125, 0.929780125617981], "mood_electronic": [0.6861107349395752, 0.342795193195343], "mood_happy": [0.0301413182169199, 0.9593158960342407], "mood_party": [0.991209089756012, 0.007620204705744982], "mood_relaxed": [0.19260360300540924, 0.8186812400817871], "mood_sad": [0.4398866593837738, 0.5636747479438782]}