{"mood_acoustic": [0.2414623498916626, 0.7866179347038269], "mood_aggressive": [0.009799766354262829, 0.9841967225074768], "mood_electronic": [0.1804061084985733, 0.8688844442367554], "mood_happy": [0.07979796826839447, 0.9156844019889832], "mood_party": [0.9572433829307556, 0.046384140849113464], "mood_relaxed": [0.03151243180036545, 0.9690312743186951], "mood_sad": [0.13987155258655548, 0.809158205986023]}