{"mood_acoustic": [0.31052905321121216, 0.7048816680908203], "mood_aggressive": [0.04224930331110954, 0.9573533535003662], "mood_electronic": [0.5561599731445312, 0.5053590536117554], "mood_happy": [0.03520997241139412, 0.9528610706329346], "mood_party": [0.995998203754425, 0.006158709991723299], "mood_relaxed": [0.011313926428556442, 0.9878389835357666], "mood_sad": [0.2443476915359497, 0.7455105185508728]}