{"mood_acoustic": [0.2094656378030777, 0.7965059876441956], "mood_aggressive": [0.001045185374096036, 0.9990437030792236], "mood_electronic": [0.9398162364959717, 0.07149189710617065], "mood_happy": [0.1455240696668625, 0.8258673548698425], "mood_party": [0.9804242849349976, 0.022975323721766472], "mood_relaxed": [0.21686597168445587, 0.7928359508514404], "mood_sad": [0.41075417399406433, 0.5636764168739319]}