{"mood_acoustic": [0.11597348004579544, 0.8912845849990845], "mood_aggressive": [0.0012756023788824677, 0.9976693987846375], "mood_electronic": [0.8166934847831726, 0.20323289930820465], "mood_happy": [0.021826056763529778, 0.9529248476028442], "mood_party": [0.9988324046134949, 0.0013841369654983282], "mood_relaxed": [0.03452368080615997, 0.965355634689331], "mood_sad": [0.16638098657131195, 0.8380533456802368]}