{"mood_acoustic": [0.8051747679710388, 0.19512227177619934], "mood_aggressive": [0.01109063345938921, 0.9838547110557556], "mood_electronic": [0.812055766582489, 0.2116246521472931], "mood_happy": [0.09327048808336258, 0.8864814639091492], "mood_party": [0.9999675750732422, 9.169528493657708e-05], "mood_relaxed": [0.09240701049566269, 0.9084292054176331], "mood_sad": [0.0947498008608818, 0.8838320970535278]}