{"mood_acoustic": [0.1189904436469078, 0.8991069793701172], "mood_aggressive": [0.30144065618515015, 0.7095159888267517], "mood_electronic": [0.9651390910148621, 0.03700766712427139], "mood_happy": [0.5744430422782898, 0.415424108505249], "mood_party": [0.3910697400569916, 0.6071678400039673], "mood_relaxed": [0.5904746651649475, 0.4069322347640991], "mood_sad": [0.930619478225708, 0.06552742421627045]}