{"mood_acoustic": [0.9304774403572083, 0.05355989560484886], "mood_aggressive": [0.00020631964434869587, 0.9991117119789124], "mood_electronic": [0.3939405679702759, 0.6562082767486572], "mood_happy": [0.0012891975929960608, 0.9974523782730103], "mood_party": [0.9999977350234985, 1.0773441317724064e-05], "mood_relaxed": [0.014016271568834782, 0.9847329258918762], "mood_sad": [0.013056318275630474, 0.9821360111236572]}