{"mood_acoustic": [0.7337194085121155, 0.26515352725982666], "mood_aggressive": [0.00046609138371422887, 0.9982725381851196], "mood_electronic": [0.465029239654541, 0.5472109317779541], "mood_happy": [0.0019588805735111237, 0.9964599609375], "mood_party": [0.9999728798866272, 8.269974932773039e-05], "mood_relaxed": [0.08000002056360245, 0.9221929907798767], "mood_sad": [0.15008321404457092, 0.8381209969520569]}