{"tonal_atonal": [0.1787857860326767, 0.8187625408172607], "danceability": [0.05709207430481911, 0.936627984046936], "voice_instrumental": [0.8486373424530029, 0.15572036802768707], "gender": [0.7536588907241821, 0.21521537005901337]}