{"danceability": [0.07777293026447296, 0.9099580645561218], "gender": [0.6923454403877258, 0.29810020327568054], "tonal_atonal": [0.24534595012664795, 0.7538893222808838], "voice_instrumental": [0.7501019835472107, 0.23959361016750336]}