{"tonal_atonal": [0.8380666971206665, 0.1598745882511139], "danceability": [0.8559613227844238, 0.13909153640270233], "voice_instrumental": [0.6810020804405212, 0.3069939911365509], "gender": [0.6342833638191223, 0.3818706274032593]}