{"tonal_atonal": [0.896449089050293, 0.11321385204792023], "danceability": [0.9570260047912598, 0.042314715683460236], "voice_instrumental": [0.4478481113910675, 0.5449215769767761], "gender": [0.47849979996681213, 0.47859206795692444]}