{"tonal_atonal": [0.36816009879112244, 0.6324090957641602], "danceability": [0.3402831256389618, 0.6640391945838928], "voice_instrumental": [0.7918539643287659, 0.2163163423538208], "gender": [0.28500670194625854, 0.7386719584465027]}