{"tonal_atonal": [0.5766915678977966, 0.42403727769851685], "danceability": [0.5170326828956604, 0.4975450038909912], "voice_instrumental": [0.7256844639778137, 0.26911047101020813], "gender": [0.5900726914405823, 0.39469289779663086]}