{"danceability": [0.04033580422401428, 0.9583396315574646], "gender": [0.40602368116378784, 0.5683555603027344], "tonal_atonal": [0.37882617115974426, 0.6497195363044739], "voice_instrumental": [0.10379999130964279, 0.8962882161140442]}