{"danceability": [0.07166408747434616, 0.9166727066040039], "gender": [0.8243130445480347, 0.1658523678779602], "tonal_atonal": [0.29686686396598816, 0.696554958820343], "voice_instrumental": [0.8733819127082825, 0.11970782279968262]}