{"tonal_atonal": [0.7807424068450928, 0.21681039035320282], "danceability": [0.2527603805065155, 0.7300787568092346], "voice_instrumental": [0.8880892992019653, 0.10506925731897354], "gender": [0.7555477023124695, 0.23646330833435059]}