{"danceability": [0.22990937530994415, 0.7688503265380859], "gender": [0.35559460520744324, 0.6149911880493164], "tonal_atonal": [0.19068311154842377, 0.8056919574737549], "voice_instrumental": [0.46545347571372986, 0.5388402342796326]}