{"danceability": [0.5364172458648682, 0.46813511848449707], "gender": [0.5856356620788574, 0.4299532175064087], "tonal_atonal": [0.20928046107292175, 0.7862820029258728], "voice_instrumental": [0.7692713737487793, 0.23088055849075317]}