{"danceability": [0.2614150047302246, 0.7455992698669434], "gender": [0.5086571574211121, 0.48820722103118896], "tonal_atonal": [0.3132241368293762, 0.6564761996269226], "voice_instrumental": [0.9462682008743286, 0.050928495824337006]}