{"tonal_atonal": [0.942149817943573, 0.057759955525398254], "danceability": [0.9744684100151062, 0.02506704442203045], "voice_instrumental": [0.5981073379516602, 0.39344266057014465], "gender": [0.5291329622268677, 0.4541260600090027]}