{"tonal_atonal": [0.6574150323867798, 0.36856648325920105], "danceability": [0.9768033027648926, 0.021717138588428497], "voice_instrumental": [0.46212220191955566, 0.5356543660163879], "gender": [0.40726643800735474, 0.5773946046829224]}