{"tonal_atonal": [0.9500126838684082, 0.0514148510992527], "danceability": [0.8937203288078308, 0.10697834193706512], "voice_instrumental": [0.306360125541687, 0.6888827681541443], "gender": [0.4973471164703369, 0.48473456501960754]}