{"danceability": [0.9072914719581604, 0.09123917669057846], "gender": [0.21722061932086945, 0.7778710722923279], "tonal_atonal": [0.884833037853241, 0.11584845930337906], "voice_instrumental": [0.001711257267743349, 0.998377799987793]}