{"danceability": [0.10078754276037216, 0.8995819091796875], "gender": [0.34257933497428894, 0.640843391418457], "tonal_atonal": [0.2598855793476105, 0.7472061514854431], "voice_instrumental": [0.13183453679084778, 0.8691912889480591]}