{"danceability": [0.6775584816932678, 0.323124498128891], "gender": [0.1637790948152542, 0.8276787996292114], "tonal_atonal": [0.878868043422699, 0.11601775139570236], "voice_instrumental": [0.14226782321929932, 0.8558385968208313]}