{"danceability": [0.1569460928440094, 0.8285061717033386], "gender": [0.6598622798919678, 0.32911983132362366], "tonal_atonal": [0.8930104374885559, 0.09754423052072525], "voice_instrumental": [0.8862888216972351, 0.10091885179281235]}