{"danceability": [0.29656028747558594, 0.6952184438705444], "gender": [0.8330732583999634, 0.16960187256336212], "tonal_atonal": [0.8854396343231201, 0.11042800545692444], "voice_instrumental": [0.8845822811126709, 0.11066318303346634]}