{"danceability": [0.31494683027267456, 0.6963363885879517], "gender": [0.48351868987083435, 0.5268877744674683], "tonal_atonal": [0.24600084125995636, 0.7514530420303345], "voice_instrumental": [0.6071748733520508, 0.39561548829078674]}