{"danceability": [0.3020729422569275, 0.6953955888748169], "gender": [0.6233905553817749, 0.36989420652389526], "tonal_atonal": [0.20009461045265198, 0.795050323009491], "voice_instrumental": [0.8001952767372131, 0.19794005155563354]}