{"danceability": [0.7595539689064026, 0.23696288466453552], "gender": [0.7673711180686951, 0.2189156860113144], "tonal_atonal": [0.830058753490448, 0.1628730595111847], "voice_instrumental": [0.800121545791626, 0.19081507623195648]}