{"danceability": [0.9537044763565063, 0.0452861487865448], "gender": [0.147407665848732, 0.849614679813385], "tonal_atonal": [0.9867656826972961, 0.01362671796232462], "voice_instrumental": [0.01151435449719429, 0.9881386756896973]}