{"tonal_atonal": [0.664472758769989, 0.34713420271873474], "danceability": [0.389540433883667, 0.6001414060592651], "voice_instrumental": [0.5359839797019958, 0.4581758677959442], "gender": [0.4354715645313263, 0.5259249806404114]}