{"danceability": [0.0840362012386322, 0.9078158736228943], "gender": [0.7583630084991455, 0.241752490401268], "tonal_atonal": [0.43753960728645325, 0.5586901903152466], "voice_instrumental": [0.7440938353538513, 0.25068724155426025]}