{"tonal_atonal": [0.15009300410747528, 0.851055383682251], "danceability": [0.06356983631849289, 0.9376020431518555], "voice_instrumental": [0.32877710461616516, 0.6698087453842163], "gender": [0.2245921641588211, 0.7554701566696167]}