{"tonal_atonal": [0.6942753791809082, 0.3148054778575897], "danceability": [0.13916467130184174, 0.8543981313705444], "voice_instrumental": [0.8639960885047913, 0.13313259184360504], "gender": [0.7650657296180725, 0.24168062210083008]}