{"danceability": [0.34283581376075745, 0.6600954532623291], "gender": [0.663794219493866, 0.3346702754497528], "tonal_atonal": [0.3919280171394348, 0.6095289587974548], "voice_instrumental": [0.7447220683097839, 0.2615516185760498]}