{"tonal_atonal": [0.8707255125045776, 0.1298554688692093], "danceability": [0.9507298469543457, 0.0500154085457325], "voice_instrumental": [0.468021422624588, 0.5194264054298401], "gender": [0.45949530601501465, 0.5323982238769531]}