{"tonal_atonal": [0.06939078122377396, 0.9355466365814209], "danceability": [0.2492707073688507, 0.7557718753814697], "voice_instrumental": [0.4281890392303467, 0.5783165693283081], "gender": [0.41895347833633423, 0.5993421077728271]}