{"danceability": [0.3343152403831482, 0.6509195566177368], "gender": [0.769168496131897, 0.2103053331375122], "tonal_atonal": [0.6981785297393799, 0.30678901076316833], "voice_instrumental": [0.7687438726425171, 0.2340373694896698]}