{"tonal_atonal": [0.9947609901428223, 0.005548916291445494], "danceability": [0.6606361269950867, 0.3359762728214264], "voice_instrumental": [0.7560437321662903, 0.24223250150680542], "gender": [0.47325125336647034, 0.5133785009384155]}