{"danceability": [0.7727418541908264, 0.22414787113666534], "gender": [0.1786278486251831, 0.8044261336326599], "tonal_atonal": [0.5235106348991394, 0.47093185782432556], "voice_instrumental": [0.04888393357396126, 0.9521967172622681]}