{"danceability": [0.020566577091813087, 0.9774827361106873], "gender": [0.7405514717102051, 0.2247249335050583], "tonal_atonal": [0.1114581897854805, 0.89049232006073], "voice_instrumental": [0.9651695489883423, 0.038536157459020615]}