{"danceability": [0.9625911712646484, 0.03759555518627167], "gender": [0.43361565470695496, 0.5353922247886658], "tonal_atonal": [0.9880383014678955, 0.012266197241842747], "voice_instrumental": [0.6249135136604309, 0.3730577528476715]}