{"tonal_atonal": [0.9022302031517029, 0.0973261371254921], "danceability": [0.9952737092971802, 0.004920043982565403], "voice_instrumental": [0.43614307045936584, 0.5692540407180786], "gender": [0.5347935557365417, 0.44371482729911804]}