{"tonal_atonal": [0.540315568447113, 0.45701220631599426], "danceability": [0.23180563747882843, 0.7620982527732849], "voice_instrumental": [0.7565710544586182, 0.23146779835224152], "gender": [0.6836552619934082, 0.33563026785850525]}