{"tonal_atonal": [0.976668119430542, 0.022864922881126404], "danceability": [0.9644915461540222, 0.03448450192809105], "voice_instrumental": [0.007532560732215643, 0.9923350214958191], "gender": [0.3248140215873718, 0.6673353910446167]}