{"tonal_atonal": [0.28657737374305725, 0.7063731551170349], "danceability": [0.14453770220279694, 0.8455352187156677], "voice_instrumental": [0.8356117606163025, 0.15820744633674622], "gender": [0.7259379029273987, 0.27133703231811523]}