{"danceability": [0.04442324861884117, 0.9495960474014282], "gender": [0.4046590030193329, 0.5901393294334412], "tonal_atonal": [0.43642598390579224, 0.5655465722084045], "voice_instrumental": [0.941825270652771, 0.05625585466623306]}