{"tonal_atonal": [0.7213752269744873, 0.27362653613090515], "danceability": [0.1255093663930893, 0.8659185767173767], "voice_instrumental": [0.8761230707168579, 0.11728157103061676], "gender": [0.6681378483772278, 0.34302258491516113]}