{"tonal_atonal": [0.10001733154058456, 0.9091563820838928], "danceability": [0.25024619698524475, 0.75168377161026], "voice_instrumental": [0.2879542112350464, 0.7043527960777283], "gender": [0.22560234367847443, 0.7625863552093506]}