{"tonal_atonal": [0.9856163263320923, 0.01414342038333416], "danceability": [0.9932810664176941, 0.006519462913274765], "voice_instrumental": [0.4491397738456726, 0.5331405401229858], "gender": [0.4251279830932617, 0.5394275784492493]}