{"danceability": [0.3436184525489807, 0.665702760219574], "gender": [0.5641212463378906, 0.4421883523464203], "tonal_atonal": [0.23980256915092468, 0.7707610726356506], "voice_instrumental": [0.4994019567966461, 0.498221218585968]}