{"tonal_atonal": [0.9583180546760559, 0.043410614132881165], "danceability": [0.8994225263595581, 0.08717869967222214], "voice_instrumental": [0.5174078345298767, 0.4784446954727173], "gender": [0.5743560194969177, 0.4207109808921814]}