{"danceability": [0.5519129633903503, 0.47496992349624634], "gender": [0.39723116159439087, 0.624995768070221], "tonal_atonal": [0.9241561889648438, 0.06593168526887894], "voice_instrumental": [0.7853074669837952, 0.20185674726963043]}