{"tonal_atonal": [0.5204536318778992, 0.4909767210483551], "danceability": [0.814919114112854, 0.18733404576778412], "voice_instrumental": [0.7737565040588379, 0.21577531099319458], "gender": [0.7065092325210571, 0.3041851222515106]}