{"tonal_atonal": [0.45704588294029236, 0.5484468340873718], "danceability": [0.9465409517288208, 0.04998860880732536], "voice_instrumental": [0.007945859804749489, 0.9911009669303894], "gender": [0.34526705741882324, 0.6739645600318909]}