{"tonal_atonal": [0.5459179878234863, 0.48858699202537537], "danceability": [0.973538875579834, 0.024811141192913055], "voice_instrumental": [0.4216955602169037, 0.5732160806655884], "gender": [0.5644334554672241, 0.4467918276786804]}