{"danceability": [0.8915153741836548, 0.10425019264221191], "gender": [0.6971855759620667, 0.2857884168624878], "tonal_atonal": [0.8548755049705505, 0.14408814907073975], "voice_instrumental": [0.8224052786827087, 0.17596469819545746]}