{"tonal_atonal": [0.7621749043464661, 0.23815780878067017], "danceability": [0.5295578241348267, 0.4683551788330078], "voice_instrumental": [0.7696428298950195, 0.22448202967643738], "gender": [0.7709655165672302, 0.24590784311294556]}