{"danceability": [0.8041011095046997, 0.19676905870437622], "gender": [0.6675804853439331, 0.33503785729408264], "tonal_atonal": [0.5226686596870422, 0.5040532350540161], "voice_instrumental": [0.08464806526899338, 0.9160339832305908]}