{"tonal_atonal": [0.9469638466835022, 0.05349467694759369], "danceability": [0.9191122055053711, 0.0792403593659401], "voice_instrumental": [0.0689089372754097, 0.9327295422554016], "gender": [0.22287501394748688, 0.7676500082015991]}