{"danceability": [0.28378862142562866, 0.7039782404899597], "gender": [0.5488958954811096, 0.4370761513710022], "tonal_atonal": [0.4070819616317749, 0.5870590806007385], "voice_instrumental": [0.8547602295875549, 0.14039656519889832]}