{"tonal_atonal": [0.12749750912189484, 0.8775925636291504], "danceability": [0.1498076170682907, 0.8477078080177307], "voice_instrumental": [0.2740984857082367, 0.7245938777923584], "gender": [0.3888351321220398, 0.5832914710044861]}