{"danceability": [0.23337151110172272, 0.7574741840362549], "gender": [0.18619436025619507, 0.7923903465270996], "tonal_atonal": [0.9706900119781494, 0.029254276305437088], "voice_instrumental": [0.19707801938056946, 0.8126062750816345]}