{"tonal_atonal": [0.8485511541366577, 0.15599209070205688], "danceability": [0.9382935166358948, 0.05861615389585495], "voice_instrumental": [0.38730984926223755, 0.6123519539833069], "gender": [0.4709109365940094, 0.5013254880905151]}