{"danceability": [0.13477875292301178, 0.8642391562461853], "gender": [0.453410804271698, 0.5195605158805847], "tonal_atonal": [0.38367536664009094, 0.6286263465881348], "voice_instrumental": [0.10505326092243195, 0.8957947492599487]}