{"danceability": [0.8519458174705505, 0.1476166546344757], "gender": [0.5371875762939453, 0.45211005210876465], "tonal_atonal": [0.8714574575424194, 0.1370602250099182], "voice_instrumental": [0.6607725024223328, 0.32777923345565796]}