{"tonal_atonal": [0.7628254294395447, 0.23285000026226044], "danceability": [0.6021835803985596, 0.34645771980285645], "voice_instrumental": [0.30596399307250977, 0.7139346599578857], "gender": [0.41452232003211975, 0.6248155236244202]}