{"danceability": [0.17503751814365387, 0.8169978857040405], "gender": [0.6093083024024963, 0.392743319272995], "tonal_atonal": [0.881497859954834, 0.12475796788930893], "voice_instrumental": [0.6985856890678406, 0.30181068181991577]}