{"tonal_atonal": [0.8330942392349243, 0.1591002196073532], "danceability": [0.33256396651268005, 0.6916240453720093], "voice_instrumental": [0.4801752269268036, 0.5145663022994995], "gender": [0.43692317605018616, 0.5542997121810913]}