{"tonal_atonal": [0.6452361345291138, 0.3525985777378082], "danceability": [0.2138383984565735, 0.7770271897315979], "voice_instrumental": [0.7271881103515625, 0.2596152722835541], "gender": [0.5491973161697388, 0.4315381348133087]}