{"danceability": [0.13490132987499237, 0.8663374185562134], "gender": [0.21354365348815918, 0.7685445547103882], "tonal_atonal": [0.17445139586925507, 0.8436204791069031], "voice_instrumental": [0.11621063947677612, 0.8849242925643921]}