{"danceability": [0.03948597609996796, 0.9512912034988403], "gender": [0.8062763810157776, 0.15166187286376953], "tonal_atonal": [0.09885187447071075, 0.8933681845664978], "voice_instrumental": [0.9690537452697754, 0.038881562650203705]}