{"tonal_atonal": [0.826945424079895, 0.17664159834384918], "danceability": [0.8904132843017578, 0.11165393888950348], "voice_instrumental": [0.6709320545196533, 0.3137553036212921], "gender": [0.6605645418167114, 0.323775976896286]}