{"tonal_atonal": [0.26578977704048157, 0.7236573100090027], "danceability": [0.1118420958518982, 0.8794226050376892], "voice_instrumental": [0.9141562581062317, 0.07801758497953415], "gender": [0.7009299397468567, 0.30156996846199036]}