{"tonal_atonal": [0.7926545739173889, 0.21072471141815186], "danceability": [0.46316227316856384, 0.5366665124893188], "voice_instrumental": [0.5019363164901733, 0.5000393986701965], "gender": [0.32537639141082764, 0.6501336097717285]}