{"tonal_atonal": [0.06813651323318481, 0.9380590915679932], "danceability": [0.03726062923669815, 0.9608290195465088], "voice_instrumental": [0.46087151765823364, 0.5460211038589478], "gender": [0.36252886056900024, 0.6255135536193848]}