{"danceability": [0.09018395841121674, 0.9098418951034546], "gender": [0.18395644426345825, 0.8050769567489624], "tonal_atonal": [0.24340710043907166, 0.76137775182724], "voice_instrumental": [0.34389784932136536, 0.6574618220329285]}