{"danceability": [0.38905972242355347, 0.5890097618103027], "gender": [0.8178536295890808, 0.1715840995311737], "tonal_atonal": [0.7751321792602539, 0.21266058087348938], "voice_instrumental": [0.8207312822341919, 0.1704285740852356]}