{"tonal_atonal": [0.6450921297073364, 0.3610910177230835], "danceability": [0.1624280959367752, 0.8199518322944641], "voice_instrumental": [0.5504153966903687, 0.4393376111984253], "gender": [0.7564290165901184, 0.23554164171218872]}