{"danceability": [0.9703745245933533, 0.029490794986486435], "gender": [0.7089235782623291, 0.29445135593414307], "tonal_atonal": [0.7958531379699707, 0.20429237186908722], "voice_instrumental": [0.6045096516609192, 0.39105722308158875]}