{"danceability": [0.08891640603542328, 0.9031547904014587], "gender": [0.3939186632633209, 0.595727801322937], "tonal_atonal": [0.5584498047828674, 0.4602753520011902], "voice_instrumental": [0.38025471568107605, 0.6239563822746277]}