{"danceability": [0.3386765420436859, 0.6745632886886597], "gender": [0.4086124897003174, 0.5991025567054749], "tonal_atonal": [0.5192897319793701, 0.4954944849014282], "voice_instrumental": [0.9282680153846741, 0.07565326988697052]}