{"tonal_atonal": [0.6985681653022766, 0.2999289929866791], "danceability": [0.3308413326740265, 0.6756829619407654], "voice_instrumental": [0.4345051348209381, 0.5689365267753601], "gender": [0.44514718651771545, 0.5255109667778015]}