{"tonal_atonal": [0.6112801432609558, 0.37191277742385864], "danceability": [0.5950205326080322, 0.401080459356308], "voice_instrumental": [0.8557739853858948, 0.139502614736557], "gender": [0.8709529638290405, 0.13358274102210999]}