{"danceability": [0.4664897322654724, 0.53919917345047], "gender": [0.6153098940849304, 0.38618525862693787], "tonal_atonal": [0.2809179723262787, 0.7172773480415344], "voice_instrumental": [0.7358963489532471, 0.26161015033721924]}