{"danceability": [0.920158326625824, 0.08107008039951324], "gender": [0.5907742381095886, 0.41511672735214233], "tonal_atonal": [0.825771689414978, 0.18134057521820068], "voice_instrumental": [0.7204696536064148, 0.2690861225128174]}