{"danceability": [0.6680858135223389, 0.3284774422645569], "gender": [0.27158692479133606, 0.7251124382019043], "tonal_atonal": [0.2639712393283844, 0.7337383031845093], "voice_instrumental": [0.5896787643432617, 0.40743687748908997]}