{"danceability": [0.06787854433059692, 0.9182412028312683], "gender": [0.5640390515327454, 0.46575406193733215], "tonal_atonal": [0.9888064861297607, 0.010908289812505245], "voice_instrumental": [0.957916259765625, 0.036826033145189285]}