{"tonal_atonal": [0.9510934352874756, 0.04833769053220749], "danceability": [0.7304198145866394, 0.27437442541122437], "voice_instrumental": [0.2856289744377136, 0.7029040455818176], "gender": [0.28063228726387024, 0.7091869711875916]}