{"danceability": [0.2052036076784134, 0.7844597101211548], "gender": [0.857080340385437, 0.1376110464334488], "tonal_atonal": [0.5930534601211548, 0.37730011343955994], "voice_instrumental": [0.8531821370124817, 0.14744366705417633]}