{"tonal_atonal": [0.9865720868110657, 0.01316200289875269], "danceability": [0.9574550986289978, 0.04074513912200928], "voice_instrumental": [0.02232135832309723, 0.9775574207305908], "gender": [0.10423845797777176, 0.8832719922065735]}