{"danceability": [0.039304785430431366, 0.9582171440124512], "gender": [0.7225496768951416, 0.23281298577785492], "tonal_atonal": [0.15253455936908722, 0.8478416204452515], "voice_instrumental": [0.9021252989768982, 0.09976315498352051]}