{"danceability": [0.10147365182638168, 0.8797324299812317], "gender": [0.6299393177032471, 0.40539607405662537], "tonal_atonal": [0.9441397786140442, 0.06427671760320663], "voice_instrumental": [0.8867338299751282, 0.10829849541187286]}