{"tonal_atonal": [0.9618263244628906, 0.041310206055641174], "danceability": [0.21067307889461517, 0.7896976470947266], "voice_instrumental": [0.8359280228614807, 0.1633640080690384], "gender": [0.4516482651233673, 0.5341464281082153]}