{"tonal_atonal": [0.17747177183628082, 0.824828565120697], "danceability": [0.0328880250453949, 0.9656965136528015], "voice_instrumental": [0.30244743824005127, 0.7003759145736694], "gender": [0.2578667998313904, 0.7138909101486206]}