{"tonal_atonal": [0.31464529037475586, 0.6896281838417053], "danceability": [0.30547553300857544, 0.6993473768234253], "voice_instrumental": [0.7090141177177429, 0.2910882234573364], "gender": [0.7343519926071167, 0.25797194242477417]}