{"danceability": [0.9706028699874878, 0.02919352427124977], "gender": [0.5632871389389038, 0.42625951766967773], "tonal_atonal": [0.9278683066368103, 0.07741810381412506], "voice_instrumental": [0.34658437967300415, 0.6380494236946106]}