{"danceability": [0.0835719034075737, 0.9010556936264038], "gender": [0.77215576171875, 0.22099146246910095], "tonal_atonal": [0.535485565662384, 0.45665547251701355], "voice_instrumental": [0.8769240379333496, 0.11780339479446411]}