{"danceability": [0.4154394567012787, 0.5883979201316833], "gender": [0.23669983446598053, 0.746662437915802], "tonal_atonal": [0.1588355153799057, 0.8364869952201843], "voice_instrumental": [0.19445215165615082, 0.8074337840080261]}