{"danceability": [0.49017199873924255, 0.5177106261253357], "gender": [0.3050605356693268, 0.6877793073654175], "tonal_atonal": [0.7379201054573059, 0.25109341740608215], "voice_instrumental": [0.10185275226831436, 0.8973391056060791]}