{"danceability": [0.05543404817581177, 0.9440924525260925], "gender": [0.2891786992549896, 0.6909880042076111], "tonal_atonal": [0.05195207893848419, 0.9473702907562256], "voice_instrumental": [0.6335600018501282, 0.37002456188201904]}