{"danceability": [0.10903722792863846, 0.8806631565093994], "gender": [0.6800212264060974, 0.3138303756713867], "tonal_atonal": [0.13700005412101746, 0.864673376083374], "voice_instrumental": [0.9109902381896973, 0.0849686786532402]}