{"tonal_atonal": [0.5912609100341797, 0.408136248588562], "danceability": [0.4465700387954712, 0.5646616816520691], "voice_instrumental": [0.4296635687351227, 0.5709710121154785], "gender": [0.43137067556381226, 0.5777013301849365]}