{"danceability": [0.15167918801307678, 0.8442559242248535], "gender": [0.43817338347435, 0.5354580283164978], "tonal_atonal": [0.7350419759750366, 0.2822355329990387], "voice_instrumental": [0.8027396202087402, 0.17861847579479218]}