{"tonal_atonal": [0.9807854890823364, 0.021177558228373528], "danceability": [0.9970821738243103, 0.002754781860858202], "voice_instrumental": [0.1595591902732849, 0.8447383642196655], "gender": [0.4521535336971283, 0.5312758684158325]}