{"tonal_atonal": [0.8384479284286499, 0.1609673947095871], "danceability": [0.9649253487586975, 0.035910990089178085], "voice_instrumental": [0.685914933681488, 0.30580416321754456], "gender": [0.7100008130073547, 0.2804982364177704]}