{"tonal_atonal": [0.8803733587265015, 0.11778692901134491], "danceability": [0.9840431213378906, 0.016331739723682404], "voice_instrumental": [0.6013996601104736, 0.3853038251399994], "gender": [0.6142963767051697, 0.36527836322784424]}