{"danceability": [0.7555904984474182, 0.2328633964061737], "gender": [0.7245153188705444, 0.2799302935600281], "tonal_atonal": [0.4798460006713867, 0.5321992635726929], "voice_instrumental": [0.7878294587135315, 0.21048101782798767]}