{"tonal_atonal": [0.5632901191711426, 0.4519801437854767], "danceability": [0.7807585597038269, 0.2217862457036972], "voice_instrumental": [0.5757362246513367, 0.42484745383262634], "gender": [0.6739274263381958, 0.31895655393600464]}