{"danceability": [0.025965075939893723, 0.9730414748191833], "gender": [0.40847405791282654, 0.6023149490356445], "tonal_atonal": [0.250058650970459, 0.7450498342514038], "voice_instrumental": [0.6633433699607849, 0.33726966381073]}