{"tonal_atonal": [0.040536072105169296, 0.9623495936393738], "danceability": [0.13623911142349243, 0.8605707883834839], "voice_instrumental": [0.7019219398498535, 0.2935599386692047], "gender": [0.2919314503669739, 0.7050220966339111]}