{"danceability": [0.046745333820581436, 0.9511159658432007], "gender": [0.6953403353691101, 0.29253530502319336], "tonal_atonal": [0.09873956441879272, 0.9039819240570068], "voice_instrumental": [0.8927803635597229, 0.10420945286750793]}