{"tonal_atonal": [0.9198598861694336, 0.07506871968507767], "danceability": [0.44566723704338074, 0.5058086514472961], "voice_instrumental": [0.8962594866752625, 0.08563174307346344], "gender": [0.2948451042175293, 0.5809086561203003]}