{"danceability": [0.6650589108467102, 0.34432992339134216], "gender": [0.6221769452095032, 0.365363210439682], "tonal_atonal": [0.8892759084701538, 0.1078527495265007], "voice_instrumental": [0.8556898832321167, 0.14390158653259277]}