{"tonal_atonal": [0.6571485996246338, 0.3454456329345703], "danceability": [0.713992714881897, 0.28171589970588684], "voice_instrumental": [0.7512860298156738, 0.2396935522556305], "gender": [0.6884294152259827, 0.3229990601539612]}