{"tonal_atonal": [0.7651704549789429, 0.23131577670574188], "danceability": [0.22609546780586243, 0.7618422508239746], "voice_instrumental": [0.8558362126350403, 0.14427432417869568], "gender": [0.7203870415687561, 0.282079815864563]}