{"tonal_atonal": [0.36221086978912354, 0.6249743700027466], "danceability": [0.38077443838119507, 0.6072536110877991], "voice_instrumental": [0.8642013669013977, 0.13552284240722656], "gender": [0.6916741132736206, 0.2742255628108978]}