{"tonal_atonal": [0.9505981206893921, 0.05308319255709648], "danceability": [0.53783118724823, 0.46117785573005676], "voice_instrumental": [0.5828652381896973, 0.41033023595809937], "gender": [0.6023575663566589, 0.3894278109073639]}