{"danceability": [0.37846922874450684, 0.6092848181724548], "gender": [0.1347595602273941, 0.8511196374893188], "tonal_atonal": [0.9606053829193115, 0.039037808775901794], "voice_instrumental": [0.098233163356781, 0.9022489786148071]}