{"danceability": [0.2904319167137146, 0.7353785037994385], "gender": [0.5594857931137085, 0.4772217571735382], "tonal_atonal": [0.9959647059440613, 0.003064262680709362], "voice_instrumental": [0.9011872410774231, 0.09302311390638351]}