{"danceability": [0.29430773854255676, 0.7086955904960632], "gender": [0.34021517634391785, 0.6425195336341858], "tonal_atonal": [0.48543715476989746, 0.5289566516876221], "voice_instrumental": [0.25257405638694763, 0.7510210871696472]}