{"tonal_atonal": [0.9719247817993164, 0.025626642629504204], "danceability": [0.9932396411895752, 0.006676992401480675], "voice_instrumental": [0.5198574662208557, 0.48962435126304626], "gender": [0.4179779887199402, 0.556066632270813]}