{"danceability": [0.431618332862854, 0.583682119846344], "gender": [0.44025832414627075, 0.546455979347229], "tonal_atonal": [0.8910719156265259, 0.10777939856052399], "voice_instrumental": [0.2844300866127014, 0.7157076597213745]}