{"tonal_atonal": [0.4020211398601532, 0.6126564741134644], "danceability": [0.04681168124079704, 0.9523863196372986], "voice_instrumental": [0.07834913581609726, 0.9227611422538757], "gender": [0.505043625831604, 0.4786258339881897]}