{"tonal_atonal": [0.9847070574760437, 0.01643226109445095], "danceability": [0.22815680503845215, 0.7702595591545105], "voice_instrumental": [0.5533273816108704, 0.43640467524528503], "gender": [0.5010803937911987, 0.488920658826828]}