{"tonal_atonal": [0.9024134874343872, 0.10679318755865097], "danceability": [0.9908231496810913, 0.009088097140192986], "voice_instrumental": [0.4314044713973999, 0.5602700710296631], "gender": [0.6516155004501343, 0.3477241098880768]}