{"danceability": [0.9101276993751526, 0.08969782292842865], "gender": [0.5023033022880554, 0.4745122492313385], "tonal_atonal": [0.912125825881958, 0.093993179500103], "voice_instrumental": [0.3802228271961212, 0.60906583070755]}