{"tonal_atonal": [0.8988232612609863, 0.11035789549350739], "danceability": [0.16329115629196167, 0.8319758176803589], "voice_instrumental": [0.5287572741508484, 0.4681929051876068], "gender": [0.6886206865310669, 0.325818806886673]}