{"tonal_atonal": [0.6816801428794861, 0.31140923500061035], "danceability": [0.12820406258106232, 0.8539256453514099], "voice_instrumental": [0.6821854114532471, 0.32844963669776917], "gender": [0.17140966653823853, 0.8254172205924988]}