{"tonal_atonal": [0.834432065486908, 0.1349027305841446], "danceability": [0.6339814066886902, 0.36800146102905273], "voice_instrumental": [0.9152675271034241, 0.07969274371862411], "gender": [0.8813990354537964, 0.11608509719371796]}