{"danceability": [0.36699408292770386, 0.6229541301727295], "gender": [0.5417046546936035, 0.5050771236419678], "tonal_atonal": [0.9863792061805725, 0.013912303373217583], "voice_instrumental": [0.8246505856513977, 0.18698124587535858]}