{"danceability": [0.8180839419364929, 0.18279290199279785], "gender": [0.4319935142993927, 0.5485374331474304], "tonal_atonal": [0.9228928089141846, 0.07840694487094879], "voice_instrumental": [0.45049241185188293, 0.5490564107894897]}