{"danceability": [0.8206818699836731, 0.17671315371990204], "gender": [0.48355841636657715, 0.5012848377227783], "tonal_atonal": [0.8837474584579468, 0.11705166101455688], "voice_instrumental": [0.5843656659126282, 0.4042224586009979]}