{"danceability": [0.08509108424186707, 0.9144183397293091], "gender": [0.2581104040145874, 0.7522103190422058], "tonal_atonal": [0.41733020544052124, 0.5684506297111511], "voice_instrumental": [0.7735682129859924, 0.2252458781003952]}