{"danceability": [0.35607752203941345, 0.6347092390060425], "gender": [0.7984709739685059, 0.20808455348014832], "tonal_atonal": [0.5147706866264343, 0.49108219146728516], "voice_instrumental": [0.7403722405433655, 0.2650608420372009]}