{"tonal_atonal": [0.6090092658996582, 0.3894263207912445], "danceability": [0.2816093862056732, 0.7203759551048279], "voice_instrumental": [0.44906648993492126, 0.5570418238639832], "gender": [0.5381410121917725, 0.44298309087753296]}