{"danceability": [0.10527274757623672, 0.8831627368927002], "gender": [0.6572752594947815, 0.3357424736022949], "tonal_atonal": [0.3484201431274414, 0.6530941128730774], "voice_instrumental": [0.8623581528663635, 0.13129456341266632]}