{"danceability": [0.6727691292762756, 0.32075321674346924], "gender": [0.739740788936615, 0.25131523609161377], "tonal_atonal": [0.9405301809310913, 0.05326675623655319], "voice_instrumental": [0.8563467860221863, 0.1348821371793747]}