{"tonal_atonal": [0.5309745669364929, 0.46321767568588257], "danceability": [0.19433121383190155, 0.8118850588798523], "voice_instrumental": [0.8503347039222717, 0.15281634032726288], "gender": [0.3483715057373047, 0.6478165984153748]}