{"danceability": [0.5427418947219849, 0.4539450705051422], "gender": [0.530612051486969, 0.44688862562179565], "tonal_atonal": [0.6064669489860535, 0.39659497141838074], "voice_instrumental": [0.6986533999443054, 0.2950720191001892]}