{"danceability": [0.12373551726341248, 0.8757526874542236], "gender": [0.287978857755661, 0.6946942210197449], "tonal_atonal": [0.24855971336364746, 0.7574525475502014], "voice_instrumental": [0.28115856647491455, 0.7176897525787354]}