{"danceability": [0.02993081696331501, 0.9682209491729736], "gender": [0.7751113176345825, 0.1920107901096344], "tonal_atonal": [0.3084290325641632, 0.6856012940406799], "voice_instrumental": [0.9313821792602539, 0.07103877514600754]}