{"danceability": [0.36964309215545654, 0.6341280937194824], "gender": [0.12799997627735138, 0.8628860116004944], "tonal_atonal": [0.9772612452507019, 0.02042510360479355], "voice_instrumental": [0.1620817631483078, 0.8377216458320618]}