{"tonal_atonal": [0.15504926443099976, 0.8608749508857727], "danceability": [0.24229708313941956, 0.7629179358482361], "voice_instrumental": [0.7651224732398987, 0.24269135296344757], "gender": [0.7334191799163818, 0.2676377296447754]}