{"tonal_atonal": [0.9921478033065796, 0.00943514984101057], "danceability": [0.9972798824310303, 0.0028196414932608604], "voice_instrumental": [0.31602951884269714, 0.6674301624298096], "gender": [0.5309076309204102, 0.43441176414489746]}