{"danceability": [0.0927419364452362, 0.8962616324424744], "gender": [0.7560204267501831, 0.25334081053733826], "tonal_atonal": [0.1253289431333542, 0.8698952794075012], "voice_instrumental": [0.7532848119735718, 0.24480386078357697]}