{"danceability": [0.7149897217750549, 0.2902289927005768], "gender": [0.7246370911598206, 0.29022789001464844], "tonal_atonal": [0.9360875487327576, 0.06367787718772888], "voice_instrumental": [0.8506463766098022, 0.16533471643924713]}