{"danceability": [0.29678964614868164, 0.7007678747177124], "gender": [0.3513757288455963, 0.6190594434738159], "tonal_atonal": [0.2017313539981842, 0.8043137192726135], "voice_instrumental": [0.0918983519077301, 0.9086151123046875]}