{"danceability": [0.4416707158088684, 0.5465831160545349], "gender": [0.7237828969955444, 0.26917141675949097], "tonal_atonal": [0.6641710996627808, 0.3263716995716095], "voice_instrumental": [0.8578830361366272, 0.14227640628814697]}