{"danceability": [0.9817616939544678, 0.01634046621620655], "gender": [0.2835977077484131, 0.6988396644592285], "tonal_atonal": [0.8580159544944763, 0.14525863528251648], "voice_instrumental": [0.005856162402778864, 0.9944339990615845]}