{"danceability": [0.302219420671463, 0.714331328868866], "gender": [0.5543836951255798, 0.4601878523826599], "tonal_atonal": [0.4512627422809601, 0.542770504951477], "voice_instrumental": [0.8771127462387085, 0.12144285440444946]}