{"danceability": [0.8287791013717651, 0.1707325130701065], "gender": [0.5754552483558655, 0.40833014249801636], "tonal_atonal": [0.837885320186615, 0.17464375495910645], "voice_instrumental": [0.16005070507526398, 0.8369722366333008]}