{"danceability": [0.07712803781032562, 0.9098189473152161], "gender": [0.7378856539726257, 0.22520817816257477], "tonal_atonal": [0.23473723232746124, 0.751720130443573], "voice_instrumental": [0.923815131187439, 0.08058158308267593]}