{"danceability": [0.9225194454193115, 0.0776023119688034], "gender": [0.49111196398735046, 0.4983803331851959], "tonal_atonal": [0.8211684226989746, 0.1968446671962738], "voice_instrumental": [0.6081275343894958, 0.3782315254211426]}