{"danceability": [0.946769118309021, 0.052646566182374954], "gender": [0.4301076829433441, 0.5429701209068298], "tonal_atonal": [0.6829598546028137, 0.32195043563842773], "voice_instrumental": [0.5271726846694946, 0.4690103530883789]}