{"tonal_atonal": [0.1656848043203354, 0.846993625164032], "danceability": [0.04464511573314667, 0.9544035196304321], "voice_instrumental": [0.3942178785800934, 0.6066141724586487], "gender": [0.4849557876586914, 0.4920521080493927]}