{"tonal_atonal": [0.7721675634384155, 0.23306523263454437], "danceability": [0.9613018035888672, 0.03802860155701637], "voice_instrumental": [0.6096282005310059, 0.3733862340450287], "gender": [0.5378769040107727, 0.45594605803489685]}