{"danceability": [0.9400806427001953, 0.06003192067146301], "gender": [0.670345664024353, 0.3179509937763214], "tonal_atonal": [0.9471553564071655, 0.05408347770571709], "voice_instrumental": [0.6392080783843994, 0.3515726625919342]}