{"danceability": [0.9994158744812012, 0.0005423343973234296], "gender": [0.5295022130012512, 0.44856932759284973], "tonal_atonal": [0.9802023768424988, 0.01943211629986763], "voice_instrumental": [0.4730963408946991, 0.5315278172492981]}