{"tonal_atonal": [0.36279988288879395, 0.6340146064758301], "danceability": [0.051983997225761414, 0.9448683857917786], "voice_instrumental": [0.5991380214691162, 0.41421470046043396], "gender": [0.43481484055519104, 0.5604122877120972]}