{"danceability": [0.9211884140968323, 0.08061163127422333], "gender": [0.6287997364997864, 0.32807332277297974], "tonal_atonal": [0.8545466065406799, 0.14012740552425385], "voice_instrumental": [0.8816587328910828, 0.11781030148267746]}