{"tonal_atonal": [0.45070385932922363, 0.5491709113121033], "danceability": [0.327355295419693, 0.6683591604232788], "voice_instrumental": [0.8526655435562134, 0.14222584664821625], "gender": [0.5300993323326111, 0.4795851707458496]}