{"danceability": [0.4999973773956299, 0.5036545395851135], "gender": [0.38252750039100647, 0.6086844801902771], "tonal_atonal": [0.2940703332424164, 0.7337626218795776], "voice_instrumental": [0.44153016805648804, 0.5560541152954102]}