{"tonal_atonal": [0.9886258840560913, 0.01151726022362709], "danceability": [0.8492310643196106, 0.15201902389526367], "voice_instrumental": [0.7139201760292053, 0.29131895303726196], "gender": [0.5083889961242676, 0.49833595752716064]}