{"danceability": [0.6473416090011597, 0.35598060488700867], "gender": [0.48167237639427185, 0.5288839936256409], "tonal_atonal": [0.4896880090236664, 0.5123478174209595], "voice_instrumental": [0.7005710005760193, 0.29415449500083923]}