{"tonal_atonal": [0.29302188754081726, 0.6979237794876099], "danceability": [0.0760008916258812, 0.9092671871185303], "voice_instrumental": [0.8420052528381348, 0.15010757744312286], "gender": [0.7508099675178528, 0.23248018324375153]}