{"danceability": [0.7635754942893982, 0.24053186178207397], "gender": [0.42546600103378296, 0.5664689540863037], "tonal_atonal": [0.6481969356536865, 0.3643423616886139], "voice_instrumental": [0.3297121822834015, 0.6706328988075256]}