{"tonal_atonal": [0.20559079945087433, 0.8079269528388977], "danceability": [0.266912579536438, 0.7402726411819458], "voice_instrumental": [0.25297218561172485, 0.7460988759994507], "gender": [0.38850608468055725, 0.5990568995475769]}