{"danceability": [0.9356095194816589, 0.06534648686647415], "gender": [0.5293906927108765, 0.4606020450592041], "tonal_atonal": [0.9571501016616821, 0.04699594900012016], "voice_instrumental": [0.1893538236618042, 0.8123619556427002]}