{"danceability": [0.10770970582962036, 0.8799176812171936], "gender": [0.7135438919067383, 0.28441861271858215], "tonal_atonal": [0.6839853525161743, 0.32072028517723083], "voice_instrumental": [0.7674591541290283, 0.22531870007514954]}