{"danceability": [0.6801829934120178, 0.321689635515213], "gender": [0.3431376516819, 0.6419787406921387], "tonal_atonal": [0.8426337242126465, 0.15809164941310883], "voice_instrumental": [0.3877418339252472, 0.6111353635787964]}