{"tonal_atonal": [0.8635971546173096, 0.15464869141578674], "danceability": [0.9930264353752136, 0.006381209008395672], "voice_instrumental": [0.45603424310684204, 0.5334239602088928], "gender": [0.6682227849960327, 0.32624325156211853]}