{"tonal_atonal": [0.25037896633148193, 0.7349703907966614], "danceability": [0.18869346380233765, 0.8030315637588501], "voice_instrumental": [0.9449612498283386, 0.05396950989961624], "gender": [0.6483169794082642, 0.3371022641658783]}