{"tonal_atonal": [0.08316220343112946, 0.9207846522331238], "danceability": [0.27854424715042114, 0.731369137763977], "voice_instrumental": [0.637843668460846, 0.37249886989593506], "gender": [0.5973929166793823, 0.39697495102882385]}