{"danceability": [0.6597477197647095, 0.3447241187095642], "gender": [0.5183451771736145, 0.4751233756542206], "tonal_atonal": [0.2978264093399048, 0.7149026393890381], "voice_instrumental": [0.7054820656776428, 0.2938203513622284]}