{"danceability": [0.5415015816688538, 0.42749038338661194], "gender": [0.18341737985610962, 0.7477604150772095], "tonal_atonal": [0.9034296870231628, 0.07683728635311127], "voice_instrumental": [0.917300283908844, 0.07978895306587219]}