{"tonal_atonal": [0.9155179858207703, 0.08469283580780029], "danceability": [0.5025354623794556, 0.520270586013794], "voice_instrumental": [0.8074870109558105, 0.1792985498905182], "gender": [0.8071177005767822, 0.20176993310451508]}