{"danceability": [0.9677168130874634, 0.031873613595962524], "gender": [0.5726858973503113, 0.4035407304763794], "tonal_atonal": [0.9089599847793579, 0.09346754103899002], "voice_instrumental": [0.6705266833305359, 0.32942572236061096]}