{"tonal_atonal": [0.9858901500701904, 0.013788719661533833], "danceability": [0.15028418600559235, 0.8614879846572876], "voice_instrumental": [0.7495667338371277, 0.2535286843776703], "gender": [0.38082364201545715, 0.6329782605171204]}