{"danceability": [0.33033546805381775, 0.6790294051170349], "gender": [0.6499915719032288, 0.3030872642993927], "tonal_atonal": [0.701582133769989, 0.26788899302482605], "voice_instrumental": [0.931974470615387, 0.06318986415863037]}