{"danceability": [0.35130786895751953, 0.639230489730835], "gender": [0.670829176902771, 0.38745859265327454], "tonal_atonal": [0.9995841383934021, 0.0004318825085647404], "voice_instrumental": [0.8666362166404724, 0.1353701800107956]}