{"tonal_atonal": [0.7397071123123169, 0.25695744156837463], "danceability": [0.8846132755279541, 0.11596787720918655], "voice_instrumental": [0.9193789958953857, 0.07612864673137665], "gender": [0.8133623600006104, 0.1688271164894104]}