{"danceability": [0.4965215027332306, 0.5163397789001465], "gender": [0.5544077157974243, 0.4726478159427643], "tonal_atonal": [0.7226024866104126, 0.28539636731147766], "voice_instrumental": [0.4591653347015381, 0.5395122170448303]}