{"tonal_atonal": [0.6379658579826355, 0.3640035390853882], "danceability": [0.8146603107452393, 0.19172583520412445], "voice_instrumental": [0.8320803642272949, 0.1607542783021927], "gender": [0.6096272468566895, 0.3810363709926605]}