{"danceability": [0.6028767228126526, 0.39255496859550476], "gender": [0.2909224033355713, 0.7012825012207031], "tonal_atonal": [0.3954901397228241, 0.5885534882545471], "voice_instrumental": [0.17088894546031952, 0.8272218704223633]}