{"danceability": [0.9920017719268799, 0.007368074730038643], "gender": [0.3660559356212616, 0.6191989183425903], "tonal_atonal": [0.9815366864204407, 0.01925560273230076], "voice_instrumental": [0.34005382657051086, 0.6555304527282715]}