{"danceability": [0.3212844133377075, 0.6728266477584839], "gender": [0.30016636848449707, 0.6887879371643066], "tonal_atonal": [0.5830743908882141, 0.41916316747665405], "voice_instrumental": [0.1784878522157669, 0.8244930505752563]}