{"danceability": [0.13507720828056335, 0.8670812249183655], "gender": [0.40650784969329834, 0.6033702492713928], "tonal_atonal": [0.3173852562904358, 0.6947614550590515], "voice_instrumental": [0.8405017852783203, 0.16014410555362701]}