{"danceability": [0.9381664991378784, 0.06248940899968147], "gender": [0.25890371203422546, 0.7374961972236633], "tonal_atonal": [0.9695538282394409, 0.03273040056228638], "voice_instrumental": [0.04184490814805031, 0.9588223099708557]}