{"tonal_atonal": [0.3983643651008606, 0.6080198287963867], "danceability": [0.13638991117477417, 0.8670610189437866], "voice_instrumental": [0.5121632218360901, 0.48217251896858215], "gender": [0.3730616569519043, 0.642316997051239]}