{"tonal_atonal": [0.5352521538734436, 0.45362594723701477], "danceability": [0.23137958347797394, 0.7745863795280457], "voice_instrumental": [0.5815931558609009, 0.42435482144355774], "gender": [0.23109641671180725, 0.7502851486206055]}