{"tonal_atonal": [0.13752862811088562, 0.8657870292663574], "danceability": [0.32274848222732544, 0.6810510754585266], "voice_instrumental": [0.46622318029403687, 0.5447936058044434], "gender": [0.5513756275177002, 0.45398133993148804]}