{"danceability": [0.9408210515975952, 0.059395864605903625], "gender": [0.4695775806903839, 0.5120912790298462], "tonal_atonal": [0.9695760011672974, 0.030743857845664024], "voice_instrumental": [0.6873946785926819, 0.2944805920124054]}