{"danceability": [0.9849526882171631, 0.015034807845950127], "gender": [0.539398729801178, 0.4360227584838867], "tonal_atonal": [0.9616900682449341, 0.036839116364717484], "voice_instrumental": [0.306120902299881, 0.6739414930343628]}