{"danceability": [0.15794937312602997, 0.8292464017868042], "gender": [0.7531144022941589, 0.22737804055213928], "tonal_atonal": [0.1507415920495987, 0.8369126319885254], "voice_instrumental": [0.836264967918396, 0.16926993429660797]}