{"tonal_atonal": [0.9699330925941467, 0.030786799266934395], "danceability": [0.35453397035598755, 0.6462870240211487], "voice_instrumental": [0.25100311636924744, 0.7418475151062012], "gender": [0.2874968945980072, 0.6882725954055786]}