{"tonal_atonal": [0.7959911227226257, 0.20556120574474335], "danceability": [0.13844788074493408, 0.8454068899154663], "voice_instrumental": [0.6460243463516235, 0.35881009697914124], "gender": [0.6074869632720947, 0.40185922384262085]}