{"danceability": [0.9538084864616394, 0.04326281324028969], "gender": [0.2703469693660736, 0.694098949432373], "tonal_atonal": [0.9189872741699219, 0.07066170126199722], "voice_instrumental": [0.6722872257232666, 0.3263961374759674]}