{"tonal_atonal": [0.44273456931114197, 0.5767264366149902], "danceability": [0.3136029541492462, 0.6832287311553955], "voice_instrumental": [0.282816618680954, 0.7202482223510742], "gender": [0.49922990798950195, 0.5077997446060181]}