{"tonal_atonal": [0.42909979820251465, 0.5726759433746338], "danceability": [0.6883847117424011, 0.3053557574748993], "voice_instrumental": [0.8098463416099548, 0.1922873705625534], "gender": [0.7920222878456116, 0.20332670211791992]}