{"tonal_atonal": [0.8872591853141785, 0.10999733209609985], "danceability": [0.2511824071407318, 0.7444301247596741], "voice_instrumental": [0.4606773853302002, 0.5384364724159241], "gender": [0.4761260747909546, 0.526398777961731]}