{"danceability": [0.6837773323059082, 0.3102833926677704], "gender": [0.5549177527427673, 0.4350736439228058], "tonal_atonal": [0.09099487960338593, 0.9136908054351807], "voice_instrumental": [0.6688917279243469, 0.3241212069988251]}