{"tonal_atonal": [0.710698127746582, 0.2963842749595642], "danceability": [0.9551666975021362, 0.04221009090542793], "voice_instrumental": [0.5530067682266235, 0.42691701650619507], "gender": [0.5279868841171265, 0.4645705223083496]}