{"danceability": [0.2720024883747101, 0.7107524275779724], "gender": [0.7822951078414917, 0.21385513246059418], "tonal_atonal": [0.7611509561538696, 0.23283272981643677], "voice_instrumental": [0.7516181468963623, 0.2434711903333664]}