{"tonal_atonal": [0.9191442131996155, 0.08546236902475357], "danceability": [0.6932845115661621, 0.3069997727870941], "voice_instrumental": [0.6883523464202881, 0.30322545766830444], "gender": [0.5319650173187256, 0.47318077087402344]}