{"tonal_atonal": [0.4841841757297516, 0.5223997831344604], "danceability": [0.4530925750732422, 0.5495486855506897], "voice_instrumental": [0.12594735622406006, 0.8751807808876038], "gender": [0.4202224016189575, 0.5588350892066956]}