{"danceability": [0.9748244285583496, 0.025049930438399315], "gender": [0.6872788071632385, 0.3249143958091736], "tonal_atonal": [0.8976896405220032, 0.1256764978170395], "voice_instrumental": [0.3592475652694702, 0.6478962302207947]}