{"danceability": [0.899971604347229, 0.09962441772222519], "gender": [0.38266053795814514, 0.5902624726295471], "tonal_atonal": [0.9370383024215698, 0.060645364224910736], "voice_instrumental": [0.48834532499313354, 0.49565839767456055]}