{"danceability": [0.763302743434906, 0.23174507915973663], "gender": [0.6466206312179565, 0.3446654975414276], "tonal_atonal": [0.8860282897949219, 0.11558866500854492], "voice_instrumental": [0.7662481665611267, 0.22625473141670227]}