{"tonal_atonal": [0.9809446930885315, 0.01792723871767521], "danceability": [0.245360866189003, 0.7455453872680664], "voice_instrumental": [0.1622297465801239, 0.8421110510826111], "gender": [0.19412793219089508, 0.7898905277252197]}