{"danceability": [0.06374610960483551, 0.937741756439209], "gender": [0.3158828020095825, 0.6652653217315674], "tonal_atonal": [0.15463212132453918, 0.8527154326438904], "voice_instrumental": [0.4087790548801422, 0.5909749269485474]}