{"tonal_atonal": [0.46362194418907166, 0.5334879159927368], "danceability": [0.3766627609729767, 0.6235238313674927], "voice_instrumental": [0.22364650666713715, 0.7770000696182251], "gender": [0.2927328646183014, 0.6990586519241333]}