{"danceability": [0.5938006639480591, 0.39256155490875244], "gender": [0.6961370706558228, 0.28857260942459106], "tonal_atonal": [0.9078230261802673, 0.09759046137332916], "voice_instrumental": [0.8513877391815186, 0.14512258768081665]}