{"tonal_atonal": [0.05149494484066963, 0.9481740593910217], "danceability": [0.019207509234547615, 0.9781290888786316], "voice_instrumental": [0.9749447703361511, 0.027734478935599327], "gender": [0.7750318646430969, 0.19921649992465973]}