{"danceability": [0.9784983396530151, 0.020385820418596268], "gender": [0.37577271461486816, 0.6015779376029968], "tonal_atonal": [0.7700222730636597, 0.2243369072675705], "voice_instrumental": [0.10162920504808426, 0.9003642201423645]}