{"danceability": [0.9969046711921692, 0.003201568964868784], "gender": [0.5663861036300659, 0.399599552154541], "tonal_atonal": [0.9944357872009277, 0.005746228154748678], "voice_instrumental": [0.702383816242218, 0.28750622272491455]}