{"tonal_atonal": [0.5480146408081055, 0.43854349851608276], "danceability": [0.0629177913069725, 0.926419734954834], "voice_instrumental": [0.30903953313827515, 0.6813911199569702], "gender": [0.2777464687824249, 0.7519519329071045]}