{"danceability": [0.9907262325286865, 0.008825121447443962], "gender": [0.6566793918609619, 0.35940998792648315], "tonal_atonal": [0.7561320066452026, 0.2665988504886627], "voice_instrumental": [0.05198632925748825, 0.9475160241127014]}