{"danceability": [0.9859422445297241, 0.013486397452652454], "gender": [0.7692725658416748, 0.2296401560306549], "tonal_atonal": [0.8734336495399475, 0.14959026873111725], "voice_instrumental": [0.5083884596824646, 0.48896175622940063]}