{"danceability": [0.2398548275232315, 0.7574000954627991], "gender": [0.5150455236434937, 0.4569433331489563], "tonal_atonal": [0.8961567282676697, 0.10245316475629807], "voice_instrumental": [0.6228309273719788, 0.3837348520755768]}