{"tonal_atonal": [0.9965507388114929, 0.0032828906551003456], "danceability": [0.4932720959186554, 0.5095923542976379], "voice_instrumental": [0.29942935705184937, 0.7096572518348694], "gender": [0.25461524724960327, 0.7504377365112305]}