{"tonal_atonal": [0.7566584348678589, 0.24641335010528564], "danceability": [0.22864273190498352, 0.7662711143493652], "voice_instrumental": [0.7467816472053528, 0.25866737961769104], "gender": [0.5850765705108643, 0.4173789620399475]}