{"tonal_atonal": [0.8784866333007812, 0.12097878754138947], "danceability": [0.3707957863807678, 0.6344179511070251], "voice_instrumental": [0.1629590094089508, 0.8411619067192078], "gender": [0.2606009542942047, 0.7280011177062988]}