{"danceability": [0.08173263818025589, 0.9036561846733093], "gender": [0.6643097400665283, 0.31818246841430664], "tonal_atonal": [0.5249364972114563, 0.4718937575817108], "voice_instrumental": [0.7286122441291809, 0.25641143321990967]}