{"tonal_atonal": [0.13176898658275604, 0.8769741058349609], "danceability": [0.36078986525535583, 0.6341544985771179], "voice_instrumental": [0.19455350935459137, 0.8062942624092102], "gender": [0.39953505992889404, 0.5871087312698364]}