{"tonal_atonal": [0.7720234394073486, 0.23644287884235382], "danceability": [0.3527696430683136, 0.6420367360115051], "voice_instrumental": [0.7316383123397827, 0.26242733001708984], "gender": [0.6638308763504028, 0.3215191960334778]}