{"tonal_atonal": [0.7992294430732727, 0.20438946783542633], "danceability": [0.9575071334838867, 0.04010491445660591], "voice_instrumental": [0.5695788264274597, 0.4181370735168457], "gender": [0.5310084223747253, 0.45654886960983276]}