{"danceability": [0.6179904341697693, 0.3802422881126404], "gender": [0.504414439201355, 0.45408061146736145], "tonal_atonal": [0.8978866934776306, 0.09225405007600784], "voice_instrumental": [0.9532330632209778, 0.046865999698638916]}