{"danceability": [0.03331520035862923, 0.9642668962478638], "gender": [0.7625870704650879, 0.2025742530822754], "tonal_atonal": [0.05415192246437073, 0.9459646344184875], "voice_instrumental": [0.9592825770378113, 0.043166544288396835]}