{"tonal_atonal": [0.9147239327430725, 0.08197788149118423], "danceability": [0.9834102392196655, 0.016194133087992668], "voice_instrumental": [0.1506684273481369, 0.8528275489807129], "gender": [0.3383297622203827, 0.6410722732543945]}