{"danceability": [0.3317315876483917, 0.6680864095687866], "gender": [0.2950756847858429, 0.701065719127655], "tonal_atonal": [0.16378141939640045, 0.8439962267875671], "voice_instrumental": [0.3801463842391968, 0.6165826916694641]}