{"tonal_atonal": [0.2430991679430008, 0.7612470984458923], "danceability": [0.021823974326252937, 0.9763584136962891], "voice_instrumental": [0.3837067186832428, 0.6214452385902405], "gender": [0.2822372019290924, 0.6869695782661438]}