{"danceability": [0.05795656889677048, 0.9316333532333374], "gender": [0.8056290149688721, 0.19469651579856873], "tonal_atonal": [0.2925374209880829, 0.7031097412109375], "voice_instrumental": [0.8429918885231018, 0.1492619812488556]}