{"danceability": [0.9575731158256531, 0.04260983690619469], "gender": [0.4645252525806427, 0.512995183467865], "tonal_atonal": [0.9955827593803406, 0.00510432431474328], "voice_instrumental": [0.5748249888420105, 0.42437633872032166]}