{"tonal_atonal": [0.47107037901878357, 0.5013443827629089], "danceability": [0.2595725655555725, 0.7497730255126953], "voice_instrumental": [0.9616125822067261, 0.03591815382242203], "gender": [0.5291382670402527, 0.4486001133918762]}