{"danceability": [0.8848267197608948, 0.1151842400431633], "gender": [0.5334692597389221, 0.45569512248039246], "tonal_atonal": [0.8177307844161987, 0.19000159204006195], "voice_instrumental": [0.43514150381088257, 0.5633648633956909]}