{"danceability": [0.10588087886571884, 0.8914070725440979], "gender": [0.5483327507972717, 0.44378092885017395], "tonal_atonal": [0.475109726190567, 0.5488426089286804], "voice_instrumental": [0.25699523091316223, 0.7421084642410278]}