{"tonal_atonal": [0.7936521768569946, 0.21371573209762573], "danceability": [0.9056593179702759, 0.09373372048139572], "voice_instrumental": [0.6712385416030884, 0.30908864736557007], "gender": [0.5753874182701111, 0.39949414134025574]}