{"danceability": [0.07158933579921722, 0.9222636222839355], "gender": [0.6728276014328003, 0.32236605882644653], "tonal_atonal": [0.14874744415283203, 0.8501870036125183], "voice_instrumental": [0.8536760210990906, 0.13251397013664246]}