{"danceability": [0.29972532391548157, 0.7023249864578247], "gender": [0.15316885709762573, 0.8370257616043091], "tonal_atonal": [0.9868811368942261, 0.011810029856860638], "voice_instrumental": [0.38958436250686646, 0.6161339282989502]}