{"danceability": [0.6379678249359131, 0.3861665725708008], "gender": [0.5300405025482178, 0.5053582787513733], "tonal_atonal": [0.9781346917152405, 0.019593993201851845], "voice_instrumental": [0.729924738407135, 0.26178523898124695]}