{"tonal_atonal": [0.8939846158027649, 0.10880588740110397], "danceability": [0.5738213658332825, 0.42676714062690735], "voice_instrumental": [0.4848742187023163, 0.5012587904930115], "gender": [0.677873432636261, 0.31066256761550903]}