{"danceability": [0.1504521369934082, 0.8458448052406311], "gender": [0.21168002486228943, 0.7721104025840759], "tonal_atonal": [0.07675660401582718, 0.927013635635376], "voice_instrumental": [0.5645827651023865, 0.4339873492717743]}