{"tonal_atonal": [0.9396395683288574, 0.054686903953552246], "danceability": [0.9505279064178467, 0.051151715219020844], "voice_instrumental": [0.9005894660949707, 0.09063659608364105], "gender": [0.7969959378242493, 0.19987671077251434]}