{"tonal_atonal": [0.3802870213985443, 0.6211503744125366], "danceability": [0.13652515411376953, 0.8538547158241272], "voice_instrumental": [0.8544796705245972, 0.14081686735153198], "gender": [0.6637200713157654, 0.3335154950618744]}