{"danceability": [0.7091102600097656, 0.2876651883125305], "gender": [0.3966618776321411, 0.5956386923789978], "tonal_atonal": [0.7871217131614685, 0.21883435547351837], "voice_instrumental": [0.319228857755661, 0.6802949905395508]}