{"danceability": [0.8836706280708313, 0.1157071590423584], "gender": [0.644555926322937, 0.3221334218978882], "tonal_atonal": [0.8294345140457153, 0.17169055342674255], "voice_instrumental": [0.6509069800376892, 0.35198909044265747]}