{"danceability": [0.46674421429634094, 0.5347706079483032], "gender": [0.37857183814048767, 0.6291715502738953], "tonal_atonal": [0.1970164179801941, 0.804580807685852], "voice_instrumental": [0.726355791091919, 0.2707539498806]}