{"danceability": [0.4478816092014313, 0.5532654523849487], "gender": [0.1334991306066513, 0.8596804141998291], "tonal_atonal": [0.9948484301567078, 0.005077770911157131], "voice_instrumental": [0.1496347337961197, 0.8477156162261963]}