{"danceability": [0.5623384118080139, 0.4418734014034271], "gender": [0.643546998500824, 0.3422207236289978], "tonal_atonal": [0.8650720715522766, 0.1278683990240097], "voice_instrumental": [0.7671334743499756, 0.2281319946050644]}