{"danceability": [0.22182783484458923, 0.7720886468887329], "gender": [0.32687580585479736, 0.647575318813324], "tonal_atonal": [0.6948337554931641, 0.31222495436668396], "voice_instrumental": [0.1434212625026703, 0.853360116481781]}