{"danceability": [0.7716715931892395, 0.2275925874710083], "gender": [0.23684526979923248, 0.7488888502120972], "tonal_atonal": [0.3256922960281372, 0.666234016418457], "voice_instrumental": [0.11212844401597977, 0.8886556625366211]}