{"danceability": [0.5770660638809204, 0.4234329164028168], "gender": [0.5250422954559326, 0.4781326949596405], "tonal_atonal": [0.23829951882362366, 0.7640401721000671], "voice_instrumental": [0.3697151839733124, 0.6338335871696472]}