{"danceability": [0.640604555606842, 0.36459049582481384], "gender": [0.6082627773284912, 0.3986956775188446], "tonal_atonal": [0.7407248020172119, 0.26593703031539917], "voice_instrumental": [0.3977336287498474, 0.5923439264297485]}