{"tonal_atonal": [0.7883353233337402, 0.21539519727230072], "danceability": [0.6161263585090637, 0.3768238127231598], "voice_instrumental": [0.8436460494995117, 0.1513856202363968], "gender": [0.7723050117492676, 0.22858315706253052]}