{"danceability": [0.07882844656705856, 0.9243118762969971], "gender": [0.33560964465141296, 0.6419551372528076], "tonal_atonal": [0.16124442219734192, 0.8569074273109436], "voice_instrumental": [0.19711564481258392, 0.7982213497161865]}