{"danceability": [0.20904280245304108, 0.7696910500526428], "gender": [0.8285672068595886, 0.1684349924325943], "tonal_atonal": [0.6525745391845703, 0.3436470627784729], "voice_instrumental": [0.8502659201622009, 0.14474666118621826]}