{"danceability": [0.8467915058135986, 0.15145151317119598], "gender": [0.772661030292511, 0.23068095743656158], "tonal_atonal": [0.8056188821792603, 0.18471628427505493], "voice_instrumental": [0.8486754894256592, 0.1512434035539627]}