{"tonal_atonal": [0.34601297974586487, 0.6517042517662048], "danceability": [0.276738703250885, 0.726189911365509], "voice_instrumental": [0.22576527297496796, 0.7771838903427124], "gender": [0.2690368890762329, 0.7259836792945862]}