{"danceability": [0.2188566029071808, 0.7742210626602173], "gender": [0.604300320148468, 0.41957658529281616], "tonal_atonal": [0.9198384881019592, 0.0778755247592926], "voice_instrumental": [0.7769994735717773, 0.21168328821659088]}