{"danceability": [0.9963605999946594, 0.0034342901781201363], "gender": [0.2831766605377197, 0.7115277051925659], "tonal_atonal": [0.9636544585227966, 0.035286884754896164], "voice_instrumental": [0.18609771132469177, 0.8266774415969849]}