{"danceability": [0.6997479796409607, 0.30496594309806824], "gender": [0.4969247281551361, 0.4790380299091339], "tonal_atonal": [0.8732667565345764, 0.13352876901626587], "voice_instrumental": [0.48404112458229065, 0.5175126791000366]}