{"danceability": [0.31795534491539, 0.678533136844635], "gender": [0.6419190168380737, 0.3518218994140625], "tonal_atonal": [0.8843046426773071, 0.1159202829003334], "voice_instrumental": [0.8899624943733215, 0.10453037172555923]}