{"tonal_atonal": [0.08250247687101364, 0.9247530698776245], "danceability": [0.034907445311546326, 0.9615282416343689], "voice_instrumental": [0.6391688585281372, 0.3579169511795044], "gender": [0.3728080689907074, 0.6101202964782715]}