{"danceability": [0.040542569011449814, 0.9530193209648132], "gender": [0.7755540609359741, 0.18495182693004608], "tonal_atonal": [0.12026908248662949, 0.8734683394432068], "voice_instrumental": [0.949620246887207, 0.05450257286429405]}