{"danceability": [0.09118972718715668, 0.9075027108192444], "gender": [0.41960394382476807, 0.5867944955825806], "tonal_atonal": [0.39012718200683594, 0.6149991154670715], "voice_instrumental": [0.7573443651199341, 0.24749773740768433]}