{"danceability": [0.8807626962661743, 0.12764620780944824], "gender": [0.6467161774635315, 0.3279275596141815], "tonal_atonal": [0.9947056770324707, 0.004989669192582369], "voice_instrumental": [0.9144634008407593, 0.08587544411420822]}