{"danceability": [0.9879680871963501, 0.011530619114637375], "gender": [0.1806318312883377, 0.8108770847320557], "tonal_atonal": [0.9717013835906982, 0.02614300511777401], "voice_instrumental": [0.018949421122670174, 0.9798407554626465]}