{"tonal_atonal": [0.9642248749732971, 0.04223516210913658], "danceability": [0.995786726474762, 0.004286377690732479], "voice_instrumental": [0.5536038279533386, 0.42475709319114685], "gender": [0.5381348729133606, 0.4264141023159027]}