{"tonal_atonal": [0.3301379084587097, 0.678214967250824], "danceability": [0.05337781459093094, 0.9380844235420227], "voice_instrumental": [0.6987776756286621, 0.29617825150489807], "gender": [0.6302866339683533, 0.36089953780174255]}