{"danceability": [0.07549690455198288, 0.9088340401649475], "gender": [0.8232983946800232, 0.15564368665218353], "tonal_atonal": [0.17908325791358948, 0.8148229122161865], "voice_instrumental": [0.9430305361747742, 0.0589015930891037]}