{"tonal_atonal": [0.5474401712417603, 0.48067769408226013], "danceability": [0.7454082369804382, 0.257432758808136], "voice_instrumental": [0.6478883624076843, 0.34078049659729004], "gender": [0.5108065605163574, 0.502597987651825]}