{"danceability": [0.43643492460250854, 0.5706543326377869], "gender": [0.718867301940918, 0.24953025579452515], "tonal_atonal": [0.6777922511100769, 0.3093840479850769], "voice_instrumental": [0.8094995021820068, 0.18686307966709137]}