{"danceability": [0.461213082075119, 0.5286559462547302], "gender": [0.7380681037902832, 0.2558593153953552], "tonal_atonal": [0.7644309401512146, 0.23674562573432922], "voice_instrumental": [0.7914642095565796, 0.1984715610742569]}