{"danceability": [0.9973607659339905, 0.0023907965514808893], "gender": [0.34425824880599976, 0.642460823059082], "tonal_atonal": [0.9455333352088928, 0.06599058955907822], "voice_instrumental": [0.13219547271728516, 0.8635557293891907]}