{"tonal_atonal": [0.8879172801971436, 0.10379963368177414], "danceability": [0.6000550985336304, 0.39956626296043396], "voice_instrumental": [0.951843798160553, 0.04664834961295128], "gender": [0.5419654846191406, 0.42417386174201965]}