{"danceability": [0.8298416137695312, 0.15755821764469147], "gender": [0.6442120671272278, 0.3021116256713867], "tonal_atonal": [0.9103221297264099, 0.08231610804796219], "voice_instrumental": [0.9668585062026978, 0.03244909271597862]}