{"danceability": [0.0891214981675148, 0.9002684950828552], "gender": [0.7928698658943176, 0.1749003380537033], "tonal_atonal": [0.21257014572620392, 0.7777621150016785], "voice_instrumental": [0.9269169569015503, 0.07562984526157379]}