{"danceability": [0.7365655303001404, 0.26406678557395935], "gender": [0.31148678064346313, 0.6758565306663513], "tonal_atonal": [0.7832958102226257, 0.21908585727214813], "voice_instrumental": [0.2862147092819214, 0.7154720425605774]}