{"danceability": [0.21808241307735443, 0.7827476263046265], "gender": [0.5928033590316772, 0.4168534278869629], "tonal_atonal": [0.20378313958644867, 0.7994053363800049], "voice_instrumental": [0.6107305288314819, 0.3929298222064972]}