{"danceability": [0.4243948757648468, 0.5323554873466492], "gender": [0.6174975633621216, 0.4304315447807312], "tonal_atonal": [0.9600588083267212, 0.042353782802820206], "voice_instrumental": [0.8005270957946777, 0.2010616660118103]}