{"tonal_atonal": [0.6834958791732788, 0.32067370414733887], "danceability": [0.8481563925743103, 0.15128253400325775], "voice_instrumental": [0.6221767663955688, 0.37038540840148926], "gender": [0.4861823618412018, 0.5037458539009094]}