{"danceability": [0.4260530173778534, 0.5647526979446411], "gender": [0.788687527179718, 0.20849443972110748], "tonal_atonal": [0.5436909794807434, 0.45696911215782166], "voice_instrumental": [0.7586943507194519, 0.2462845891714096]}