{"danceability": [0.10940084606409073, 0.8870143890380859], "gender": [0.372149258852005, 0.6007149815559387], "tonal_atonal": [0.3473169505596161, 0.6607589721679688], "voice_instrumental": [0.08281228691339493, 0.9192235469818115]}