{"danceability": [0.4648200571537018, 0.5030278563499451], "gender": [0.19013574719429016, 0.7956154346466064], "tonal_atonal": [0.9853530526161194, 0.015747390687465668], "voice_instrumental": [0.2588862478733063, 0.7486264109611511]}