{"danceability": [0.7231428623199463, 0.2711385488510132], "gender": [0.8000664710998535, 0.1903582513332367], "tonal_atonal": [0.6767849922180176, 0.33229920268058777], "voice_instrumental": [0.7623357176780701, 0.22374816238880157]}