{"tonal_atonal": [0.31365177035331726, 0.6566625833511353], "danceability": [0.8098267316818237, 0.19412484765052795], "voice_instrumental": [0.09317947924137115, 0.9107814431190491], "gender": [0.11557385325431824, 0.8966219425201416]}