{"danceability": [0.13439421355724335, 0.842223584651947], "gender": [0.8618687391281128, 0.1369648426771164], "tonal_atonal": [0.2654861807823181, 0.7233550548553467], "voice_instrumental": [0.8704227209091187, 0.11990082263946533]}