{"tonal_atonal": [0.7738756537437439, 0.22572016716003418], "danceability": [0.7472603917121887, 0.2530222535133362], "voice_instrumental": [0.4864862561225891, 0.5224155187606812], "gender": [0.44873976707458496, 0.5489755272865295]}