{"tonal_atonal": [0.9297217130661011, 0.06993257254362106], "danceability": [0.8155554533004761, 0.18552350997924805], "voice_instrumental": [0.5959329605102539, 0.4166388511657715], "gender": [0.6078037619590759, 0.39992547035217285]}