{"danceability": [0.5663408041000366, 0.44661733508110046], "gender": [0.47917672991752625, 0.5169248580932617], "tonal_atonal": [0.8587568998336792, 0.14088934659957886], "voice_instrumental": [0.7673830986022949, 0.2332114577293396]}