{"danceability": [0.9920915365219116, 0.007289320230484009], "gender": [0.205216646194458, 0.7764284610748291], "tonal_atonal": [0.9115336537361145, 0.0875224769115448], "voice_instrumental": [0.0744403600692749, 0.9271876811981201]}