{"tonal_atonal": [0.4468669891357422, 0.5579180717468262], "danceability": [0.05178219825029373, 0.9359962344169617], "voice_instrumental": [0.8607039451599121, 0.1275460571050644], "gender": [0.7695038914680481, 0.2270878404378891]}