{"tonal_atonal": [0.189323291182518, 0.8119213581085205], "danceability": [0.06149972230195999, 0.9359726309776306], "voice_instrumental": [0.8593356013298035, 0.14080262184143066], "gender": [0.7282370924949646, 0.23507028818130493]}