{"tonal_atonal": [0.48607829213142395, 0.518527626991272], "danceability": [0.2566184401512146, 0.7428528666496277], "voice_instrumental": [0.4397270381450653, 0.5619590878486633], "gender": [0.41530585289001465, 0.5704135894775391]}