{"danceability": [0.04822999984025955, 0.9463130235671997], "gender": [0.7616580724716187, 0.1962379515171051], "tonal_atonal": [0.12264829874038696, 0.8729691505432129], "voice_instrumental": [0.9450560212135315, 0.05983395129442215]}