{"tonal_atonal": [0.7045761942863464, 0.3062700927257538], "danceability": [0.7159160375595093, 0.28396642208099365], "voice_instrumental": [0.16186285018920898, 0.8388655185699463], "gender": [0.4900777041912079, 0.5139727592468262]}