{"tonal_atonal": [0.8933285474777222, 0.10283661633729935], "danceability": [0.17728684842586517, 0.7976388931274414], "voice_instrumental": [0.8868802785873413, 0.09875115007162094], "gender": [0.6521442532539368, 0.36234062910079956]}