{"danceability": [0.20840933918952942, 0.7825421094894409], "gender": [0.7153775691986084, 0.2954210042953491], "tonal_atonal": [0.8194847106933594, 0.17901991307735443], "voice_instrumental": [0.7159414887428284, 0.27518507838249207]}