{"danceability": [0.16367577016353607, 0.8370640277862549], "gender": [0.6002175807952881, 0.3930054008960724], "tonal_atonal": [0.3121701180934906, 0.6890146732330322], "voice_instrumental": [0.8829778432846069, 0.11870512366294861]}