{"tonal_atonal": [0.1270943433046341, 0.8673240542411804], "danceability": [0.037739336490631104, 0.9562408924102783], "voice_instrumental": [0.9441980719566345, 0.060543809086084366], "gender": [0.7901927828788757, 0.17458075284957886]}