{"tonal_atonal": [0.13319672644138336, 0.8719140291213989], "danceability": [0.03042570687830448, 0.9700653553009033], "voice_instrumental": [0.8929448127746582, 0.10722380876541138], "gender": [0.5854529142379761, 0.37435856461524963]}