{"tonal_atonal": [0.05012987181544304, 0.9521415829658508], "danceability": [0.2519952654838562, 0.7519941329956055], "voice_instrumental": [0.43851238489151, 0.5571731925010681], "gender": [0.33302292227745056, 0.6608408093452454]}