{"danceability": [0.7050858736038208, 0.2888090908527374], "gender": [0.6943830847740173, 0.29321131110191345], "tonal_atonal": [0.8398723602294922, 0.1597897857427597], "voice_instrumental": [0.6719074249267578, 0.3410176634788513]}