{"danceability": [0.12368327379226685, 0.8765265345573425], "gender": [0.37482279539108276, 0.6048151850700378], "tonal_atonal": [0.40133509039878845, 0.6006965041160583], "voice_instrumental": [0.17386876046657562, 0.8308504819869995]}