{"danceability": [0.15735912322998047, 0.8434150218963623], "gender": [0.4534803032875061, 0.5315324068069458], "tonal_atonal": [0.21928448975086212, 0.792952835559845], "voice_instrumental": [0.21612036228179932, 0.7857571244239807]}