{"danceability": [0.042835533618927, 0.9600605368614197], "gender": [0.056590672582387924, 0.9525994062423706], "tonal_atonal": [0.3021564185619354, 0.7432910799980164], "voice_instrumental": [0.30081212520599365, 0.6341442465782166]}