{"tonal_atonal": [0.03495543822646141, 0.9690186381340027], "danceability": [0.01618029922246933, 0.9851548075675964], "voice_instrumental": [0.9699572920799255, 0.03572069853544235], "gender": [0.5942719578742981, 0.4076154828071594]}