{"danceability": [0.8406406044960022, 0.16035306453704834], "gender": [0.44062939286231995, 0.5254971385002136], "tonal_atonal": [0.8858165740966797, 0.12199089676141739], "voice_instrumental": [0.40354782342910767, 0.5899702906608582]}