{"danceability": [0.07404223829507828, 0.9228895902633667], "gender": [0.6492491364479065, 0.33201006054878235], "tonal_atonal": [0.31318560242652893, 0.6991298794746399], "voice_instrumental": [0.40492159128189087, 0.6015551686286926]}