{"tonal_atonal": [0.9859864115715027, 0.014833638444542885], "danceability": [0.987160861492157, 0.012350130826234818], "voice_instrumental": [0.35290953516960144, 0.644172728061676], "gender": [0.4110898971557617, 0.5653308033943176]}