{"tonal_atonal": [0.19298791885375977, 0.8092538714408875], "danceability": [0.08935847133398056, 0.9031350016593933], "voice_instrumental": [0.91817307472229, 0.08321713656187057], "gender": [0.8152714371681213, 0.16015635430812836]}