{"danceability": [0.8519523739814758, 0.1512056589126587], "gender": [0.6835038661956787, 0.3184586763381958], "tonal_atonal": [0.9186455011367798, 0.08275040239095688], "voice_instrumental": [0.7101155519485474, 0.28327667713165283]}