{"mood_acoustic": [0.41464439034461975, 0.5775296092033386], "mood_aggressive": [0.16903015971183777, 0.8302721977233887], "mood_electronic": [0.0626714900135994, 0.9375911355018616], "mood_happy": [0.7018615007400513, 0.29610854387283325], "mood_party": [0.8422489166259766, 0.14754106104373932], "mood_relaxed": [0.5640023350715637, 0.45739027857780457], "mood_sad": [0.3373361825942993, 0.6606240272521973]}