{"mood_acoustic": [0.112616166472435, 0.8908902406692505], "mood_aggressive": [0.20003697276115417, 0.7902804613113403], "mood_electronic": [0.3879726231098175, 0.5964157581329346], "mood_happy": [0.9087535738945007, 0.09648258984088898], "mood_party": [0.12979593873023987, 0.8499777913093567], "mood_relaxed": [0.9142746329307556, 0.10366728156805038], "mood_sad": [0.8932737112045288, 0.10085862129926682]}