{"mood_acoustic": [0.38962483406066895, 0.6138132214546204], "mood_aggressive": [0.7096448540687561, 0.2915518879890442], "mood_electronic": [0.6539674401283264, 0.3575209677219391], "mood_happy": [0.1312754899263382, 0.8882846832275391], "mood_party": [0.9439050555229187, 0.06979303061962128], "mood_relaxed": [0.03270108997821808, 0.9666256904602051], "mood_sad": [0.6622539162635803, 0.3823631703853607]}