{"mood_acoustic": [0.05912225320935249, 0.9384540915489197], "mood_electronic": [0.9084004759788513, 0.09732562303543091], "mood_aggressive": [0.1214660257101059, 0.8790251016616821], "mood_relaxed": [0.590445339679718, 0.4313821494579315], "mood_happy": [0.5332181453704834, 0.44917988777160645], "mood_sad": [0.8212506175041199, 0.17894884943962097], "mood_party": [0.3973427712917328, 0.6035360097885132]}