{"mood_acoustic": [0.8125197291374207, 0.1842171996831894], "mood_aggressive": [0.10308735817670822, 0.8945009112358093], "mood_electronic": [0.08668360114097595, 0.9160847663879395], "mood_happy": [0.5686748027801514, 0.4254220724105835], "mood_party": [0.9086945652961731, 0.09098542481660843], "mood_relaxed": [0.3288310468196869, 0.6875402927398682], "mood_sad": [0.3907811641693115, 0.6049001812934875]}