{"mood_acoustic": [0.4340350329875946, 0.5741685032844543], "mood_electronic": [0.4571101665496826, 0.533292293548584], "mood_aggressive": [0.058449819684028625, 0.9379602670669556], "mood_relaxed": [0.010124478489160538, 0.9857171177864075], "mood_happy": [0.022931067273020744, 0.9751753211021423], "mood_sad": [0.34855151176452637, 0.6627278327941895], "mood_party": [0.9841928482055664, 0.019213354215025902]}