{"mood_acoustic": [0.2636663317680359, 0.7368754744529724], "mood_aggressive": [0.22636334598064423, 0.764327347278595], "mood_electronic": [0.6684995889663696, 0.33608946204185486], "mood_happy": [0.3027289807796478, 0.6902267932891846], "mood_party": [0.8385240435600281, 0.16797873377799988], "mood_relaxed": [0.20574504137039185, 0.7996352314949036], "mood_sad": [0.37873291969299316, 0.6313069462776184]}