{"mood_acoustic": [0.29130178689956665, 0.7102739810943604], "mood_electronic": [0.4917702376842499, 0.5171677470207214], "mood_aggressive": [0.15451514720916748, 0.8561054468154907], "mood_relaxed": [0.6167763471603394, 0.4003533720970154], "mood_happy": [0.4949946105480194, 0.49763503670692444], "mood_sad": [0.6296369433403015, 0.3653987944126129], "mood_party": [0.635233461856842, 0.3804997503757477]}