{"mood_acoustic": [0.23516859114170074, 0.774505615234375], "mood_electronic": [0.7206166982650757, 0.32786956429481506], "mood_aggressive": [0.5176952481269836, 0.46241530776023865], "mood_relaxed": [0.013325697742402554, 0.985321581363678], "mood_happy": [0.024688657373189926, 0.9737752079963684], "mood_sad": [0.7560339570045471, 0.24829284846782684], "mood_party": [0.9852161407470703, 0.022766385227441788]}