{"mood_acoustic": [0.07992056757211685, 0.9188351035118103], "mood_electronic": [0.7664232850074768, 0.23997166752815247], "mood_aggressive": [0.4788617491722107, 0.523312509059906], "mood_relaxed": [0.7793649435043335, 0.22169828414916992], "mood_happy": [0.4852423369884491, 0.5030836462974548], "mood_sad": [0.9447106122970581, 0.05275211110711098], "mood_party": [0.34738466143608093, 0.6476992964744568]}