{"mood_acoustic": [0.2610400319099426, 0.7425774335861206], "mood_electronic": [0.5564788579940796, 0.47750693559646606], "mood_aggressive": [0.24937744438648224, 0.734943151473999], "mood_relaxed": [0.025835946202278137, 0.9720255136489868], "mood_happy": [0.026463860645890236, 0.969849169254303], "mood_sad": [0.7068468928337097, 0.31844064593315125], "mood_party": [0.9630527496337891, 0.04459930956363678]}