{"mood_acoustic": [0.580230176448822, 0.41847503185272217], "mood_aggressive": [0.02479684352874756, 0.9750097990036011], "mood_electronic": [0.16055910289287567, 0.8387622833251953], "mood_happy": [0.5283971428871155, 0.4696454405784607], "mood_party": [0.9087526202201843, 0.0949525460600853], "mood_relaxed": [0.3300069570541382, 0.688380241394043], "mood_sad": [0.14182963967323303, 0.8592379093170166]}