{"mood_acoustic": [0.26805686950683594, 0.7390265464782715], "mood_electronic": [0.5684738755226135, 0.4391915798187256], "mood_aggressive": [0.03991443291306496, 0.955082893371582], "mood_relaxed": [0.07876206189393997, 0.9201856851577759], "mood_happy": [0.10142342001199722, 0.8971085548400879], "mood_sad": [0.41355520486831665, 0.5985674858093262], "mood_party": [0.9135149121284485, 0.10339902341365814]}