{"mood_acoustic": [0.05433152616024017, 0.9463346004486084], "mood_electronic": [0.6249492168426514, 0.3684036135673523], "mood_aggressive": [0.5021549463272095, 0.5010235905647278], "mood_relaxed": [0.6410648822784424, 0.3752242624759674], "mood_happy": [0.3463243544101715, 0.6674802303314209], "mood_sad": [0.7074251174926758, 0.3005276918411255], "mood_party": [0.6147887110710144, 0.39977091550827026]}