{"mood_acoustic": [0.4003019332885742, 0.6011189222335815], "mood_electronic": [0.2233685851097107, 0.7692520618438721], "mood_aggressive": [0.1315799206495285, 0.8626710772514343], "mood_relaxed": [0.4779994785785675, 0.5255881547927856], "mood_happy": [0.70363849401474, 0.3019607663154602], "mood_sad": [0.4680846631526947, 0.5271641612052917], "mood_party": [0.8208976984024048, 0.16714781522750854]}