{"mood_acoustic": [0.6510673761367798, 0.33111557364463806], "mood_aggressive": [0.012205308303236961, 0.9885042905807495], "mood_electronic": [0.32423320412635803, 0.6886413097381592], "mood_happy": [0.12919481098651886, 0.8611086010932922], "mood_party": [0.9721989035606384, 0.0340866781771183], "mood_relaxed": [0.1150011420249939, 0.8799520134925842], "mood_sad": [0.09326105564832687, 0.9062170386314392]}