{"mood_acoustic": [0.007726454176008701, 0.9921604990959167], "mood_aggressive": [0.8214491009712219, 0.19381582736968994], "mood_electronic": [0.6449028849601746, 0.29433998465538025], "mood_happy": [0.7074030041694641, 0.2915613651275635], "mood_party": [0.6852516531944275, 0.3436810076236725], "mood_relaxed": [0.5757700204849243, 0.3068374693393707], "mood_sad": [0.8646351099014282, 0.14168031513690948]}