{"mood_acoustic": [0.064385786652565, 0.9361280798912048], "mood_aggressive": [0.026378842070698738, 0.9743427038192749], "mood_electronic": [0.957547664642334, 0.043486688286066055], "mood_happy": [0.3217964470386505, 0.6779667139053345], "mood_party": [0.457310289144516, 0.5565509796142578], "mood_relaxed": [0.37049365043640137, 0.6322413086891174], "mood_sad": [0.7062776684761047, 0.291492760181427]}