{"mood_acoustic": [0.1459800899028778, 0.8626970052719116], "mood_aggressive": [0.11978743225336075, 0.871859610080719], "mood_electronic": [0.6228085160255432, 0.3885957896709442], "mood_happy": [0.06776612251996994, 0.9260665774345398], "mood_party": [0.9020668268203735, 0.10812745243310928], "mood_relaxed": [0.07681357115507126, 0.921928346157074], "mood_sad": [0.5365133881568909, 0.4637397825717926]}