{"mood_acoustic": [0.6917803883552551, 0.32687315344810486], "mood_aggressive": [0.0036766838748008013, 0.9957922101020813], "mood_electronic": [0.37338700890541077, 0.638980507850647], "mood_happy": [0.010277017019689083, 0.9883258938789368], "mood_party": [0.9893926978111267, 0.011877347715198994], "mood_relaxed": [0.008139118552207947, 0.9904559850692749], "mood_sad": [0.057990144938230515, 0.946213960647583]}