{"mood_acoustic": [0.010478044860064983, 0.9898918867111206], "mood_aggressive": [0.44537514448165894, 0.5531994700431824], "mood_electronic": [0.9875878095626831, 0.011749534867703915], "mood_happy": [0.1455768197774887, 0.8598213791847229], "mood_party": [0.10721331089735031, 0.8940111994743347], "mood_relaxed": [0.8832711577415466, 0.12617957592010498], "mood_sad": [0.9772682785987854, 0.022791536524891853]}