{"mood_acoustic": [0.4574849009513855, 0.5494052171707153], "mood_aggressive": [0.006106434855610132, 0.9940987229347229], "mood_electronic": [0.47906166315078735, 0.5323978066444397], "mood_happy": [0.17313359677791595, 0.8170953989028931], "mood_party": [0.9828307628631592, 0.020620789378881454], "mood_relaxed": [0.03284921869635582, 0.9626052975654602], "mood_sad": [0.08138793706893921, 0.9242978096008301]}