{"mood_acoustic": [0.11964413523674011, 0.8777322173118591], "mood_aggressive": [0.07157857716083527, 0.9291228652000427], "mood_electronic": [0.9107734560966492, 0.0962241068482399], "mood_happy": [0.5298313498497009, 0.4588354527950287], "mood_party": [0.5177117586135864, 0.48911067843437195], "mood_relaxed": [0.3954818844795227, 0.6137011647224426], "mood_sad": [0.8338240385055542, 0.15925993025302887]}