{"mood_acoustic": [0.37389418482780457, 0.6238194704055786], "mood_aggressive": [0.2871716618537903, 0.713934600353241], "mood_electronic": [0.07737688720226288, 0.9224385619163513], "mood_happy": [0.6861125826835632, 0.31165218353271484], "mood_party": [0.8277289271354675, 0.16739951074123383], "mood_relaxed": [0.625296413898468, 0.393379807472229], "mood_sad": [0.39884403347969055, 0.5999690890312195]}