{"mood_acoustic": [0.28799283504486084, 0.7468873858451843], "mood_aggressive": [0.026454266160726547, 0.9701263904571533], "mood_electronic": [0.23239772021770477, 0.7761986255645752], "mood_happy": [0.036245197057724, 0.9605314135551453], "mood_party": [0.9574492573738098, 0.04461467266082764], "mood_relaxed": [0.018138546496629715, 0.9794849753379822], "mood_sad": [0.1820359230041504, 0.8327400088310242]}