{"mood_acoustic": [0.24562476575374603, 0.7582601308822632], "mood_aggressive": [0.042243216186761856, 0.9581353664398193], "mood_electronic": [0.47114288806915283, 0.524191677570343], "mood_happy": [0.350791335105896, 0.6507716774940491], "mood_party": [0.9444776177406311, 0.06290202587842941], "mood_relaxed": [0.15462638437747955, 0.8526979684829712], "mood_sad": [0.12370965629816055, 0.8786554932594299]}