{"mood_acoustic": [0.37434062361717224, 0.6264269948005676], "mood_aggressive": [0.237858846783638, 0.7648617625236511], "mood_electronic": [0.1721833050251007, 0.8302432298660278], "mood_happy": [0.39283108711242676, 0.6127403378486633], "mood_party": [0.9053178429603577, 0.10588281601667404], "mood_relaxed": [0.46558886766433716, 0.5517816543579102], "mood_sad": [0.27841031551361084, 0.7269008159637451]}