{"mood_acoustic": [0.694876492023468, 0.30275553464889526], "mood_electronic": [0.049328096210956573, 0.9484056830406189], "mood_aggressive": [0.014369494281709194, 0.9800360202789307], "mood_relaxed": [0.016685692593455315, 0.9713726043701172], "mood_happy": [0.06430824846029282, 0.9305916428565979], "mood_sad": [0.3413040339946747, 0.6516831517219543], "mood_party": [0.9881906509399414, 0.012014181353151798]}