{"mood_acoustic": [0.10405442118644714, 0.8941157460212708], "mood_electronic": [0.8058433532714844, 0.19880452752113342], "mood_aggressive": [0.2048685997724533, 0.7718712687492371], "mood_relaxed": [0.052946802228689194, 0.9471736550331116], "mood_happy": [0.03978804126381874, 0.9587154388427734], "mood_sad": [0.5875865817070007, 0.40874019265174866], "mood_party": [0.9574887156486511, 0.05694687366485596]}