{"mood_acoustic": [0.043082889169454575, 0.9576299786567688], "mood_electronic": [0.7187456488609314, 0.2793391942977905], "mood_aggressive": [0.13222086429595947, 0.8711128830909729], "mood_relaxed": [0.6407533884048462, 0.3714154064655304], "mood_happy": [0.7206821441650391, 0.2814619243144989], "mood_sad": [0.5205399394035339, 0.47282272577285767], "mood_party": [0.5786799192428589, 0.43411174416542053]}