{"mood_acoustic": [0.10990763455629349, 0.8870993256568909], "mood_electronic": [0.06538184732198715, 0.9404850006103516], "mood_aggressive": [0.831149697303772, 0.16696158051490784], "mood_relaxed": [0.9095886945724487, 0.09861094504594803], "mood_happy": [0.7131660580635071, 0.27941885590553284], "mood_sad": [0.8562667369842529, 0.14615385234355927], "mood_party": [0.5778906345367432, 0.41678422689437866]}