{"mood_acoustic": [0.2165106236934662, 0.8080607652664185], "mood_aggressive": [0.17431265115737915, 0.8157251477241516], "mood_electronic": [0.4088696539402008, 0.6061533093452454], "mood_happy": [0.06407889723777771, 0.9264253973960876], "mood_party": [0.8682593703269958, 0.15005575120449066], "mood_relaxed": [0.07497034221887589, 0.9130907654762268], "mood_sad": [0.5761487483978271, 0.43460482358932495]}