{"mood_acoustic": [0.5095391273498535, 0.4777134358882904], "mood_electronic": [0.25633013248443604, 0.7450665831565857], "mood_aggressive": [0.03565036132931709, 0.9634155035018921], "mood_relaxed": [0.2377699762582779, 0.7766714096069336], "mood_happy": [0.40086647868156433, 0.6090673208236694], "mood_sad": [0.26002368330955505, 0.7421053051948547], "mood_party": [0.7121583819389343, 0.30025655031204224]}