{"mood_acoustic": [0.2953219711780548, 0.6985618472099304], "mood_electronic": [0.32639962434768677, 0.6768468618392944], "mood_aggressive": [0.08115681260824203, 0.918677031993866], "mood_relaxed": [0.4976276457309723, 0.5248734354972839], "mood_happy": [0.6843555569648743, 0.3278912901878357], "mood_sad": [0.6113071441650391, 0.39339712262153625], "mood_party": [0.343607097864151, 0.6659470200538635]}