{"mood_acoustic": [0.20098643004894257, 0.7956531047821045], "mood_aggressive": [0.08679027110338211, 0.9118810296058655], "mood_electronic": [0.9050172567367554, 0.09802651405334473], "mood_happy": [0.1610606163740158, 0.8372240662574768], "mood_party": [0.842010498046875, 0.16966037452220917], "mood_relaxed": [0.18366387486457825, 0.8195405602455139], "mood_sad": [0.38126012682914734, 0.620134174823761]}