{"mood_acoustic": [0.8906700015068054, 0.11021904647350311], "mood_aggressive": [0.005259567406028509, 0.994515597820282], "mood_electronic": [0.14912284910678864, 0.8489785194396973], "mood_happy": [0.12385665625333786, 0.8799952268600464], "mood_party": [0.9808233380317688, 0.020752182230353355], "mood_relaxed": [0.05235181748867035, 0.9479299783706665], "mood_sad": [0.08817878365516663, 0.9131161570549011]}