{"mood_acoustic": [0.2721107602119446, 0.723383367061615], "mood_aggressive": [0.06327865272760391, 0.9400666952133179], "mood_electronic": [0.5669315457344055, 0.4391239285469055], "mood_happy": [0.5379488468170166, 0.4603489637374878], "mood_party": [0.8328738212585449, 0.16891753673553467], "mood_relaxed": [0.3047553598880768, 0.6888980865478516], "mood_sad": [0.3375166654586792, 0.6542431712150574]}