{"mood_acoustic": [0.14233660697937012, 0.8567033410072327], "mood_electronic": [0.7774519324302673, 0.215198814868927], "mood_aggressive": [0.11171397566795349, 0.8853098154067993], "mood_relaxed": [0.5166765451431274, 0.4837760627269745], "mood_happy": [0.5930758118629456, 0.3917737305164337], "mood_sad": [0.6527906060218811, 0.34261396527290344], "mood_party": [0.4499327540397644, 0.5521765351295471]}