{"mood_acoustic": [0.32358506321907043, 0.6634652614593506], "mood_aggressive": [0.3074127435684204, 0.7048708200454712], "mood_electronic": [0.31932690739631653, 0.680088460445404], "mood_happy": [0.6231935024261475, 0.36716100573539734], "mood_party": [0.5276130437850952, 0.49192893505096436], "mood_relaxed": [0.4948441684246063, 0.5043513178825378], "mood_sad": [0.7159523367881775, 0.27511051297187805]}