{"mood_acoustic": [0.11421844363212585, 0.8801690936088562], "mood_aggressive": [0.8151957988739014, 0.18230366706848145], "mood_electronic": [0.04486994817852974, 0.9553235173225403], "mood_happy": [0.43120113015174866, 0.5680087208747864], "mood_party": [0.8221008777618408, 0.2003692388534546], "mood_relaxed": [0.8713911175727844, 0.13892300426959991], "mood_sad": [0.744451105594635, 0.2592645585536957]}