{"mood_acoustic": [0.11393868178129196, 0.8898913860321045], "mood_electronic": [0.8583959937095642, 0.1487833708524704], "mood_aggressive": [0.14536526799201965, 0.8540174961090088], "mood_relaxed": [0.3593064844608307, 0.6608863472938538], "mood_happy": [0.46074506640434265, 0.5412694215774536], "mood_sad": [0.8067799210548401, 0.191145658493042], "mood_party": [0.48058781027793884, 0.5133305788040161]}