{"mood_acoustic": [0.06578889489173889, 0.9346182942390442], "mood_aggressive": [0.41824838519096375, 0.5798555612564087], "mood_electronic": [0.8675313591957092, 0.13295136392116547], "mood_happy": [0.5132691264152527, 0.47828468680381775], "mood_party": [0.4427122473716736, 0.5508416891098022], "mood_relaxed": [0.6800891160964966, 0.32992738485336304], "mood_sad": [0.7935954928398132, 0.20695875585079193]}