{"mood_acoustic": [0.4765305519104004, 0.5174993276596069], "mood_aggressive": [0.02555793523788452, 0.9755301475524902], "mood_electronic": [0.34632638096809387, 0.6533519625663757], "mood_happy": [0.5708702802658081, 0.40400803089141846], "mood_party": [0.8859477639198303, 0.12750528752803802], "mood_relaxed": [0.23559579253196716, 0.7715738415718079], "mood_sad": [0.22662125527858734, 0.7691613435745239]}