{"mood_acoustic": [0.6515203714370728, 0.35433587431907654], "mood_aggressive": [0.04001396894454956, 0.9604639410972595], "mood_electronic": [0.2628130316734314, 0.7419123649597168], "mood_happy": [0.3676925301551819, 0.6325134038925171], "mood_party": [0.9332120418548584, 0.07241854071617126], "mood_relaxed": [0.14076931774616241, 0.8607960343360901], "mood_sad": [0.26466795802116394, 0.744159996509552]}