{"mood_acoustic": [0.1771727055311203, 0.8257731795310974], "mood_aggressive": [0.1224416196346283, 0.8796806335449219], "mood_electronic": [0.6562057137489319, 0.3522719144821167], "mood_happy": [0.42235445976257324, 0.5682031512260437], "mood_party": [0.5691026449203491, 0.43797916173934937], "mood_relaxed": [0.5358429551124573, 0.47603949904441833], "mood_sad": [0.4718714952468872, 0.5286712646484375]}