{"mood_acoustic": [0.3700743615627289, 0.6433868408203125], "mood_aggressive": [0.13100092113018036, 0.8646442890167236], "mood_electronic": [0.19578787684440613, 0.8045831918716431], "mood_happy": [0.9264785647392273, 0.0725480169057846], "mood_party": [0.31096479296684265, 0.6717948913574219], "mood_relaxed": [0.7952964901924133, 0.22211796045303345], "mood_sad": [0.8659113645553589, 0.12905274331569672]}