{"mood_acoustic": [0.4309201240539551, 0.5561953186988831], "mood_electronic": [0.20347252488136292, 0.7938109040260315], "mood_aggressive": [0.049657631665468216, 0.9459217190742493], "mood_relaxed": [0.4422198235988617, 0.5709969401359558], "mood_happy": [0.5001298785209656, 0.5106975436210632], "mood_sad": [0.5304494500160217, 0.4781598746776581], "mood_party": [0.43311336636543274, 0.5571362972259521]}