{"mood_acoustic": [0.5565146803855896, 0.43768641352653503], "mood_electronic": [0.4079926908016205, 0.5956223011016846], "mood_aggressive": [0.08834803104400635, 0.9129507541656494], "mood_relaxed": [0.24676862359046936, 0.7614293694496155], "mood_happy": [0.2626297175884247, 0.7293697595596313], "mood_sad": [0.07515116035938263, 0.9259201884269714], "mood_party": [0.9529517292976379, 0.046500395983457565]}