{"mood_acoustic": [0.21386213600635529, 0.7800556421279907], "mood_electronic": [0.837926983833313, 0.16571731865406036], "mood_aggressive": [0.037908267229795456, 0.9561607837677002], "mood_relaxed": [0.05556630715727806, 0.9415788054466248], "mood_happy": [0.10170303285121918, 0.9001151919364929], "mood_sad": [0.3567846417427063, 0.6471692323684692], "mood_party": [0.9016091823577881, 0.10969238728284836]}