{"mood_acoustic": [0.8536956906318665, 0.1378205418586731], "mood_aggressive": [0.026286153122782707, 0.9724597930908203], "mood_electronic": [0.15375205874443054, 0.8414148092269897], "mood_happy": [0.15881896018981934, 0.839185893535614], "mood_party": [0.9794092178344727, 0.022037602961063385], "mood_relaxed": [0.11173851788043976, 0.8827036023139954], "mood_sad": [0.10149762034416199, 0.8998920917510986]}