{"mood_acoustic": [0.6588625907897949, 0.3299770951271057], "mood_electronic": [0.428388774394989, 0.5828567743301392], "mood_aggressive": [0.017287200316786766, 0.9801327586174011], "mood_relaxed": [0.06473151594400406, 0.934817910194397], "mood_happy": [0.1782810539007187, 0.8064048290252686], "mood_sad": [0.10237811505794525, 0.8972975611686707], "mood_party": [0.9695191979408264, 0.03604070842266083]}