{"mood_acoustic": [0.0016690114280208945, 0.998687744140625], "mood_aggressive": [0.4196651577949524, 0.5769270062446594], "mood_electronic": [0.9967268109321594, 0.003624092321842909], "mood_happy": [0.07150024175643921, 0.9266234040260315], "mood_party": [0.01769000105559826, 0.9770530462265015], "mood_relaxed": [0.9722052216529846, 0.030078163370490074], "mood_sad": [0.9990332126617432, 0.001084603602066636]}