{"mood_acoustic": [0.935064435005188, 0.062138766050338745], "mood_aggressive": [0.010506292805075645, 0.9892178773880005], "mood_electronic": [0.049014825373888016, 0.9517322182655334], "mood_happy": [0.34894314408302307, 0.6563975811004639], "mood_party": [0.9445503354072571, 0.057469747960567474], "mood_relaxed": [0.18077120184898376, 0.8227805495262146], "mood_sad": [0.21074357628822327, 0.7909020185470581]}