{"mood_acoustic": [0.8986937403678894, 0.09650659561157227], "mood_aggressive": [0.01110864244401455, 0.987258791923523], "mood_electronic": [0.10783379524946213, 0.8899452090263367], "mood_happy": [0.08440562337636948, 0.9189630746841431], "mood_party": [0.9788299798965454, 0.021053127944469452], "mood_relaxed": [0.06836164742708206, 0.9319794178009033], "mood_sad": [0.05131705105304718, 0.9512273669242859]}