{"mood_acoustic": [0.09757326543331146, 0.9045001268386841], "mood_aggressive": [0.2954086363315582, 0.703568160533905], "mood_electronic": [0.9001373052597046, 0.10080576688051224], "mood_happy": [0.18511860072612762, 0.8024086356163025], "mood_party": [0.26902157068252563, 0.7197437286376953], "mood_relaxed": [0.7102469205856323, 0.301202654838562], "mood_sad": [0.8455098271369934, 0.1535617709159851]}