{"mood_acoustic": [0.07546447962522507, 0.9193161129951477], "mood_electronic": [0.9738976955413818, 0.025648292154073715], "mood_aggressive": [0.372872531414032, 0.6237332224845886], "mood_relaxed": [0.5010573863983154, 0.49179208278656006], "mood_happy": [0.3313100337982178, 0.670876145362854], "mood_sad": [0.6079760193824768, 0.39133089780807495], "mood_party": [0.4603666067123413, 0.5471611022949219]}