{"mood_acoustic": [0.3835376501083374, 0.665205717086792], "mood_aggressive": [0.04134952649474144, 0.9514070749282837], "mood_electronic": [0.3927372395992279, 0.6284216642379761], "mood_happy": [0.038842327892780304, 0.9551401734352112], "mood_party": [0.9536335468292236, 0.055428579449653625], "mood_relaxed": [0.02579595148563385, 0.9690677523612976], "mood_sad": [0.31062477827072144, 0.703312873840332]}