{"mood_acoustic": [0.4463426172733307, 0.5591694116592407], "mood_aggressive": [0.03434605523943901, 0.9626956582069397], "mood_electronic": [0.17861513793468475, 0.8255446553230286], "mood_happy": [0.017231453210115433, 0.9818459153175354], "mood_party": [0.9895638823509216, 0.011887346394360065], "mood_relaxed": [0.007704379502683878, 0.9896484017372131], "mood_sad": [0.34249240159988403, 0.6649572253227234]}