{"mood_acoustic": [0.21226218342781067, 0.7804375886917114], "mood_aggressive": [0.027188310399651527, 0.9716589450836182], "mood_electronic": [0.8331672549247742, 0.16595131158828735], "mood_happy": [0.2769472301006317, 0.7143329381942749], "mood_party": [0.7646468281745911, 0.2577928602695465], "mood_relaxed": [0.17275092005729675, 0.8232021927833557], "mood_sad": [0.23518618941307068, 0.7661856412887573]}