{"mood_acoustic": [0.026072852313518524, 0.9723219871520996], "mood_aggressive": [0.584792971611023, 0.40968263149261475], "mood_electronic": [0.9442761540412903, 0.05530090630054474], "mood_happy": [0.3019067943096161, 0.6894999742507935], "mood_party": [0.2804577648639679, 0.7311086654663086], "mood_relaxed": [0.7492185235023499, 0.24525944888591766], "mood_sad": [0.9195928573608398, 0.08398699015378952]}