{"mood_acoustic": [0.09305653721094131, 0.9073066711425781], "mood_aggressive": [0.33361178636550903, 0.683193564414978], "mood_electronic": [0.936885416507721, 0.06571371853351593], "mood_happy": [0.43814629316329956, 0.5522039532661438], "mood_party": [0.47892555594444275, 0.5564470887184143], "mood_relaxed": [0.5237830281257629, 0.46135014295578003], "mood_sad": [0.658824622631073, 0.34942954778671265]}