{"mood_acoustic": [0.0438728891313076, 0.9575280547142029], "mood_aggressive": [0.09226039797067642, 0.9063783288002014], "mood_electronic": [0.6695103645324707, 0.32864153385162354], "mood_happy": [0.8573348522186279, 0.14542007446289062], "mood_party": [0.09963958710432053, 0.9066460728645325], "mood_relaxed": [0.7747754454612732, 0.23950348794460297], "mood_sad": [0.8150714635848999, 0.1758945882320404]}