{"mood_acoustic": [0.06783320754766464, 0.9305088520050049], "mood_aggressive": [0.4940856099128723, 0.5092966556549072], "mood_electronic": [0.5741463303565979, 0.4285511076450348], "mood_happy": [0.6742307543754578, 0.3217245042324066], "mood_party": [0.49564093351364136, 0.5158454775810242], "mood_relaxed": [0.7262390851974487, 0.282599538564682], "mood_sad": [0.7012162208557129, 0.2933519780635834]}