{"mood_acoustic": [0.0113381277769804, 0.989260196685791], "mood_aggressive": [0.6366828680038452, 0.35799241065979004], "mood_electronic": [0.8615118861198425, 0.13146285712718964], "mood_happy": [0.39081835746765137, 0.627104640007019], "mood_party": [0.353534072637558, 0.6526052951812744], "mood_relaxed": [0.8149864673614502, 0.18817809224128723], "mood_sad": [0.9102758169174194, 0.09034107625484467]}