{"mood_acoustic": [0.6542056202888489, 0.34664785861968994], "mood_electronic": [0.45001623034477234, 0.5553030371665955], "mood_aggressive": [0.03845218941569328, 0.9608635902404785], "mood_relaxed": [0.17298434674739838, 0.8283939361572266], "mood_happy": [0.278838187456131, 0.7170783281326294], "mood_sad": [0.20494093000888824, 0.7977519631385803], "mood_party": [0.9279354214668274, 0.086778424680233]}