{"mood_acoustic": [0.20221230387687683, 0.7994775176048279], "mood_electronic": [0.7039578557014465, 0.2933228015899658], "mood_aggressive": [0.052007026970386505, 0.9474968910217285], "mood_relaxed": [0.1424107551574707, 0.861087441444397], "mood_happy": [0.43209224939346313, 0.5836971998214722], "mood_sad": [0.15765255689620972, 0.8462072014808655], "mood_party": [0.8141348361968994, 0.20658987760543823]}