{"mood_acoustic": [0.37655940651893616, 0.5918688774108887], "mood_aggressive": [0.10844128578901291, 0.8858431577682495], "mood_electronic": [0.8365943431854248, 0.15817077457904816], "mood_happy": [0.011727860197424889, 0.9879773259162903], "mood_party": [0.9835582375526428, 0.017611242830753326], "mood_relaxed": [0.008615131489932537, 0.9906180500984192], "mood_sad": [0.34321290254592896, 0.6592237949371338]}