{"mood_acoustic": [0.93267422914505, 0.07443490624427795], "mood_aggressive": [0.0038578729145228863, 0.9947631359100342], "mood_electronic": [0.028598202392458916, 0.9728221297264099], "mood_happy": [0.004049159120768309, 0.9956530928611755], "mood_party": [0.9951638579368591, 0.0051605599001049995], "mood_relaxed": [0.007229803595691919, 0.9905104637145996], "mood_sad": [0.06897912174463272, 0.9333617687225342]}