{"mood_acoustic": [0.10929705202579498, 0.8966280817985535], "mood_aggressive": [0.16186542809009552, 0.8431152105331421], "mood_electronic": [0.6886298060417175, 0.31056833267211914], "mood_happy": [0.5063790678977966, 0.5125676989555359], "mood_party": [0.8760233521461487, 0.12327353656291962], "mood_relaxed": [0.2043556421995163, 0.8107022047042847], "mood_sad": [0.28574737906455994, 0.7325151562690735]}