{"mood_acoustic": [0.6094573736190796, 0.3943646252155304], "mood_electronic": [0.5289919972419739, 0.47420233488082886], "mood_aggressive": [0.09080925583839417, 0.9053460359573364], "mood_relaxed": [0.1419367790222168, 0.8497808575630188], "mood_happy": [0.34702396392822266, 0.6487183570861816], "mood_sad": [0.35164493322372437, 0.6469225287437439], "mood_party": [0.8984808921813965, 0.0998498871922493]}