{"mood_acoustic": [0.5467071533203125, 0.4749385714530945], "mood_electronic": [0.5289287567138672, 0.47962114214897156], "mood_aggressive": [0.24853116273880005, 0.7542247176170349], "mood_relaxed": [0.040737420320510864, 0.9591197967529297], "mood_happy": [0.12476656585931778, 0.8919821381568909], "mood_sad": [0.39112162590026855, 0.6094231009483337], "mood_party": [0.9604905843734741, 0.046292636543512344]}