{"mood_acoustic": [0.29952508211135864, 0.6966686844825745], "mood_electronic": [0.6629301309585571, 0.3461480438709259], "mood_aggressive": [0.050249237567186356, 0.9471770524978638], "mood_relaxed": [0.022934600710868835, 0.9742591977119446], "mood_happy": [0.01735217683017254, 0.9792877435684204], "mood_sad": [0.4413508176803589, 0.5717000365257263], "mood_party": [0.9705551862716675, 0.038973286747932434]}