{"mood_acoustic": [0.3037368357181549, 0.6839696168899536], "mood_electronic": [0.6845157146453857, 0.329410582780838], "mood_aggressive": [0.026398472487926483, 0.9702425599098206], "mood_relaxed": [0.15787844359874725, 0.8350984454154968], "mood_happy": [0.2525344491004944, 0.7461547255516052], "mood_sad": [0.22568421065807343, 0.7755431532859802], "mood_party": [0.9156126976013184, 0.0918269082903862]}