{"mood_acoustic": [0.7427622079849243, 0.2581206262111664], "mood_aggressive": [0.0463041253387928, 0.9530045986175537], "mood_electronic": [0.13310176134109497, 0.8677358627319336], "mood_happy": [0.41923919320106506, 0.576958954334259], "mood_party": [0.8929031491279602, 0.10909266024827957], "mood_relaxed": [0.21304050087928772, 0.791573166847229], "mood_sad": [0.15223214030265808, 0.8482571840286255]}