{"mood_acoustic": [0.00047776586143299937, 0.9995611906051636], "mood_electronic": [0.7294966578483582, 0.1864938586950302], "mood_aggressive": [0.9597487449645996, 0.05623423680663109], "mood_relaxed": [0.8694798946380615, 0.08228512853384018], "mood_happy": [0.19257573783397675, 0.7733340859413147], "mood_sad": [0.9051677584648132, 0.1151827871799469], "mood_party": [0.5923218727111816, 0.45416921377182007]}