{"mood_acoustic": [0.4982096254825592, 0.4921989142894745], "mood_aggressive": [0.12918922305107117, 0.8667968511581421], "mood_electronic": [0.911148726940155, 0.08966609835624695], "mood_happy": [0.007804115302860737, 0.9913291931152344], "mood_party": [0.9881649613380432, 0.018110794946551323], "mood_relaxed": [0.006929140072315931, 0.9924257397651672], "mood_sad": [0.30483320355415344, 0.7134947180747986]}