{"mood_acoustic": [0.3783021569252014, 0.6132471561431885], "mood_aggressive": [0.06665156036615372, 0.9333241581916809], "mood_electronic": [0.5647755861282349, 0.4333588182926178], "mood_happy": [0.49501508474349976, 0.5070539712905884], "mood_party": [0.6410976052284241, 0.37034425139427185], "mood_relaxed": [0.37157830595970154, 0.6318858861923218], "mood_sad": [0.3757869601249695, 0.6252622604370117]}