{"mood_acoustic": [0.22960445284843445, 0.7709375023841858], "mood_electronic": [0.3001384735107422, 0.704746425151825], "mood_aggressive": [0.13892671465873718, 0.8637704849243164], "mood_relaxed": [0.5296310186386108, 0.4801018536090851], "mood_happy": [0.6758163571357727, 0.3309079706668854], "mood_sad": [0.36726704239845276, 0.6350259780883789], "mood_party": [0.8118067979812622, 0.19554778933525085]}