{"mood_acoustic": [0.7665983438491821, 0.24458028376102448], "mood_electronic": [0.30439600348472595, 0.7202809453010559], "mood_aggressive": [0.12472371757030487, 0.8831726312637329], "mood_relaxed": [0.24498988687992096, 0.7445244789123535], "mood_happy": [0.27711600065231323, 0.7158049941062927], "mood_sad": [0.3247127830982208, 0.6960621476173401], "mood_party": [0.8899919390678406, 0.1460449993610382]}