{"mood_acoustic": [0.3527867794036865, 0.6306262016296387], "mood_aggressive": [0.07820895314216614, 0.9097710251808167], "mood_electronic": [0.17943449318408966, 0.7895519137382507], "mood_happy": [0.20295476913452148, 0.8075005412101746], "mood_party": [0.9859215617179871, 0.014187884517014027], "mood_relaxed": [0.00883390475064516, 0.9885469079017639], "mood_sad": [0.18748605251312256, 0.8296499848365784]}