{"mood_acoustic": [0.7581693530082703, 0.26941585540771484], "mood_electronic": [0.03910314291715622, 0.9545443654060364], "mood_aggressive": [0.002636954188346863, 0.9963766932487488], "mood_relaxed": [0.0032001924701035023, 0.9931221604347229], "mood_happy": [0.006631792522966862, 0.9931310415267944], "mood_sad": [0.3635530173778534, 0.6317352652549744], "mood_party": [0.9920308589935303, 0.006985798478126526]}