{"mood_acoustic": [0.05172869935631752, 0.9459819197654724], "mood_electronic": [0.969302773475647, 0.03169633075594902], "mood_aggressive": [0.2164047509431839, 0.7802266478538513], "mood_relaxed": [0.642410397529602, 0.3728518784046173], "mood_happy": [0.37479737401008606, 0.6191806197166443], "mood_sad": [0.8745355010032654, 0.12350030988454819], "mood_party": [0.28010478615760803, 0.7340580224990845]}