{"mood_acoustic": [0.8128984570503235, 0.1890070140361786], "mood_electronic": [0.1384897530078888, 0.8688808679580688], "mood_aggressive": [0.03311172500252724, 0.9660741686820984], "mood_relaxed": [0.17548885941505432, 0.8282948136329651], "mood_happy": [0.49987882375717163, 0.49072638154029846], "mood_sad": [0.344254732131958, 0.654234766960144], "mood_party": [0.9532996416091919, 0.048643048852682114]}