{"mood_acoustic": [0.026806939393281937, 0.97306889295578], "mood_electronic": [0.980579674243927, 0.018712978810071945], "mood_aggressive": [0.656761109828949, 0.3501693606376648], "mood_relaxed": [0.7949866056442261, 0.2106875628232956], "mood_happy": [0.2805595099925995, 0.7224060297012329], "mood_sad": [0.8607602119445801, 0.138454869389534], "mood_party": [0.18310843408107758, 0.8209807872772217]}