{"mood_acoustic": [0.035014763474464417, 0.9648152589797974], "mood_aggressive": [0.8759866952896118, 0.11898516863584518], "mood_electronic": [0.21218165755271912, 0.7930355668067932], "mood_happy": [0.5190088748931885, 0.48201730847358704], "mood_party": [0.4414352774620056, 0.5656505227088928], "mood_relaxed": [0.9610618352890015, 0.039267200976610184], "mood_sad": [0.9535868763923645, 0.04745270311832428]}