{"mood_acoustic": [0.12178961932659149, 0.8824777603149414], "mood_electronic": [0.4773891568183899, 0.521146297454834], "mood_aggressive": [0.6539590358734131, 0.3426625728607178], "mood_relaxed": [0.7408741116523743, 0.26308226585388184], "mood_happy": [0.5743165612220764, 0.42575201392173767], "mood_sad": [0.675115704536438, 0.3163422644138336], "mood_party": [0.6287255883216858, 0.36474499106407166]}