{"mood_acoustic": [0.8766741752624512, 0.12046980112791061], "mood_aggressive": [0.0027422395069152117, 0.9967306852340698], "mood_electronic": [0.13884522020816803, 0.8676036596298218], "mood_happy": [0.0025833307299762964, 0.9972035884857178], "mood_party": [0.9960598349571228, 0.004193589556962252], "mood_relaxed": [0.003968511708080769, 0.9943794012069702], "mood_sad": [0.04515346139669418, 0.9597221612930298]}