{"mood_acoustic": [0.07422100007534027, 0.9259130954742432], "mood_aggressive": [0.2068234235048294, 0.7868274450302124], "mood_electronic": [0.7441354990005493, 0.2599753737449646], "mood_happy": [0.017524639144539833, 0.980579137802124], "mood_party": [0.9505708813667297, 0.06493021547794342], "mood_relaxed": [0.05344170331954956, 0.946271538734436], "mood_sad": [0.6259812712669373, 0.3901965022087097]}