{"mood_acoustic": [0.04002020135521889, 0.9600136876106262], "mood_aggressive": [0.5799354910850525, 0.4131268858909607], "mood_electronic": [0.8844109773635864, 0.11633460968732834], "mood_happy": [0.6946032643318176, 0.30604636669158936], "mood_party": [0.16049785912036896, 0.8374342918395996], "mood_relaxed": [0.8325708508491516, 0.174298495054245], "mood_sad": [0.9055861234664917, 0.09617383778095245]}