{"mood_acoustic": [0.1367015242576599, 0.8472080826759338], "mood_aggressive": [0.1462588757276535, 0.8395769000053406], "mood_electronic": [0.2858559787273407, 0.6897812485694885], "mood_happy": [0.3945247530937195, 0.644533097743988], "mood_party": [0.9770243763923645, 0.0200418159365654], "mood_relaxed": [0.019090598449110985, 0.982327938079834], "mood_sad": [0.32362690567970276, 0.7055366635322571]}