{"mood_acoustic": [0.5782316327095032, 0.4198344349861145], "mood_electronic": [0.37865909934043884, 0.6276294589042664], "mood_aggressive": [0.03590794652700424, 0.9650004506111145], "mood_relaxed": [0.14447522163391113, 0.8578033447265625], "mood_happy": [0.2618846893310547, 0.7410708665847778], "mood_sad": [0.23837754130363464, 0.7646556496620178], "mood_party": [0.9374437928199768, 0.06681498885154724]}