{"mood_acoustic": [0.13920870423316956, 0.8704792857170105], "mood_aggressive": [0.3194434940814972, 0.6730493903160095], "mood_electronic": [0.5964710116386414, 0.4037061035633087], "mood_happy": [0.17072713375091553, 0.8305398225784302], "mood_party": [0.5899667739868164, 0.41612598299980164], "mood_relaxed": [0.39700597524642944, 0.617685854434967], "mood_sad": [0.617516815662384, 0.3936524987220764]}