{"mood_acoustic": [0.03281300514936447, 0.9693599343299866], "mood_aggressive": [0.6701919436454773, 0.33255961537361145], "mood_electronic": [0.9242270588874817, 0.07545214891433716], "mood_happy": [0.37034276127815247, 0.6234830021858215], "mood_party": [0.2834670841693878, 0.7178148031234741], "mood_relaxed": [0.6963873505592346, 0.30164414644241333], "mood_sad": [0.8647924065589905, 0.13580889999866486]}