{"mood_acoustic": [0.9845218062400818, 0.015469570644199848], "mood_aggressive": [0.009585556574165821, 0.9906201958656311], "mood_electronic": [0.03787733614444733, 0.964638352394104], "mood_happy": [0.11704182624816895, 0.879148006439209], "mood_party": [0.9933183789253235, 0.007025458849966526], "mood_relaxed": [0.062263257801532745, 0.9354826211929321], "mood_sad": [0.12069550901651382, 0.8713122010231018]}