{"mood_acoustic": [0.11394292116165161, 0.8875759243965149], "mood_electronic": [0.7577930688858032, 0.2423064410686493], "mood_aggressive": [0.27375489473342896, 0.7196275591850281], "mood_relaxed": [0.6606510281562805, 0.3630722165107727], "mood_happy": [0.7485496997833252, 0.25098559260368347], "mood_sad": [0.7621365189552307, 0.2300298660993576], "mood_party": [0.37802883982658386, 0.6236001253128052]}