{"mood_acoustic": [0.18111266195774078, 0.8187987804412842], "mood_electronic": [0.7203232645988464, 0.29628467559814453], "mood_aggressive": [0.20472565293312073, 0.7973484992980957], "mood_relaxed": [0.04948442056775093, 0.9484968185424805], "mood_happy": [0.04992515593767166, 0.9498984217643738], "mood_sad": [0.5513800382614136, 0.4530809223651886], "mood_party": [0.9540887475013733, 0.059594351798295975]}