{"mood_acoustic": [0.23438794910907745, 0.7648129463195801], "mood_aggressive": [0.2982930839061737, 0.7015392184257507], "mood_electronic": [0.5538513660430908, 0.44971704483032227], "mood_happy": [0.8440726399421692, 0.15760426223278046], "mood_party": [0.3199951946735382, 0.6664046049118042], "mood_relaxed": [0.7361224293708801, 0.2819468677043915], "mood_sad": [0.8630475997924805, 0.13887536525726318]}