{"mood_acoustic": [0.09152209758758545, 0.9091656804084778], "mood_aggressive": [0.5184546709060669, 0.47111040353775024], "mood_electronic": [0.5496959686279297, 0.46010515093803406], "mood_happy": [0.577654242515564, 0.4250059723854065], "mood_party": [0.47133636474609375, 0.5348014831542969], "mood_relaxed": [0.8020104169845581, 0.21451395750045776], "mood_sad": [0.8799114227294922, 0.12234431505203247]}