{"mood_acoustic": [0.9761437773704529, 0.023173637688159943], "mood_aggressive": [0.005909446161240339, 0.9926501512527466], "mood_electronic": [0.027616174891591072, 0.9736918210983276], "mood_happy": [0.04306909441947937, 0.9572410583496094], "mood_party": [0.992506742477417, 0.008307429030537605], "mood_relaxed": [0.03887244313955307, 0.9602264165878296], "mood_sad": [0.08295752108097076, 0.9150359034538269]}