{"mood_acoustic": [0.6867315173149109, 0.31548041105270386], "mood_aggressive": [0.09824762493371964, 0.9016924500465393], "mood_electronic": [0.22293509542942047, 0.7880616784095764], "mood_happy": [0.5949235558509827, 0.39291614294052124], "mood_party": [0.8987124562263489, 0.09793972969055176], "mood_relaxed": [0.3306223750114441, 0.6646844148635864], "mood_sad": [0.40972694754600525, 0.5874156951904297]}