{"mood_acoustic": [0.7284639477729797, 0.28346168994903564], "mood_electronic": [0.16288214921951294, 0.8460192680358887], "mood_aggressive": [0.0024663221556693316, 0.997452437877655], "mood_relaxed": [0.004875966813415289, 0.9932185411453247], "mood_happy": [0.004009370692074299, 0.9959170818328857], "mood_sad": [0.06390950828790665, 0.9364513754844666], "mood_party": [0.9913475513458252, 0.007425230927765369]}