{"mood_acoustic": [0.6979115009307861, 0.3234478533267975], "mood_electronic": [0.3967893123626709, 0.6107765436172485], "mood_aggressive": [0.011944720521569252, 0.9880977272987366], "mood_relaxed": [0.02229098416864872, 0.9785622954368591], "mood_happy": [0.0715222954750061, 0.9287140965461731], "mood_sad": [0.0396985188126564, 0.9628314971923828], "mood_party": [0.9832661151885986, 0.017784498631954193]}