{"mood_acoustic": [0.28246745467185974, 0.7158384323120117], "mood_aggressive": [0.4559316337108612, 0.5326921939849854], "mood_electronic": [0.1917819231748581, 0.8180485963821411], "mood_happy": [0.8605661392211914, 0.13332590460777283], "mood_party": [0.4936431646347046, 0.49072280526161194], "mood_relaxed": [0.7707589864730835, 0.23921482264995575], "mood_sad": [0.8831562399864197, 0.11147096008062363]}