{"mood_acoustic": [0.27016711235046387, 0.723255455493927], "mood_electronic": [0.14773528277873993, 0.8629207611083984], "mood_aggressive": [0.4785694181919098, 0.5110085606575012], "mood_relaxed": [0.7879514694213867, 0.22613286972045898], "mood_happy": [0.6902825832366943, 0.29417675733566284], "mood_sad": [0.7859487533569336, 0.2102891206741333], "mood_party": [0.6761561632156372, 0.32323452830314636]}