{"mood_acoustic": [0.008430956862866879, 0.9918738603591919], "mood_aggressive": [0.8237406611442566, 0.16717533767223358], "mood_electronic": [0.9274378418922424, 0.07671861350536346], "mood_happy": [0.2036469280719757, 0.7955182194709778], "mood_party": [0.1303766518831253, 0.8825647234916687], "mood_relaxed": [0.9454765319824219, 0.059305429458618164], "mood_sad": [0.9868433475494385, 0.013381031341850758]}