{"mood_acoustic": [0.6669025421142578, 0.33657577633857727], "mood_electronic": [0.15858449041843414, 0.8514739871025085], "mood_aggressive": [0.015748988837003708, 0.9860925078392029], "mood_relaxed": [0.33146438002586365, 0.6780738830566406], "mood_happy": [0.6656143069267273, 0.3196755349636078], "mood_sad": [0.2327720671892166, 0.7589545845985413], "mood_party": [0.8969706892967224, 0.10986090451478958]}