{"mood_acoustic": [0.16095323860645294, 0.835624098777771], "mood_aggressive": [0.2680630087852478, 0.7391628623008728], "mood_electronic": [0.22301574051380157, 0.7779667377471924], "mood_happy": [0.7917838096618652, 0.22329087555408478], "mood_party": [0.2916964590549469, 0.7034125328063965], "mood_relaxed": [0.7175517678260803, 0.30808714032173157], "mood_sad": [0.6249024868011475, 0.3796384632587433]}