{"mood_acoustic": [0.09820827096700668, 0.9050074815750122], "mood_electronic": [0.5485685467720032, 0.45500755310058594], "mood_aggressive": [0.22275829315185547, 0.775898277759552], "mood_relaxed": [0.7558435797691345, 0.26151803135871887], "mood_happy": [0.8144993185997009, 0.18541142344474792], "mood_sad": [0.8494575619697571, 0.15193864703178406], "mood_party": [0.13508398830890656, 0.8648427724838257]}