{"mood_acoustic": [0.013232406228780746, 0.987094521522522], "mood_electronic": [0.11145111173391342, 0.890219509601593], "mood_aggressive": [0.98512202501297, 0.014580083079636097], "mood_relaxed": [0.9613770246505737, 0.037963107228279114], "mood_happy": [0.4194207191467285, 0.5705752372741699], "mood_sad": [0.9233022928237915, 0.07561489194631577], "mood_party": [0.679162323474884, 0.3194945156574249]}