{"mood_acoustic": [0.7121958136558533, 0.29227226972579956], "mood_aggressive": [0.0061766281723976135, 0.9914389848709106], "mood_electronic": [0.07153457403182983, 0.9259969592094421], "mood_happy": [0.006525838747620583, 0.9929806590080261], "mood_party": [0.9921031594276428, 0.008059908635914326], "mood_relaxed": [0.01016103196889162, 0.9877657294273376], "mood_sad": [0.09973117709159851, 0.9063736200332642]}