{"mood_acoustic": [0.8940356969833374, 0.11328738927841187], "mood_aggressive": [0.004725020378828049, 0.9934976100921631], "mood_electronic": [0.04063379392027855, 0.9614754319190979], "mood_happy": [0.01474335789680481, 0.9846513867378235], "mood_party": [0.9938876032829285, 0.006590648088604212], "mood_relaxed": [0.009544183500111103, 0.9877219796180725], "mood_sad": [0.07837499678134918, 0.923789918422699]}