{"mood_acoustic": [0.8057438135147095, 0.19175684452056885], "mood_aggressive": [0.0076506840996444225, 0.9924018383026123], "mood_electronic": [0.31781280040740967, 0.6885077953338623], "mood_happy": [0.05609201639890671, 0.9387670159339905], "mood_party": [0.9880564212799072, 0.014341775327920914], "mood_relaxed": [0.0471881702542305, 0.9530937671661377], "mood_sad": [0.08452200144529343, 0.9153767228126526]}