{"mood_acoustic": [0.5297882556915283, 0.469196617603302], "mood_electronic": [0.5888352990150452, 0.41431307792663574], "mood_aggressive": [0.058614667505025864, 0.942552387714386], "mood_relaxed": [0.05737990513443947, 0.9397139549255371], "mood_happy": [0.1181669607758522, 0.8748346567153931], "mood_sad": [0.21159550547599792, 0.7945042848587036], "mood_party": [0.9496091604232788, 0.058886364102363586]}