{"mood_acoustic": [0.508584201335907, 0.4866192638874054], "mood_aggressive": [0.023403503000736237, 0.9773122072219849], "mood_electronic": [0.5030834078788757, 0.5070371627807617], "mood_happy": [0.18337015807628632, 0.8075774908065796], "mood_party": [0.9636102318763733, 0.04281901195645332], "mood_relaxed": [0.052312564104795456, 0.9420558214187622], "mood_sad": [0.13283511996269226, 0.8681153059005737]}