{"mood_acoustic": [0.36579641699790955, 0.6215384006500244], "mood_electronic": [0.1532546430826187, 0.8474327325820923], "mood_aggressive": [0.17592518031597137, 0.8230218291282654], "mood_relaxed": [0.6329712867736816, 0.3772166073322296], "mood_happy": [0.7427290678024292, 0.2526416480541229], "mood_sad": [0.6140883564949036, 0.3774849772453308], "mood_party": [0.7014167904853821, 0.2959437668323517]}