{"mood_acoustic": [0.3709079623222351, 0.6283707618713379], "mood_aggressive": [0.47159576416015625, 0.5256096124649048], "mood_electronic": [0.1269342303276062, 0.8760917782783508], "mood_happy": [0.706051766872406, 0.2898612320423126], "mood_party": [0.7258877158164978, 0.27408933639526367], "mood_relaxed": [0.7058507800102234, 0.3034820854663849], "mood_sad": [0.6713781952857971, 0.32643046975135803]}