{"mood_acoustic": [0.010889329947531223, 0.9899093508720398], "mood_aggressive": [0.47171592712402344, 0.5181264281272888], "mood_electronic": [0.9847226142883301, 0.015188056975603104], "mood_happy": [0.4693528413772583, 0.5319783687591553], "mood_party": [0.11628955602645874, 0.8809930682182312], "mood_relaxed": [0.8616982698440552, 0.1558646410703659], "mood_sad": [0.9496995806694031, 0.04949193075299263]}