{"mood_acoustic": [0.0887293666601181, 0.9108473062515259], "mood_electronic": [0.8426920771598816, 0.15886569023132324], "mood_aggressive": [0.6354843378067017, 0.3590923547744751], "mood_relaxed": [0.7897481322288513, 0.2139226347208023], "mood_happy": [0.3326050341129303, 0.6631582379341125], "mood_sad": [0.8997359275817871, 0.0973755344748497], "mood_party": [0.24330230057239532, 0.7619282007217407]}