{"mood_acoustic": [0.17505937814712524, 0.8062035441398621], "mood_electronic": [0.9490653276443481, 0.05062129721045494], "mood_aggressive": [0.050464872270822525, 0.9511744379997253], "mood_relaxed": [0.023122742772102356, 0.976131021976471], "mood_happy": [0.030374152585864067, 0.9717583060264587], "mood_sad": [0.4436197578907013, 0.5580838322639465], "mood_party": [0.9309371113777161, 0.08073740452528]}