{"mood_acoustic": [0.025689080357551575, 0.9750531315803528], "mood_electronic": [0.9548118710517883, 0.04390978068113327], "mood_aggressive": [0.5141470432281494, 0.4867507517337799], "mood_relaxed": [0.8594971299171448, 0.14418348670005798], "mood_happy": [0.6064964532852173, 0.39764612913131714], "mood_sad": [0.9691702127456665, 0.027033833786845207], "mood_party": [0.10987342894077301, 0.8892625570297241]}