{"mood_acoustic": [0.07077252864837646, 0.9292944073677063], "mood_electronic": [0.9479088187217712, 0.05391642823815346], "mood_aggressive": [0.018058327957987785, 0.9840410947799683], "mood_relaxed": [0.01840534247457981, 0.9810690879821777], "mood_happy": [0.026135260239243507, 0.9739037752151489], "mood_sad": [0.3082876205444336, 0.6936275362968445], "mood_party": [0.9682443737983704, 0.036308471113443375]}