{"mood_acoustic": [0.5835540890693665, 0.41473013162612915], "mood_electronic": [0.13582949340343475, 0.8684815764427185], "mood_aggressive": [0.08733170479536057, 0.9090119004249573], "mood_relaxed": [0.47839200496673584, 0.5331060886383057], "mood_happy": [0.7762039303779602, 0.21539431810379028], "mood_sad": [0.5533232688903809, 0.4400235414505005], "mood_party": [0.7507515549659729, 0.2343994826078415]}