{"mood_acoustic": [0.6496492028236389, 0.34745168685913086], "mood_aggressive": [0.034092631191015244, 0.9654721021652222], "mood_electronic": [0.14902755618095398, 0.8518073558807373], "mood_happy": [0.6658729314804077, 0.3346002697944641], "mood_party": [0.8623005747795105, 0.13980995118618011], "mood_relaxed": [0.3409394919872284, 0.6710244417190552], "mood_sad": [0.35084038972854614, 0.6418170928955078]}