{"mood_acoustic": [0.1848849505186081, 0.8235570788383484], "mood_aggressive": [0.3955526053905487, 0.6068958640098572], "mood_electronic": [0.7838709354400635, 0.21832121908664703], "mood_happy": [0.16772407293319702, 0.84135502576828], "mood_party": [0.4564652442932129, 0.5523873567581177], "mood_relaxed": [0.5472084283828735, 0.4703127145767212], "mood_sad": [0.6931709051132202, 0.3047192096710205]}