{"mood_acoustic": [0.7745934724807739, 0.23738835752010345], "mood_aggressive": [0.0057760500349104404, 0.9922115206718445], "mood_electronic": [0.06243881583213806, 0.93466717004776], "mood_happy": [0.01989106647670269, 0.9781702160835266], "mood_party": [0.9908781051635742, 0.009629189036786556], "mood_relaxed": [0.01256715226918459, 0.9836261868476868], "mood_sad": [0.08231980353593826, 0.9182616472244263]}