{"mood_acoustic": [0.0076919118873775005, 0.9932337999343872], "mood_aggressive": [0.9576297402381897, 0.046134255826473236], "mood_electronic": [0.2873055338859558, 0.7123201489448547], "mood_happy": [0.28945866227149963, 0.7084500193595886], "mood_party": [0.5073766112327576, 0.5003740191459656], "mood_relaxed": [0.9276747703552246, 0.07051005959510803], "mood_sad": [0.9623759388923645, 0.03718780353665352]}