{"mood_acoustic": [0.24590130150318146, 0.7475765347480774], "mood_aggressive": [0.06570960581302643, 0.9340243935585022], "mood_electronic": [0.7929792404174805, 0.2174430638551712], "mood_happy": [0.0030887078028172255, 0.9968952536582947], "mood_party": [0.9929353594779968, 0.00932530127465725], "mood_relaxed": [0.003095697844401002, 0.9959433078765869], "mood_sad": [0.35414138436317444, 0.6491727828979492]}