{"mood_acoustic": [0.02262282744050026, 0.9780122637748718], "mood_aggressive": [0.4471927583217621, 0.5616650581359863], "mood_electronic": [0.9766885042190552, 0.022829655557870865], "mood_happy": [0.46045827865600586, 0.5373973846435547], "mood_party": [0.2733733355998993, 0.7293241620063782], "mood_relaxed": [0.7024922966957092, 0.31011882424354553], "mood_sad": [0.8592343330383301, 0.13635171949863434]}