{"mood_acoustic": [0.13274697959423065, 0.8653183579444885], "mood_electronic": [0.08775196969509125, 0.9135916829109192], "mood_aggressive": [0.7398688793182373, 0.25630977749824524], "mood_relaxed": [0.8571576476097107, 0.15191161632537842], "mood_happy": [0.8220986723899841, 0.16928307712078094], "mood_sad": [0.7835208773612976, 0.21468684077262878], "mood_party": [0.7056204676628113, 0.28071415424346924]}