{"mood_acoustic": [0.1154608353972435, 0.8857734203338623], "mood_electronic": [0.824895441532135, 0.17729452252388], "mood_aggressive": [0.23881326615810394, 0.7642375826835632], "mood_relaxed": [0.6772561073303223, 0.3435218036174774], "mood_happy": [0.41049572825431824, 0.5859019756317139], "mood_sad": [0.8651331663131714, 0.13346467912197113], "mood_party": [0.34140679240226746, 0.6497286558151245]}