{"mood_acoustic": [0.6432641744613647, 0.3793458342552185], "mood_electronic": [0.1617717742919922, 0.8504499793052673], "mood_aggressive": [0.006787871476262808, 0.9923936128616333], "mood_relaxed": [0.002870533149689436, 0.9956785440444946], "mood_happy": [0.0008039614767767489, 0.9991515874862671], "mood_sad": [0.16539084911346436, 0.8435532450675964], "mood_party": [0.9947553277015686, 0.005637035239487886]}