{"mood_acoustic": [0.09189315140247345, 0.9082914590835571], "mood_electronic": [0.8794676065444946, 0.11802367120981216], "mood_aggressive": [0.15968899428844452, 0.8321021795272827], "mood_relaxed": [0.6071704030036926, 0.4057140052318573], "mood_happy": [0.3727954924106598, 0.6159626245498657], "mood_sad": [0.8548070192337036, 0.13783523440361023], "mood_party": [0.40844058990478516, 0.6101992726325989]}