{"mood_acoustic": [0.1323705017566681, 0.8700865507125854], "mood_aggressive": [0.374673455953598, 0.6283537149429321], "mood_electronic": [0.7478772401809692, 0.2572086453437805], "mood_happy": [0.13488838076591492, 0.847298264503479], "mood_party": [0.9188528060913086, 0.09624261409044266], "mood_relaxed": [0.08811333030462265, 0.9226456880569458], "mood_sad": [0.7747600078582764, 0.2322048842906952]}