{"mood_acoustic": [0.04414306581020355, 0.9558759927749634], "mood_electronic": [0.110505610704422, 0.884126603603363], "mood_aggressive": [0.9569228291511536, 0.04397626593708992], "mood_relaxed": [0.9444313049316406, 0.05055789276957512], "mood_happy": [0.09226790815591812, 0.9055768847465515], "mood_sad": [0.9463362693786621, 0.05599863454699516], "mood_party": [0.7681176662445068, 0.24431167542934418]}