{"mood_acoustic": [0.27427005767822266, 0.7260814905166626], "mood_aggressive": [0.05512986332178116, 0.9461268186569214], "mood_electronic": [0.8676905035972595, 0.13875435292720795], "mood_happy": [0.45791006088256836, 0.5430282950401306], "mood_party": [0.7163480520248413, 0.25472304224967957], "mood_relaxed": [0.26042407751083374, 0.7600067853927612], "mood_sad": [0.6085755228996277, 0.3981841206550598]}