{"mood_acoustic": [0.09234380722045898, 0.9057384729385376], "mood_aggressive": [0.032065995037555695, 0.9695821404457092], "mood_electronic": [0.91911381483078, 0.08445969223976135], "mood_happy": [0.22101588547229767, 0.7588838338851929], "mood_party": [0.6813715696334839, 0.3159129023551941], "mood_relaxed": [0.2753012478351593, 0.741847813129425], "mood_sad": [0.7013181447982788, 0.2977991998195648]}