{"mood_acoustic": [0.43594008684158325, 0.5803141593933105], "mood_electronic": [0.663654625415802, 0.3261086940765381], "mood_aggressive": [0.012519574724137783, 0.9858514070510864], "mood_relaxed": [0.02215622551739216, 0.9772874712944031], "mood_happy": [0.044268034398555756, 0.9541515111923218], "mood_sad": [0.10803427547216415, 0.8966946601867676], "mood_party": [0.9696420431137085, 0.037756942212581635]}