{"mood_acoustic": [0.10326391458511353, 0.8959288597106934], "mood_aggressive": [0.031299613416194916, 0.9706944823265076], "mood_electronic": [0.9227874875068665, 0.08235357701778412], "mood_happy": [0.2623986303806305, 0.7256049513816833], "mood_party": [0.7547599673271179, 0.25645750761032104], "mood_relaxed": [0.225389301776886, 0.7847464084625244], "mood_sad": [0.5994066596031189, 0.3953007161617279]}