{"mood_acoustic": [0.022491980344057083, 0.9776337742805481], "mood_electronic": [0.2571856677532196, 0.7488017082214355], "mood_aggressive": [0.9254072308540344, 0.07012636214494705], "mood_relaxed": [0.9504531621932983, 0.050198741257190704], "mood_happy": [0.5395107865333557, 0.4697708487510681], "mood_sad": [0.9491583704948425, 0.05338960513472557], "mood_party": [0.4732677638530731, 0.5495604276657104]}