{"mood_acoustic": [0.029985692352056503, 0.9711923599243164], "mood_electronic": [0.6907998323440552, 0.30804288387298584], "mood_aggressive": [0.8113791346549988, 0.18518252670764923], "mood_relaxed": [0.8372026681900024, 0.16608895361423492], "mood_happy": [0.2599790692329407, 0.7419525384902954], "mood_sad": [0.8535681366920471, 0.1478145271539688], "mood_party": [0.4520256817340851, 0.5612658262252808]}