{"mood_acoustic": [0.12936334311962128, 0.8645826578140259], "mood_aggressive": [0.05642412230372429, 0.9427494406700134], "mood_electronic": [0.48708638548851013, 0.512064516544342], "mood_happy": [0.7962241768836975, 0.20844370126724243], "mood_party": [0.23514367640018463, 0.773420512676239], "mood_relaxed": [0.5647841095924377, 0.4360235035419464], "mood_sad": [0.38406211137771606, 0.6333569288253784]}