{"mood_acoustic": [0.16979406774044037, 0.8289918899536133], "mood_electronic": [0.901807427406311, 0.10014775395393372], "mood_aggressive": [0.11154473572969437, 0.8871865272521973], "mood_relaxed": [0.2844531536102295, 0.7200374603271484], "mood_happy": [0.5208353400230408, 0.470284104347229], "mood_sad": [0.7310437560081482, 0.2643890976905823], "mood_party": [0.6811144948005676, 0.346819669008255]}