{"mood_acoustic": [0.011450137943029404, 0.9888647794723511], "mood_aggressive": [0.40403470396995544, 0.5962882041931152], "mood_electronic": [0.9834830164909363, 0.01735559105873108], "mood_happy": [0.10919413715600967, 0.8898622989654541], "mood_party": [0.35557499527931213, 0.6313161849975586], "mood_relaxed": [0.6154775619506836, 0.4129682183265686], "mood_sad": [0.9423922300338745, 0.058087363839149475]}