{"mood_acoustic": [0.3045124113559723, 0.6954502463340759], "mood_aggressive": [0.20395825803279877, 0.798346221446991], "mood_electronic": [0.395533949136734, 0.6106027960777283], "mood_happy": [0.5393809080123901, 0.45954057574272156], "mood_party": [0.6002771854400635, 0.39938732981681824], "mood_relaxed": [0.4571111500263214, 0.5573006868362427], "mood_sad": [0.6121626496315002, 0.38479068875312805]}