{"mood_acoustic": [0.3082214593887329, 0.7209715247154236], "mood_aggressive": [0.021631324663758278, 0.9774670004844666], "mood_electronic": [0.7136285305023193, 0.2933831214904785], "mood_happy": [0.29116085171699524, 0.7054718136787415], "mood_party": [0.9176378846168518, 0.09250550717115402], "mood_relaxed": [0.08972204476594925, 0.9177065491676331], "mood_sad": [0.07588278502225876, 0.9305088520050049]}