{"mood_acoustic": [0.09613028168678284, 0.907905638217926], "mood_electronic": [0.9210461974143982, 0.08279237896203995], "mood_aggressive": [0.4364176392555237, 0.5576314330101013], "mood_relaxed": [0.4014175534248352, 0.6006936430931091], "mood_happy": [0.12917563319206238, 0.8701597452163696], "mood_sad": [0.8874996900558472, 0.11131061613559723], "mood_party": [0.630334734916687, 0.39925459027290344]}