{"mood_acoustic": [0.9165077209472656, 0.08466367423534393], "mood_aggressive": [0.015969201922416687, 0.9834240674972534], "mood_electronic": [0.07347875088453293, 0.9285230040550232], "mood_happy": [0.548661470413208, 0.44869279861450195], "mood_party": [0.9627214074134827, 0.042312756180763245], "mood_relaxed": [0.1726757436990738, 0.8354635238647461], "mood_sad": [0.2690716087818146, 0.7249603271484375]}