{"mood_acoustic": [0.0527358241379261, 0.9501945376396179], "mood_electronic": [0.8854089975357056, 0.11087179183959961], "mood_aggressive": [0.12250402569770813, 0.8620643615722656], "mood_relaxed": [0.3945586681365967, 0.6181409358978271], "mood_happy": [0.7756249308586121, 0.22514045238494873], "mood_sad": [0.4433273375034332, 0.5378084182739258], "mood_party": [0.49665483832359314, 0.5188378095626831]}