{"mood_acoustic": [0.20325247943401337, 0.7904602289199829], "mood_aggressive": [0.09734711050987244, 0.9007953405380249], "mood_electronic": [0.9368165135383606, 0.0621112696826458], "mood_happy": [0.02192293107509613, 0.9752209782600403], "mood_party": [0.9572660326957703, 0.050454020500183105], "mood_relaxed": [0.022419027984142303, 0.9759995937347412], "mood_sad": [0.428523987531662, 0.5822243690490723]}