{"mood_acoustic": [0.11413752287626266, 0.8894456624984741], "mood_electronic": [0.8676974177360535, 0.13817991316318512], "mood_aggressive": [0.14636391401290894, 0.8560304045677185], "mood_relaxed": [0.27340757846832275, 0.7405787706375122], "mood_happy": [0.3316085636615753, 0.6595203876495361], "mood_sad": [0.6783652901649475, 0.3247290253639221], "mood_party": [0.7318612337112427, 0.2820693254470825]}