{"mood_acoustic": [0.07604390382766724, 0.918537974357605], "mood_electronic": [0.950218141078949, 0.048714667558670044], "mood_aggressive": [0.08896739035844803, 0.9175068736076355], "mood_relaxed": [0.0494065023958683, 0.9437552094459534], "mood_happy": [0.009958082810044289, 0.9893529415130615], "mood_sad": [0.38012850284576416, 0.6347051858901978], "mood_party": [0.9329923987388611, 0.09211799502372742]}