{"mood_acoustic": [0.20126213133335114, 0.7969495058059692], "mood_aggressive": [0.5185071229934692, 0.47345730662345886], "mood_electronic": [0.19675128161907196, 0.8035614490509033], "mood_happy": [0.7910563349723816, 0.2088358998298645], "mood_party": [0.49901482462882996, 0.49472400546073914], "mood_relaxed": [0.8309849500656128, 0.17555204033851624], "mood_sad": [0.8474560976028442, 0.151448056101799]}