{"mood_acoustic": [0.6762180328369141, 0.3233776390552521], "mood_electronic": [0.28676632046699524, 0.7200611233711243], "mood_aggressive": [0.007874013856053352, 0.9927784204483032], "mood_relaxed": [0.11654005944728851, 0.8793412446975708], "mood_happy": [0.32016462087631226, 0.6802927255630493], "mood_sad": [0.09399809688329697, 0.9028948545455933], "mood_party": [0.9653574824333191, 0.03869663178920746]}