{"mood_acoustic": [0.23039959371089935, 0.7668964862823486], "mood_aggressive": [0.3663010001182556, 0.6238964796066284], "mood_electronic": [0.3531637191772461, 0.656819224357605], "mood_happy": [0.785560667514801, 0.2116348147392273], "mood_party": [0.5021989941596985, 0.48999619483947754], "mood_relaxed": [0.7099246978759766, 0.31355559825897217], "mood_sad": [0.7690334320068359, 0.22883114218711853]}