{"mood_acoustic": [0.45278501510620117, 0.5426039099693298], "mood_aggressive": [0.42837682366371155, 0.5561225414276123], "mood_electronic": [0.8470631837844849, 0.16685299575328827], "mood_happy": [0.012240001931786537, 0.9869847297668457], "mood_party": [0.9631259441375732, 0.04551803693175316], "mood_relaxed": [0.021786309778690338, 0.9721159338951111], "mood_sad": [0.6774797439575195, 0.3276239037513733]}