{"mood_acoustic": [0.8461622595787048, 0.14813672006130219], "mood_aggressive": [0.001369608798995614, 0.9985266923904419], "mood_electronic": [0.04847871512174606, 0.948057234287262], "mood_happy": [0.0010211735498160124, 0.9989560842514038], "mood_party": [0.9963781237602234, 0.003259727731347084], "mood_relaxed": [0.001395203173160553, 0.997028112411499], "mood_sad": [0.07325664907693863, 0.9313746690750122]}