{"mood_acoustic": [0.09423542022705078, 0.9133652448654175], "mood_aggressive": [0.1599416732788086, 0.8171157240867615], "mood_electronic": [0.3356694281101227, 0.6534296274185181], "mood_happy": [0.2572574317455292, 0.7565310001373291], "mood_party": [0.9806709885597229, 0.017811214551329613], "mood_relaxed": [0.015190456993877888, 0.9871470928192139], "mood_sad": [0.4464099109172821, 0.6126515865325928]}