{"mood_acoustic": [0.08626602590084076, 0.9110236167907715], "mood_electronic": [0.9744131565093994, 0.025396090000867844], "mood_aggressive": [0.22918671369552612, 0.7723543643951416], "mood_relaxed": [0.6911436319351196, 0.31567737460136414], "mood_happy": [0.5194783806800842, 0.4936038851737976], "mood_sad": [0.7150169610977173, 0.28275758028030396], "mood_party": [0.20198622345924377, 0.8119586110115051]}