{"mood_acoustic": [0.07559484243392944, 0.9260945916175842], "mood_aggressive": [0.016426406800746918, 0.9838986396789551], "mood_electronic": [0.9822524189949036, 0.01882655918598175], "mood_happy": [0.4883088767528534, 0.5443328619003296], "mood_party": [0.49357858300209045, 0.5654545426368713], "mood_relaxed": [0.2726829946041107, 0.7019957900047302], "mood_sad": [0.38585299253463745, 0.6337317228317261]}