{"mood_acoustic": [0.9575755000114441, 0.04357333108782768], "mood_electronic": [0.04336228966712952, 0.9595275521278381], "mood_aggressive": [0.010751473717391491, 0.988899827003479], "mood_relaxed": [0.0893920436501503, 0.9037039279937744], "mood_happy": [0.2122153639793396, 0.7863309383392334], "mood_sad": [0.08007024973630905, 0.9174986481666565], "mood_party": [0.9920105338096619, 0.010532286949455738]}