{"mood_acoustic": [0.8946133255958557, 0.10035905241966248], "mood_aggressive": [0.01243540272116661, 0.9886794686317444], "mood_electronic": [0.23942488431930542, 0.7704727053642273], "mood_happy": [0.12092485278844833, 0.8611156344413757], "mood_party": [0.9806257486343384, 0.02108965441584587], "mood_relaxed": [0.09550872445106506, 0.9048862457275391], "mood_sad": [0.22036735713481903, 0.7740074396133423]}