{"mood_acoustic": [0.022822270169854164, 0.9796997904777527], "mood_aggressive": [0.31935057044029236, 0.6680512428283691], "mood_electronic": [0.8992918133735657, 0.1075478345155716], "mood_happy": [0.07720079272985458, 0.922009289264679], "mood_party": [0.7062663435935974, 0.30285894870758057], "mood_relaxed": [0.2048933506011963, 0.8114081621170044], "mood_sad": [0.7821514010429382, 0.22667312622070312]}