{"mood_acoustic": [0.9940412640571594, 0.006165755912661552], "mood_electronic": [0.0182062815874815, 0.9822192192077637], "mood_aggressive": [0.0018514578696340322, 0.998202383518219], "mood_relaxed": [0.04228782281279564, 0.9553345441818237], "mood_happy": [0.04689672589302063, 0.9561588168144226], "mood_sad": [0.03278149664402008, 0.9660382866859436], "mood_party": [0.9957408308982849, 0.005078151822090149]}