{"mood_acoustic": [0.832779586315155, 0.1782667338848114], "mood_electronic": [0.05725238099694252, 0.946934700012207], "mood_aggressive": [0.010542420670390129, 0.985633134841919], "mood_relaxed": [0.02120145969092846, 0.9759482145309448], "mood_happy": [0.01603429950773716, 0.9831677079200745], "mood_sad": [0.07607975602149963, 0.9295925498008728], "mood_party": [0.9880862832069397, 0.012235878966748714]}