{"mood_acoustic": [0.2782762944698334, 0.7084593772888184], "mood_electronic": [0.13262620568275452, 0.8422803282737732], "mood_aggressive": [0.09250166267156601, 0.8877620697021484], "mood_relaxed": [0.0075678215362131596, 0.9907907843589783], "mood_happy": [0.15108317136764526, 0.8656308650970459], "mood_sad": [0.1449424922466278, 0.8670600056648254], "mood_party": [0.9905886054039001, 0.00925580132752657]}