{"mood_acoustic": [0.06028638035058975, 0.9396429657936096], "mood_electronic": [0.7694796919822693, 0.23116043210029602], "mood_aggressive": [0.503096342086792, 0.49161964654922485], "mood_relaxed": [0.8561949133872986, 0.1489575058221817], "mood_happy": [0.5860348343849182, 0.4103447198867798], "mood_sad": [0.9367195963859558, 0.0626404657959938], "mood_party": [0.18966436386108398, 0.8059785962104797]}