{"mood_acoustic": [0.3186579942703247, 0.6811729669570923], "mood_electronic": [0.4865536093711853, 0.5144549608230591], "mood_aggressive": [0.10401331633329391, 0.8937124013900757], "mood_relaxed": [0.3915880024433136, 0.6276493072509766], "mood_happy": [0.6422744393348694, 0.36011192202568054], "mood_sad": [0.6451521515846252, 0.3485945761203766], "mood_party": [0.518029510974884, 0.4818773865699768]}