{"mood_acoustic": [0.28521016240119934, 0.7167632579803467], "mood_electronic": [0.7015393376350403, 0.3000391125679016], "mood_aggressive": [0.24345996975898743, 0.7513207793235779], "mood_relaxed": [0.6056592464447021, 0.4036474823951721], "mood_happy": [0.6681081056594849, 0.3382052481174469], "mood_sad": [0.6417214274406433, 0.35284239053726196], "mood_party": [0.3267584443092346, 0.686316192150116]}