{"mood_acoustic": [0.8306893706321716, 0.16712604463100433], "mood_electronic": [0.24019524455070496, 0.7655534148216248], "mood_aggressive": [0.05718586593866348, 0.9339675307273865], "mood_relaxed": [0.13734596967697144, 0.8750399947166443], "mood_happy": [0.5786486268043518, 0.4061674177646637], "mood_sad": [0.6081358790397644, 0.37404772639274597], "mood_party": [0.8956663012504578, 0.12118648737668991]}