{"mood_acoustic": [0.36493897438049316, 0.6387832164764404], "mood_aggressive": [0.08975492417812347, 0.910783052444458], "mood_electronic": [0.31755492091178894, 0.6808381676673889], "mood_happy": [0.9249805808067322, 0.07703867554664612], "mood_party": [0.3218790292739868, 0.6785282492637634], "mood_relaxed": [0.7288450002670288, 0.281920850276947], "mood_sad": [0.8418654203414917, 0.15373528003692627]}