{"mood_acoustic": [0.026254523545503616, 0.9720816612243652], "mood_aggressive": [0.9576252102851868, 0.04128589108586311], "mood_electronic": [0.0736033022403717, 0.9262484312057495], "mood_happy": [0.445304274559021, 0.5588369965553284], "mood_party": [0.6024286150932312, 0.4051898717880249], "mood_relaxed": [0.9651769399642944, 0.03387779742479324], "mood_sad": [0.9730253219604492, 0.02873457595705986]}