{"mood_acoustic": [0.8944355249404907, 0.11212204396724701], "mood_aggressive": [0.012427972629666328, 0.986397922039032], "mood_electronic": [0.1267189383506775, 0.8703741431236267], "mood_happy": [0.1891208440065384, 0.797659158706665], "mood_party": [0.9879289269447327, 0.016518883407115936], "mood_relaxed": [0.04432870075106621, 0.9561342000961304], "mood_sad": [0.2928042411804199, 0.725953996181488]}