{"mood_acoustic": [0.08473692089319229, 0.9144454002380371], "mood_aggressive": [0.23019596934318542, 0.7630309462547302], "mood_electronic": [0.9417985081672668, 0.06033738702535629], "mood_happy": [0.08165574073791504, 0.9146840572357178], "mood_party": [0.615774393081665, 0.3960580825805664], "mood_relaxed": [0.3388161361217499, 0.6642694473266602], "mood_sad": [0.6332612633705139, 0.37267252802848816]}