{"mood_acoustic": [0.20467735826969147, 0.7927800416946411], "mood_aggressive": [0.02568928338587284, 0.9734658598899841], "mood_electronic": [0.8600401282310486, 0.13748228549957275], "mood_happy": [0.25903740525245667, 0.7339580059051514], "mood_party": [0.8110817074775696, 0.2002161592245102], "mood_relaxed": [0.14804647862911224, 0.8582848310470581], "mood_sad": [0.3071754276752472, 0.6932132840156555]}