{"mood_acoustic": [0.8954272270202637, 0.10276924073696136], "mood_aggressive": [0.005756313446909189, 0.9938986897468567], "mood_electronic": [0.039198845624923706, 0.9599458575248718], "mood_happy": [0.16114476323127747, 0.8423113822937012], "mood_party": [0.9838046431541443, 0.01685250923037529], "mood_relaxed": [0.08522705733776093, 0.9149718880653381], "mood_sad": [0.06111155450344086, 0.9373943209648132]}