{"mood_acoustic": [0.8236891627311707, 0.17598047852516174], "mood_aggressive": [0.005710199475288391, 0.9921542406082153], "mood_electronic": [0.04305506870150566, 0.9579387903213501], "mood_happy": [0.03736972063779831, 0.963135838508606], "mood_party": [0.9822251200675964, 0.01646176166832447], "mood_relaxed": [0.03803722932934761, 0.9586614966392517], "mood_sad": [0.08805748075246811, 0.9154524803161621]}