{"mood_acoustic": [0.7502514719963074, 0.2448946237564087], "mood_aggressive": [0.053738292306661606, 0.9469137787818909], "mood_electronic": [0.123569555580616, 0.8761727213859558], "mood_happy": [0.5582102537155151, 0.4464867413043976], "mood_party": [0.8900284171104431, 0.11651346832513809], "mood_relaxed": [0.3752523362636566, 0.6271634101867676], "mood_sad": [0.34829655289649963, 0.655947744846344]}