{"mood_acoustic": [0.020701095461845398, 0.9770975112915039], "mood_aggressive": [0.5502215623855591, 0.43682485818862915], "mood_electronic": [0.9709920883178711, 0.02879241108894348], "mood_happy": [0.24407197535037994, 0.7555861473083496], "mood_party": [0.29840087890625, 0.7117403149604797], "mood_relaxed": [0.7098919749259949, 0.2943955361843109], "mood_sad": [0.9313053488731384, 0.06793661415576935]}