{"mood_acoustic": [0.0033069204073399305, 0.9963741302490234], "mood_aggressive": [0.981963038444519, 0.016732005402445793], "mood_electronic": [0.07456018775701523, 0.9285361170768738], "mood_happy": [0.21677428483963013, 0.7843450307846069], "mood_party": [0.5970522165298462, 0.40535473823547363], "mood_relaxed": [0.9778024554252625, 0.021460432559251785], "mood_sad": [0.9867938160896301, 0.014237710274755955]}