{"mood_acoustic": [0.48439207673072815, 0.5102495551109314], "mood_aggressive": [0.3055769205093384, 0.6878268122673035], "mood_electronic": [0.4886893332004547, 0.5225629806518555], "mood_happy": [0.1701202392578125, 0.8255752921104431], "mood_party": [0.9097456336021423, 0.09115438163280487], "mood_relaxed": [0.286935031414032, 0.7145933508872986], "mood_sad": [0.4355786442756653, 0.569835901260376]}