{"mood_acoustic": [0.6904262900352478, 0.3281797468662262], "mood_electronic": [0.2580462396144867, 0.7530674934387207], "mood_aggressive": [0.008109553717076778, 0.9909750819206238], "mood_relaxed": [0.014033903367817402, 0.9850790500640869], "mood_happy": [0.01658497378230095, 0.9824690222740173], "mood_sad": [0.06959129124879837, 0.9318721294403076], "mood_party": [0.989805281162262, 0.011093869805335999]}