{"mood_acoustic": [0.03220498934388161, 0.9681158661842346], "mood_aggressive": [0.702003538608551, 0.296066552400589], "mood_electronic": [0.8110167980194092, 0.18848517537117004], "mood_happy": [0.3726535737514496, 0.6309575438499451], "mood_party": [0.39789751172065735, 0.6184455752372742], "mood_relaxed": [0.7678236365318298, 0.23997798562049866], "mood_sad": [0.8701655864715576, 0.1313110738992691]}