{"mood_acoustic": [0.9745516777038574, 0.027592090889811516], "mood_electronic": [0.020416682586073875, 0.9805371165275574], "mood_aggressive": [0.0020787548273801804, 0.998062789440155], "mood_relaxed": [0.06325274705886841, 0.9399423599243164], "mood_happy": [0.09324046969413757, 0.9112210273742676], "mood_sad": [0.035178642719984055, 0.961999773979187], "mood_party": [0.995650053024292, 0.004649918060749769]}