{"mood_acoustic": [0.388311505317688, 0.6136282682418823], "mood_electronic": [0.6683553457260132, 0.33703261613845825], "mood_aggressive": [0.07385773956775665, 0.9257143139839172], "mood_relaxed": [0.34014081954956055, 0.6586772203445435], "mood_happy": [0.4521665871143341, 0.5560842156410217], "mood_sad": [0.3513319492340088, 0.644882321357727], "mood_party": [0.6154393553733826, 0.4042801558971405]}