{"mood_acoustic": [0.135406956076622, 0.8643685579299927], "mood_aggressive": [0.6838880181312561, 0.31274333596229553], "mood_electronic": [0.31579533219337463, 0.686262309551239], "mood_happy": [0.5867815613746643, 0.4123673141002655], "mood_party": [0.42563995718955994, 0.5778965950012207], "mood_relaxed": [0.8787819743156433, 0.1223733052611351], "mood_sad": [0.9361991882324219, 0.06310144066810608]}