{"mood_acoustic": [0.14144504070281982, 0.8629329800605774], "mood_aggressive": [0.06939251720905304, 0.9303800463676453], "mood_electronic": [0.8216181397438049, 0.18183909356594086], "mood_happy": [0.13610735535621643, 0.862068235874176], "mood_party": [0.8600742816925049, 0.14426523447036743], "mood_relaxed": [0.11631718277931213, 0.8869355320930481], "mood_sad": [0.3310336172580719, 0.6722909212112427]}