{"mood_acoustic": [0.2563333809375763, 0.7465795874595642], "mood_electronic": [0.8562015891075134, 0.1422903686761856], "mood_aggressive": [0.18418662250041962, 0.8113986253738403], "mood_relaxed": [0.48229146003723145, 0.5485753417015076], "mood_happy": [0.5543222427368164, 0.44536200165748596], "mood_sad": [0.7228848338127136, 0.2867637276649475], "mood_party": [0.513322114944458, 0.4861379563808441]}