{"mood_acoustic": [0.13034413754940033, 0.875713586807251], "mood_aggressive": [0.019918277859687805, 0.9808668494224548], "mood_electronic": [0.924501895904541, 0.08030689507722855], "mood_happy": [0.1891324371099472, 0.7912766933441162], "mood_party": [0.9099268317222595, 0.1068839505314827], "mood_relaxed": [0.09849856793880463, 0.9016690254211426], "mood_sad": [0.24780333042144775, 0.7522842884063721]}