{"mood_acoustic": [0.0035657912958413363, 0.9970952868461609], "mood_aggressive": [0.5194455981254578, 0.46529459953308105], "mood_electronic": [0.989505410194397, 0.01075049303472042], "mood_happy": [0.6222582459449768, 0.3893314003944397], "mood_party": [0.14409366250038147, 0.8569731116294861], "mood_relaxed": [0.8161464333534241, 0.21255245804786682], "mood_sad": [0.9640989899635315, 0.03595582768321037]}