{"mood_acoustic": [0.05092950165271759, 0.9468193650245667], "mood_aggressive": [0.917880117893219, 0.08160233497619629], "mood_electronic": [0.18254466354846954, 0.816741943359375], "mood_happy": [0.26160165667533875, 0.7306451797485352], "mood_party": [0.5595532655715942, 0.4485451877117157], "mood_relaxed": [0.9186736941337585, 0.07987140119075775], "mood_sad": [0.9243966937065125, 0.07663657516241074]}