{"mood_acoustic": [0.08412806689739227, 0.9129108786582947], "mood_aggressive": [0.05818241089582443, 0.9414433836936951], "mood_electronic": [0.2785990834236145, 0.7227826714515686], "mood_happy": [0.885165274143219, 0.11882703006267548], "mood_party": [0.20234467089176178, 0.8086622357368469], "mood_relaxed": [0.5762698650360107, 0.44562655687332153], "mood_sad": [0.6633613705635071, 0.33058300614356995]}