{"mood_acoustic": [0.5699980854988098, 0.429303377866745], "mood_aggressive": [0.013320491649210453, 0.9869486689567566], "mood_electronic": [0.6954386830329895, 0.3117935359477997], "mood_happy": [0.0710512101650238, 0.922857940196991], "mood_party": [0.9441816210746765, 0.0643954873085022], "mood_relaxed": [0.05575662851333618, 0.9437897801399231], "mood_sad": [0.19203174114227295, 0.810755729675293]}