{"mood_acoustic": [0.8677873015403748, 0.14437876641750336], "mood_electronic": [0.0569424033164978, 0.9464669227600098], "mood_aggressive": [0.00219309376552701, 0.9973346590995789], "mood_relaxed": [0.003628878854215145, 0.9947404265403748], "mood_happy": [0.002812139457091689, 0.9971471428871155], "mood_sad": [0.04702090471982956, 0.9542011618614197], "mood_party": [0.9960544109344482, 0.00422649784013629]}