{"mood_acoustic": [0.023217737674713135, 0.9756441116333008], "mood_aggressive": [0.491571307182312, 0.49980929493904114], "mood_electronic": [0.9625067114830017, 0.04081607982516289], "mood_happy": [0.06283766776323318, 0.9349465370178223], "mood_party": [0.22919702529907227, 0.7758942246437073], "mood_relaxed": [0.8095943331718445, 0.19283699989318848], "mood_sad": [0.9868136644363403, 0.013227099552750587]}