{"mood_acoustic": [0.007969719357788563, 0.9929060339927673], "mood_electronic": [0.958796501159668, 0.04160855710506439], "mood_aggressive": [0.4143032431602478, 0.579798698425293], "mood_relaxed": [0.8570661544799805, 0.1670479029417038], "mood_happy": [0.5235124230384827, 0.48117974400520325], "mood_sad": [0.9171672463417053, 0.08107500523328781], "mood_party": [0.12123939394950867, 0.8732048273086548]}