{"mood_acoustic": [0.1124660074710846, 0.8856561779975891], "mood_aggressive": [0.8126438856124878, 0.18433436751365662], "mood_electronic": [0.11131539940834045, 0.8923673629760742], "mood_happy": [0.3988102078437805, 0.5947962999343872], "mood_party": [0.7052367925643921, 0.30423060059547424], "mood_relaxed": [0.8898447155952454, 0.11300211399793625], "mood_sad": [0.8873353004455566, 0.11151988059282303]}