{"mood_acoustic": [0.055975958704948425, 0.9469873309135437], "mood_aggressive": [0.512522280216217, 0.470188707113266], "mood_electronic": [0.9419575333595276, 0.05790691077709198], "mood_happy": [0.7791430354118347, 0.22569869458675385], "mood_party": [0.16520372033119202, 0.8332961201667786], "mood_relaxed": [0.789661705493927, 0.22228321433067322], "mood_sad": [0.8817660212516785, 0.11632204800844193]}