{"mood_acoustic": [0.023537304252386093, 0.976298987865448], "mood_aggressive": [0.9599401950836182, 0.03877270221710205], "mood_electronic": [0.06668788194656372, 0.9311092495918274], "mood_happy": [0.40597447752952576, 0.5980212092399597], "mood_party": [0.7787790894508362, 0.2487800270318985], "mood_relaxed": [0.957413911819458, 0.04374761879444122], "mood_sad": [0.8452581763267517, 0.1558561623096466]}