{"mood_acoustic": [0.2862709164619446, 0.7162871360778809], "mood_electronic": [0.5705426335334778, 0.43814659118652344], "mood_aggressive": [0.15164132416248322, 0.8475975394248962], "mood_relaxed": [0.2112751007080078, 0.7929535508155823], "mood_happy": [0.2505188286304474, 0.7515119314193726], "mood_sad": [0.5438460111618042, 0.457520455121994], "mood_party": [0.8236983418464661, 0.180929496884346]}