{"mood_acoustic": [0.05665681138634682, 0.9411211013793945], "mood_aggressive": [0.1511993706226349, 0.8312289118766785], "mood_electronic": [0.9587918519973755, 0.04112391546368599], "mood_happy": [0.28354114294052124, 0.7149701118469238], "mood_party": [0.41203778982162476, 0.5986535549163818], "mood_relaxed": [0.4877772629261017, 0.5310066342353821], "mood_sad": [0.7862638235092163, 0.21471071243286133]}