{"mood_acoustic": [0.670295774936676, 0.32552048563957214], "mood_aggressive": [0.12074816226959229, 0.8761637806892395], "mood_electronic": [0.04169799014925957, 0.9602484703063965], "mood_happy": [0.57945317029953, 0.41464436054229736], "mood_party": [0.9333011507987976, 0.06529616564512253], "mood_relaxed": [0.4527089297771454, 0.5702929496765137], "mood_sad": [0.26131364703178406, 0.7372346520423889]}