{"mood_acoustic": [0.06755468994379044, 0.9421471357345581], "mood_electronic": [0.25677376985549927, 0.7518731951713562], "mood_aggressive": [0.20042209327220917, 0.7948530912399292], "mood_relaxed": [0.05587001144886017, 0.9329172372817993], "mood_happy": [0.02865258976817131, 0.9697469472885132], "mood_sad": [0.7242775559425354, 0.28422999382019043], "mood_party": [0.9083036184310913, 0.0966801643371582]}