{"mood_acoustic": [0.9785889387130737, 0.0217068362981081], "mood_aggressive": [0.0017855723854154348, 0.9983813762664795], "mood_electronic": [0.042066995054483414, 0.9587627649307251], "mood_happy": [0.05720902979373932, 0.9441576600074768], "mood_party": [0.9959062337875366, 0.005199199076741934], "mood_relaxed": [0.03322598710656166, 0.9635579586029053], "mood_sad": [0.04192164167761803, 0.9583994746208191]}