{"mood_acoustic": [0.3909827768802643, 0.6316528916358948], "mood_aggressive": [0.04857481271028519, 0.9550253748893738], "mood_electronic": [0.5543730854988098, 0.45023539662361145], "mood_happy": [0.15909211337566376, 0.8322569131851196], "mood_party": [0.9513287544250488, 0.0509897843003273], "mood_relaxed": [0.05178734287619591, 0.9428872466087341], "mood_sad": [0.10524031519889832, 0.8968895673751831]}