{"mood_acoustic": [0.024602465331554413, 0.9763268828392029], "mood_electronic": [0.9487290382385254, 0.051449209451675415], "mood_aggressive": [0.4841144382953644, 0.50960773229599], "mood_relaxed": [0.8356661200523376, 0.1621912121772766], "mood_happy": [0.3182063400745392, 0.6770889163017273], "mood_sad": [0.9570895433425903, 0.0420755110681057], "mood_party": [0.15093295276165009, 0.8507419228553772]}