{"mood_acoustic": [0.8399837017059326, 0.1384563148021698], "mood_electronic": [0.07208942621946335, 0.9296247363090515], "mood_aggressive": [0.04496186971664429, 0.9576290845870972], "mood_relaxed": [0.19800584018230438, 0.8033890724182129], "mood_happy": [0.20339253544807434, 0.7856671214103699], "mood_sad": [0.16238322854042053, 0.8247973918914795], "mood_party": [0.9900599122047424, 0.011385462246835232]}