{"mood_acoustic": [0.44410619139671326, 0.5580487251281738], "mood_electronic": [0.6351533532142639, 0.37257930636405945], "mood_aggressive": [0.05568109452724457, 0.9432131052017212], "mood_relaxed": [0.018429109826683998, 0.9784101843833923], "mood_happy": [0.0530923493206501, 0.94404137134552], "mood_sad": [0.2225840538740158, 0.7852028012275696], "mood_party": [0.9740873575210571, 0.029217751696705818]}