{"mood_acoustic": [0.316514253616333, 0.6800846457481384], "mood_aggressive": [0.5300053358078003, 0.4604591727256775], "mood_electronic": [0.14205583930015564, 0.8644412159919739], "mood_happy": [0.6985005140304565, 0.2914182245731354], "mood_party": [0.7121059894561768, 0.285426527261734], "mood_relaxed": [0.7159037590026855, 0.30068764090538025], "mood_sad": [0.7026481628417969, 0.28799253702163696]}