{"mood_acoustic": [0.5139546394348145, 0.4902653694152832], "mood_electronic": [0.5268462300300598, 0.4906083047389984], "mood_aggressive": [0.019531453028321266, 0.9790666103363037], "mood_relaxed": [0.00486081512644887, 0.9935712814331055], "mood_happy": [0.009032911621034145, 0.9908709526062012], "mood_sad": [0.17585274577140808, 0.8307296633720398], "mood_party": [0.9882622957229614, 0.01300056092441082]}