{"mood_acoustic": [0.3220497667789459, 0.6896263957023621], "mood_aggressive": [0.04190251976251602, 0.9558407068252563], "mood_electronic": [0.32290297746658325, 0.6849979162216187], "mood_happy": [0.017223544418811798, 0.9820654392242432], "mood_party": [0.9754279255867004, 0.02626970410346985], "mood_relaxed": [0.009812118485569954, 0.9872066974639893], "mood_sad": [0.22783267498016357, 0.7844992876052856]}