{"mood_acoustic": [0.9058762788772583, 0.08934693783521652], "mood_aggressive": [0.0454668365418911, 0.9560471773147583], "mood_electronic": [0.15679454803466797, 0.8530348539352417], "mood_happy": [0.6880800127983093, 0.2991851270198822], "mood_party": [0.8706895112991333, 0.14384974539279938], "mood_relaxed": [0.2573620080947876, 0.7519419193267822], "mood_sad": [0.8120909333229065, 0.17882652580738068]}