{"mood_acoustic": [0.9629526138305664, 0.03617671877145767], "mood_electronic": [0.06174116209149361, 0.9392538666725159], "mood_aggressive": [0.01641596108675003, 0.9822450876235962], "mood_relaxed": [0.016572805121541023, 0.9813717603683472], "mood_happy": [0.03993213176727295, 0.9600955843925476], "mood_sad": [0.05767028033733368, 0.9415994882583618], "mood_party": [0.9904472231864929, 0.009757465682923794]}