{"mood_acoustic": [0.3496529757976532, 0.6433539390563965], "mood_aggressive": [0.04394765570759773, 0.9576537609100342], "mood_electronic": [0.7677096128463745, 0.23782184720039368], "mood_happy": [0.3508576452732086, 0.6210435032844543], "mood_party": [0.7586016654968262, 0.2570967376232147], "mood_relaxed": [0.26963376998901367, 0.7320206761360168], "mood_sad": [0.6326233744621277, 0.36490175127983093]}