{"mood_acoustic": [0.754693329334259, 0.24085378646850586], "mood_aggressive": [0.004991134628653526, 0.9954017996788025], "mood_electronic": [0.22769369184970856, 0.7719685435295105], "mood_happy": [0.07548762857913971, 0.9244778752326965], "mood_party": [0.9877694845199585, 0.013702618889510632], "mood_relaxed": [0.02614441141486168, 0.9725536108016968], "mood_sad": [0.01885906606912613, 0.9821828007698059]}