{"mood_acoustic": [0.004778541624546051, 0.9957614541053772], "mood_aggressive": [0.42026111483573914, 0.5801674127578735], "mood_electronic": [0.9917386770248413, 0.008506972342729568], "mood_happy": [0.4040520489215851, 0.598972737789154], "mood_party": [0.08287664502859116, 0.9164245128631592], "mood_relaxed": [0.8813323378562927, 0.12497931718826294], "mood_sad": [0.9332992434501648, 0.06783757358789444]}