{"mood_acoustic": [0.5903276205062866, 0.40646296739578247], "mood_aggressive": [0.012231016531586647, 0.9860718250274658], "mood_electronic": [0.48213648796081543, 0.5210861563682556], "mood_happy": [0.014909300953149796, 0.9834505319595337], "mood_party": [0.9879945516586304, 0.012570559978485107], "mood_relaxed": [0.0306655652821064, 0.9670569896697998], "mood_sad": [0.10850551724433899, 0.8980088233947754]}