{"mood_acoustic": [0.7293474674224854, 0.2702316641807556], "mood_aggressive": [0.012127426452934742, 0.9842981696128845], "mood_electronic": [0.30541667342185974, 0.7027451992034912], "mood_happy": [0.14890797436237335, 0.860457181930542], "mood_party": [0.9056031107902527, 0.1120138093829155], "mood_relaxed": [0.0690639391541481, 0.9274398684501648], "mood_sad": [0.1119396761059761, 0.8989850878715515]}