{"mood_acoustic": [0.025266345590353012, 0.9764060974121094], "mood_aggressive": [0.4015548825263977, 0.6007287502288818], "mood_electronic": [0.9726119041442871, 0.02825084701180458], "mood_happy": [0.017993973568081856, 0.9820343255996704], "mood_party": [0.7587554454803467, 0.25735580921173096], "mood_relaxed": [0.1749778836965561, 0.8234342336654663], "mood_sad": [0.9230044484138489, 0.07798273116350174]}