{"mood_acoustic": [0.03633301705121994, 0.9649050831794739], "mood_aggressive": [0.39961981773376465, 0.595559298992157], "mood_electronic": [0.9558953642845154, 0.042886216193437576], "mood_happy": [0.6618087887763977, 0.3572133779525757], "mood_party": [0.07225489616394043, 0.9286487698554993], "mood_relaxed": [0.8988952040672302, 0.10778699070215225], "mood_sad": [0.9538627862930298, 0.04423676058650017]}