{"mood_acoustic": [0.7750238180160522, 0.21280856430530548], "mood_aggressive": [0.13051411509513855, 0.8816819190979004], "mood_electronic": [0.12427236139774323, 0.8723814487457275], "mood_happy": [0.5011920928955078, 0.489694744348526], "mood_party": [0.8972495794296265, 0.10877615958452225], "mood_relaxed": [0.40938055515289307, 0.5842316746711731], "mood_sad": [0.5334265232086182, 0.46655547618865967]}