{"mood_acoustic": [0.23895543813705444, 0.7555152773857117], "mood_aggressive": [0.26057228446006775, 0.7310149669647217], "mood_electronic": [0.2589821219444275, 0.727749228477478], "mood_happy": [0.8883907198905945, 0.111799456179142], "mood_party": [0.31868085265159607, 0.6618953943252563], "mood_relaxed": [0.8027783036231995, 0.2171051949262619], "mood_sad": [0.8769476413726807, 0.121900774538517]}