{"mood_acoustic": [0.11339139193296432, 0.8848963379859924], "mood_aggressive": [0.019492771476507187, 0.9816575646400452], "mood_electronic": [0.8635614514350891, 0.1314806342124939], "mood_happy": [0.11362968385219574, 0.8946869969367981], "mood_party": [0.8302239179611206, 0.1738860160112381], "mood_relaxed": [0.12377718836069107, 0.8888935446739197], "mood_sad": [0.3551192879676819, 0.6451414227485657]}