{"mood_acoustic": [0.753684401512146, 0.245530903339386], "mood_aggressive": [0.0034409803338348866, 0.9966882467269897], "mood_electronic": [0.4633820950984955, 0.5543064475059509], "mood_happy": [0.012120570056140423, 0.9860737919807434], "mood_party": [0.9889013171195984, 0.012423405423760414], "mood_relaxed": [0.005823533982038498, 0.9922012090682983], "mood_sad": [0.03679925575852394, 0.9648457765579224]}