{"mood_acoustic": [0.25782644748687744, 0.7553951144218445], "mood_aggressive": [0.03338206559419632, 0.9664844274520874], "mood_electronic": [0.7570042610168457, 0.24569755792617798], "mood_happy": [0.19486401975154877, 0.8082442283630371], "mood_party": [0.8228118419647217, 0.18539011478424072], "mood_relaxed": [0.1241270899772644, 0.8796111345291138], "mood_sad": [0.24322184920310974, 0.7554576396942139]}