{"mood_acoustic": [0.012082020752131939, 0.9888588190078735], "mood_aggressive": [0.9759268164634705, 0.02376866526901722], "mood_electronic": [0.2323715090751648, 0.7697324156761169], "mood_happy": [0.27933743596076965, 0.7246251106262207], "mood_party": [0.5935589075088501, 0.4131428599357605], "mood_relaxed": [0.9592819809913635, 0.040698420256376266], "mood_sad": [0.9554049968719482, 0.04242296144366264]}