{"mood_acoustic": [0.45582881569862366, 0.5459722876548767], "mood_electronic": [0.26276084780693054, 0.7390506863594055], "mood_aggressive": [0.13813474774360657, 0.8641185760498047], "mood_relaxed": [0.6872032284736633, 0.3290790915489197], "mood_happy": [0.8457009792327881, 0.15352724492549896], "mood_sad": [0.7905977368354797, 0.21221892535686493], "mood_party": [0.46703970432281494, 0.5092731714248657]}