{"mood_acoustic": [0.857483446598053, 0.14842484891414642], "mood_aggressive": [0.004512092098593712, 0.9939957857131958], "mood_electronic": [0.11093643307685852, 0.8959140181541443], "mood_happy": [0.0068079400807619095, 0.992847204208374], "mood_party": [0.9912617206573486, 0.008495270274579525], "mood_relaxed": [0.00953709613531828, 0.9882723093032837], "mood_sad": [0.05777479708194733, 0.9449266195297241]}