{"mood_acoustic": [0.0025457192678004503, 0.997928261756897], "mood_aggressive": [0.996915340423584, 0.0035632927902042866], "mood_electronic": [0.29540082812309265, 0.7013545632362366], "mood_happy": [0.07363394647836685, 0.927348256111145], "mood_party": [0.634782612323761, 0.3805975914001465], "mood_relaxed": [0.9685825705528259, 0.027114717289805412], "mood_sad": [0.9916714429855347, 0.007845943793654442]}