{"mood_acoustic": [0.23420123755931854, 0.7622367739677429], "mood_electronic": [0.5691962242126465, 0.4313373863697052], "mood_aggressive": [0.4147033393383026, 0.5822448134422302], "mood_relaxed": [0.20729143917560577, 0.7916053533554077], "mood_happy": [0.21243838965892792, 0.7838490009307861], "mood_sad": [0.6928711533546448, 0.31095728278160095], "mood_party": [0.8476076126098633, 0.16328614950180054]}