{"mood_acoustic": [0.035583291202783585, 0.9613685011863708], "mood_aggressive": [0.08503148704767227, 0.9191558957099915], "mood_electronic": [0.9853782057762146, 0.013771322555840015], "mood_happy": [0.0645916536450386, 0.9353553652763367], "mood_party": [0.8285622596740723, 0.19013044238090515], "mood_relaxed": [0.11891868710517883, 0.8784686923027039], "mood_sad": [0.6355463862419128, 0.3712005019187927]}