{"mood_acoustic": [0.981833279132843, 0.01763893850147724], "mood_electronic": [0.021753856912255287, 0.9784714579582214], "mood_aggressive": [0.004419471137225628, 0.995544970035553], "mood_relaxed": [0.1212502121925354, 0.8795056343078613], "mood_happy": [0.179566890001297, 0.8240422606468201], "mood_sad": [0.03857206180691719, 0.9614628553390503], "mood_party": [0.991485595703125, 0.010107679292559624]}