{"mood_acoustic": [0.9825628399848938, 0.015221449546515942], "mood_electronic": [0.04049833491444588, 0.9628077745437622], "mood_aggressive": [0.012751966714859009, 0.9860525131225586], "mood_relaxed": [0.05271671339869499, 0.9480319619178772], "mood_happy": [0.1876867413520813, 0.8020781874656677], "mood_sad": [0.27879494428634644, 0.6992869973182678], "mood_party": [0.9922065734863281, 0.008674533106386662]}