{"mood_acoustic": [0.23022034764289856, 0.7826313972473145], "mood_electronic": [0.4602746367454529, 0.5261968374252319], "mood_aggressive": [0.44654831290245056, 0.5537177324295044], "mood_relaxed": [0.45066213607788086, 0.553282618522644], "mood_happy": [0.13146032392978668, 0.8647364974021912], "mood_sad": [0.4754631519317627, 0.5270477533340454], "mood_party": [0.7915170788764954, 0.21587710082530975]}