{"mood_acoustic": [0.2591850459575653, 0.7358261942863464], "mood_aggressive": [0.04159509763121605, 0.9582158327102661], "mood_electronic": [0.7427316904067993, 0.2615291476249695], "mood_happy": [0.20589077472686768, 0.7910202145576477], "mood_party": [0.8419416546821594, 0.16719995439052582], "mood_relaxed": [0.17173339426517487, 0.8354378342628479], "mood_sad": [0.24967381358146667, 0.7556506395339966]}