{"mood_acoustic": [0.43801149725914, 0.563768744468689], "mood_electronic": [0.3327662944793701, 0.6780386567115784], "mood_aggressive": [0.1432371884584427, 0.8481330275535583], "mood_relaxed": [0.5055882930755615, 0.49960508942604065], "mood_happy": [0.7203211188316345, 0.27613791823387146], "mood_sad": [0.5450170636177063, 0.4508179724216461], "mood_party": [0.7747588157653809, 0.23140092194080353]}