{"mood_acoustic": [0.14753355085849762, 0.8412938714027405], "mood_electronic": [0.08258690685033798, 0.9191107153892517], "mood_aggressive": [0.4932642877101898, 0.5128652453422546], "mood_relaxed": [0.8150073885917664, 0.17680856585502625], "mood_happy": [0.4953059256076813, 0.48272284865379333], "mood_sad": [0.5645596385002136, 0.4425065517425537], "mood_party": [0.8516142964363098, 0.1509764939546585]}