{"mood_acoustic": [0.7864774465560913, 0.21441231667995453], "mood_aggressive": [0.006684659980237484, 0.9916379451751709], "mood_electronic": [0.09536716341972351, 0.9120332598686218], "mood_happy": [0.011225023306906223, 0.9875295758247375], "mood_party": [0.9928756952285767, 0.0073514655232429504], "mood_relaxed": [0.007350708357989788, 0.9897182583808899], "mood_sad": [0.08569711446762085, 0.9169148206710815]}