{"mood_acoustic": [0.037331126630306244, 0.9657107591629028], "mood_electronic": [0.9008471369743347, 0.10290990769863129], "mood_aggressive": [0.1090366393327713, 0.8911800384521484], "mood_relaxed": [0.13647864758968353, 0.8662014603614807], "mood_happy": [0.22484087944030762, 0.7800782322883606], "mood_sad": [0.5121538639068604, 0.4882838726043701], "mood_party": [0.7958717346191406, 0.21887734532356262]}