{"mood_acoustic": [0.11886058002710342, 0.8833017349243164], "mood_electronic": [0.2379654347896576, 0.7680013179779053], "mood_aggressive": [0.3177781403064728, 0.695878803730011], "mood_relaxed": [0.8398491144180298, 0.17345324158668518], "mood_happy": [0.8020987510681152, 0.19851785898208618], "mood_sad": [0.8953583240509033, 0.10932918637990952], "mood_party": [0.09518074989318848, 0.9015544652938843]}