{"mood_acoustic": [0.03628542274236679, 0.963173508644104], "mood_electronic": [0.9738897681236267, 0.027568023651838303], "mood_aggressive": [0.025795234367251396, 0.9787619709968567], "mood_relaxed": [0.13870258629322052, 0.8679031133651733], "mood_happy": [0.15045125782489777, 0.8590149283409119], "mood_sad": [0.6453601717948914, 0.35342761874198914], "mood_party": [0.7587435841560364, 0.26513031125068665]}