{"mood_acoustic": [0.010236884467303753, 0.9911721348762512], "mood_electronic": [0.9752768874168396, 0.024898288771510124], "mood_aggressive": [0.7786572575569153, 0.22297844290733337], "mood_relaxed": [0.9270910620689392, 0.07363932579755783], "mood_happy": [0.272862046957016, 0.7269706726074219], "mood_sad": [0.9752170443534851, 0.025043154135346413], "mood_party": [0.07876316457986832, 0.9245733022689819]}