{"mood_acoustic": [0.22587405145168304, 0.7753046751022339], "mood_electronic": [0.9232890605926514, 0.07486660778522491], "mood_aggressive": [0.047189004719257355, 0.9546772241592407], "mood_relaxed": [0.1326266974210739, 0.8649541735649109], "mood_happy": [0.16711966693401337, 0.8315718173980713], "mood_sad": [0.3319612443447113, 0.6764328479766846], "mood_party": [0.8377434015274048, 0.19541490077972412]}