{"mood_acoustic": [0.018296461552381516, 0.9824514985084534], "mood_electronic": [0.4340037703514099, 0.5654679536819458], "mood_aggressive": [0.8539298176765442, 0.1488673835992813], "mood_relaxed": [0.9418214559555054, 0.06094679236412048], "mood_happy": [0.21589292585849762, 0.7888191342353821], "mood_sad": [0.9607645869255066, 0.0387241505086422], "mood_party": [0.5286962985992432, 0.4984230399131775]}