{"mood_acoustic": [0.13842810690402985, 0.8522687554359436], "mood_aggressive": [0.2012685090303421, 0.8017182946205139], "mood_electronic": [0.8817658424377441, 0.12063682079315186], "mood_happy": [0.33137980103492737, 0.6606840491294861], "mood_party": [0.531933605670929, 0.4892507493495941], "mood_relaxed": [0.407206654548645, 0.5939419269561768], "mood_sad": [0.5860221982002258, 0.41896453499794006]}