{"mood_acoustic": [0.26283925771713257, 0.7413447499275208], "mood_aggressive": [0.05022495239973068, 0.9502003788948059], "mood_electronic": [0.6649490594863892, 0.3418864905834198], "mood_happy": [0.19372542202472687, 0.8009635210037231], "mood_party": [0.9596462249755859, 0.04286067187786102], "mood_relaxed": [0.036777593195438385, 0.9648497700691223], "mood_sad": [0.2170303463935852, 0.7967259287834167]}