{"mood_acoustic": [0.06052621081471443, 0.9377461671829224], "mood_aggressive": [0.07513377070426941, 0.9302247166633606], "mood_electronic": [0.8970922231674194, 0.10725518316030502], "mood_happy": [0.09916630387306213, 0.8985085487365723], "mood_party": [0.8792705535888672, 0.11761674284934998], "mood_relaxed": [0.1042749360203743, 0.9005016088485718], "mood_sad": [0.7400038242340088, 0.25773200392723083]}