{"mood_acoustic": [0.5803516507148743, 0.4126586616039276], "mood_electronic": [0.206099271774292, 0.7883485555648804], "mood_aggressive": [0.025312112644314766, 0.9756500720977783], "mood_relaxed": [0.25090670585632324, 0.7415154576301575], "mood_happy": [0.3198791742324829, 0.6787782907485962], "mood_sad": [0.09334471076726913, 0.9077632427215576], "mood_party": [0.947093665599823, 0.057842303067445755]}