{"mood_acoustic": [0.8510202169418335, 0.1490098237991333], "mood_electronic": [0.11565772444009781, 0.8852885961532593], "mood_aggressive": [0.013050169683992863, 0.9862061142921448], "mood_relaxed": [0.18941675126552582, 0.8208857178688049], "mood_happy": [0.45350396633148193, 0.5450900197029114], "mood_sad": [0.26235711574554443, 0.7415030598640442], "mood_party": [0.9308472275733948, 0.07242392003536224]}