{"mood_acoustic": [0.0553361214697361, 0.9413021802902222], "mood_aggressive": [0.21776503324508667, 0.7827562689781189], "mood_electronic": [0.9496976733207703, 0.05304745212197304], "mood_happy": [0.3870008885860443, 0.6061100959777832], "mood_party": [0.34718990325927734, 0.6524457335472107], "mood_relaxed": [0.5341894030570984, 0.4898413121700287], "mood_sad": [0.8839939832687378, 0.11553739011287689]}