{"mood_acoustic": [0.12618426978588104, 0.8897290229797363], "mood_electronic": [0.8275572061538696, 0.19773918390274048], "mood_aggressive": [0.9813908338546753, 0.021327557042241096], "mood_relaxed": [0.03798849880695343, 0.9475618004798889], "mood_happy": [0.06916673481464386, 0.9289847612380981], "mood_sad": [0.9809584617614746, 0.019108528271317482], "mood_party": [0.9005911946296692, 0.07498106360435486]}