{"mood_acoustic": [0.6118795871734619, 0.3947470486164093], "mood_electronic": [0.05047124996781349, 0.9404050707817078], "mood_aggressive": [0.0010036623571068048, 0.9988722205162048], "mood_relaxed": [0.0013625110732391477, 0.996937096118927], "mood_happy": [0.0025862366892397404, 0.997367799282074], "mood_sad": [0.09112372994422913, 0.9089568257331848], "mood_party": [0.9945483207702637, 0.004933830350637436]}