{"mood_acoustic": [0.4740638732910156, 0.5536447167396545], "mood_electronic": [0.28115037083625793, 0.7142152786254883], "mood_aggressive": [0.01809842139482498, 0.9819021224975586], "mood_relaxed": [0.018142519518733025, 0.9801177382469177], "mood_happy": [0.09419266134500504, 0.9139390587806702], "mood_sad": [0.0573650524020195, 0.9448983669281006], "mood_party": [0.9759971499443054, 0.021135441958904266]}