{"mood_acoustic": [0.421783447265625, 0.5689966678619385], "mood_electronic": [0.20121076703071594, 0.8049604892730713], "mood_aggressive": [0.31950101256370544, 0.6727402210235596], "mood_relaxed": [0.6480433940887451, 0.36946484446525574], "mood_happy": [0.6852827072143555, 0.30226531624794006], "mood_sad": [0.5112156271934509, 0.49454882740974426], "mood_party": [0.8340412974357605, 0.17920874059200287]}