{"mood_acoustic": [0.08959782868623734, 0.9187588691711426], "mood_electronic": [0.20648230612277985, 0.7784080505371094], "mood_aggressive": [0.0482124425470829, 0.9409041404724121], "mood_relaxed": [0.7266988754272461, 0.34812188148498535], "mood_happy": [0.9624214768409729, 0.04081321135163307], "mood_sad": [0.7527602314949036, 0.229034423828125], "mood_party": [0.23553338646888733, 0.7684686779975891]}