{"mood_acoustic": [0.564355194568634, 0.4244300425052643], "mood_aggressive": [0.01702059805393219, 0.9831234812736511], "mood_electronic": [0.5766395330429077, 0.43624594807624817], "mood_happy": [0.2728342115879059, 0.7036693096160889], "mood_party": [0.9171408414840698, 0.09157969057559967], "mood_relaxed": [0.13361072540283203, 0.8641483187675476], "mood_sad": [0.2677411735057831, 0.7309839129447937]}