{"mood_acoustic": [0.21676252782344818, 0.785087525844574], "mood_aggressive": [0.45513972640037537, 0.5481349229812622], "mood_electronic": [0.40480464696884155, 0.6025429964065552], "mood_happy": [0.5698214769363403, 0.4211800992488861], "mood_party": [0.4061785936355591, 0.5837220549583435], "mood_relaxed": [0.8675704598426819, 0.13284757733345032], "mood_sad": [0.8814367651939392, 0.12105255573987961]}