{"mood_acoustic": [0.5416055917739868, 0.4315236210823059], "mood_aggressive": [0.045379046350717545, 0.9577820897102356], "mood_electronic": [0.1802377700805664, 0.8158717155456543], "mood_happy": [0.34181639552116394, 0.6501914858818054], "mood_party": [0.9627546668052673, 0.040375396609306335], "mood_relaxed": [0.27371662855148315, 0.7115007042884827], "mood_sad": [0.08418858051300049, 0.9167848229408264]}