{"mood_acoustic": [0.705045759677887, 0.2882828712463379], "mood_aggressive": [0.013112866319715977, 0.9870913028717041], "mood_electronic": [0.2725544571876526, 0.7272510528564453], "mood_happy": [0.3321775496006012, 0.6640852689743042], "mood_party": [0.9534871578216553, 0.055676575750112534], "mood_relaxed": [0.21193791925907135, 0.774990975856781], "mood_sad": [0.10398208349943161, 0.8981626629829407]}