{"mood_acoustic": [0.025466253980994225, 0.975940465927124], "mood_electronic": [0.405584454536438, 0.608624279499054], "mood_aggressive": [0.9016379714012146, 0.10016472637653351], "mood_relaxed": [0.8900442123413086, 0.1119159609079361], "mood_happy": [0.34245818853378296, 0.6576287746429443], "mood_sad": [0.8998768925666809, 0.09558139741420746], "mood_party": [0.6442791819572449, 0.3902544677257538]}