{"mood_acoustic": [0.07377678155899048, 0.9253693222999573], "mood_electronic": [0.9458960294723511, 0.05638191103935242], "mood_aggressive": [0.6252933740615845, 0.37377676367759705], "mood_relaxed": [0.7225175499916077, 0.2770707309246063], "mood_happy": [0.24727819859981537, 0.750365674495697], "mood_sad": [0.774946391582489, 0.22606033086776733], "mood_party": [0.26981109380722046, 0.7266063094139099]}