{"mood_acoustic": [0.8506466746330261, 0.161697655916214], "mood_electronic": [0.16295522451400757, 0.8419689536094666], "mood_aggressive": [0.0010908003896474838, 0.9989528059959412], "mood_relaxed": [0.004004102665930986, 0.9932076334953308], "mood_happy": [0.008319132030010223, 0.9912289977073669], "mood_sad": [0.09547317773103714, 0.9059649109840393], "mood_party": [0.9926291108131409, 0.007465324830263853]}