{"mood_acoustic": [0.4010869264602661, 0.5896440744400024], "mood_aggressive": [0.08530011773109436, 0.9129766225814819], "mood_electronic": [0.6318593621253967, 0.37246811389923096], "mood_happy": [0.45936983823776245, 0.5327054262161255], "mood_party": [0.7082242965698242, 0.2965466380119324], "mood_relaxed": [0.3895379900932312, 0.6231004595756531], "mood_sad": [0.5490276217460632, 0.44949230551719666]}