{"mood_acoustic": [0.1424385905265808, 0.8550597429275513], "mood_aggressive": [0.05242672190070152, 0.9471084475517273], "mood_electronic": [0.9216465950012207, 0.07760655879974365], "mood_happy": [0.03552194684743881, 0.961307168006897], "mood_party": [0.9648744463920593, 0.037800077348947525], "mood_relaxed": [0.008891355246305466, 0.9892687201499939], "mood_sad": [0.3933602571487427, 0.6217760443687439]}