{"mood_acoustic": [0.032295841723680496, 0.9674297571182251], "mood_electronic": [0.9609679579734802, 0.039415813982486725], "mood_aggressive": [0.09954333305358887, 0.897691011428833], "mood_relaxed": [0.4583432078361511, 0.5570339560508728], "mood_happy": [0.2816489040851593, 0.7075402140617371], "mood_sad": [0.8414052128791809, 0.158644437789917], "mood_party": [0.4512908160686493, 0.5555670857429504]}