{"mood_acoustic": [0.07218098640441895, 0.9280315637588501], "mood_electronic": [0.8754376173019409, 0.12485615164041519], "mood_aggressive": [0.27161744236946106, 0.7172403335571289], "mood_relaxed": [0.7305103540420532, 0.2919268012046814], "mood_happy": [0.5121145844459534, 0.4910343289375305], "mood_sad": [0.8819498419761658, 0.11230684816837311], "mood_party": [0.21994394063949585, 0.7871432900428772]}