{"mood_acoustic": [0.3926396369934082, 0.6302993297576904], "mood_aggressive": [0.11785871535539627, 0.8841074705123901], "mood_electronic": [0.4276919960975647, 0.5723481774330139], "mood_happy": [0.04019436985254288, 0.9593958258628845], "mood_party": [0.8792535066604614, 0.11965645849704742], "mood_relaxed": [0.14025607705116272, 0.8603215217590332], "mood_sad": [0.22220467031002045, 0.7818462252616882]}