{"mood_acoustic": [0.18072184920310974, 0.819258987903595], "mood_electronic": [0.9298328161239624, 0.06954339146614075], "mood_aggressive": [0.005162128712981939, 0.9960176944732666], "mood_relaxed": [0.03111114911735058, 0.9669203162193298], "mood_happy": [0.03091331757605076, 0.9658752679824829], "mood_sad": [0.26806914806365967, 0.7323763966560364], "mood_party": [0.9461603760719299, 0.05704712122678757]}