{"mood_acoustic": [0.07447363436222076, 0.9233289361000061], "mood_electronic": [0.937180757522583, 0.06463735550642014], "mood_aggressive": [0.17728738486766815, 0.8246912360191345], "mood_relaxed": [0.5049579739570618, 0.5174097418785095], "mood_happy": [0.48885172605514526, 0.5076736211776733], "mood_sad": [0.7393379211425781, 0.2618482708930969], "mood_party": [0.5062593221664429, 0.4928896725177765]}