{"mood_acoustic": [0.5911917090415955, 0.4089142084121704], "mood_aggressive": [0.02794053964316845, 0.9706524610519409], "mood_electronic": [0.4490392804145813, 0.554879367351532], "mood_happy": [0.23567011952400208, 0.7580747604370117], "mood_party": [0.9189227223396301, 0.0880948081612587], "mood_relaxed": [0.14288784563541412, 0.853860080242157], "mood_sad": [0.33547452092170715, 0.6676578521728516]}