{"mood_acoustic": [0.003708524163812399, 0.9969838857650757], "mood_aggressive": [0.5680637955665588, 0.4304976463317871], "mood_electronic": [0.9943045973777771, 0.005977709777653217], "mood_happy": [0.6268225908279419, 0.3975546956062317], "mood_party": [0.08212574571371078, 0.92041015625], "mood_relaxed": [0.8803732991218567, 0.12254046648740768], "mood_sad": [0.9275899529457092, 0.07157856225967407]}