{"mood_acoustic": [0.8894920945167542, 0.11290843039751053], "mood_electronic": [0.07749070227146149, 0.9279739856719971], "mood_aggressive": [0.0020769520197063684, 0.9973210692405701], "mood_relaxed": [0.005634163971990347, 0.9916273951530457], "mood_happy": [0.008137035183608532, 0.9911836385726929], "mood_sad": [0.0538966991007328, 0.9471278190612793], "mood_party": [0.9932168126106262, 0.006773390807211399]}