{"mood_acoustic": [0.002133013214915991, 0.9981454014778137], "mood_aggressive": [0.37948933243751526, 0.6085109114646912], "mood_electronic": [0.9958127737045288, 0.00429769791662693], "mood_happy": [0.0867544412612915, 0.9097038507461548], "mood_party": [0.0821899026632309, 0.9142422080039978], "mood_relaxed": [0.8726855516433716, 0.14652608335018158], "mood_sad": [0.995402991771698, 0.004453675355762243]}