{"mood_acoustic": [0.8188709616661072, 0.17849700152873993], "mood_electronic": [0.06630127876996994, 0.9359956383705139], "mood_aggressive": [0.008638957515358925, 0.9913707971572876], "mood_relaxed": [0.232060045003891, 0.767810583114624], "mood_happy": [0.34991785883903503, 0.6457129120826721], "mood_sad": [0.10258932411670685, 0.8989529609680176], "mood_party": [0.9412740468978882, 0.06383692473173141]}