{"mood_acoustic": [0.012792209163308144, 0.9876363277435303], "mood_electronic": [0.9837561845779419, 0.016763387247920036], "mood_aggressive": [0.2251954972743988, 0.7716551423072815], "mood_relaxed": [0.7721782922744751, 0.23541982471942902], "mood_happy": [0.29106369614601135, 0.7006663680076599], "mood_sad": [0.9677854776382446, 0.03078852966427803], "mood_party": [0.14761832356452942, 0.8508319854736328]}