{"mood_acoustic": [0.7907477617263794, 0.21917428076267242], "mood_aggressive": [0.0024386635050177574, 0.9973551034927368], "mood_electronic": [0.05284001678228378, 0.9468786120414734], "mood_happy": [0.004821553360670805, 0.9950092434883118], "mood_party": [0.9950224161148071, 0.004827301949262619], "mood_relaxed": [0.002887442009523511, 0.994637131690979], "mood_sad": [0.09238985180854797, 0.9098429679870605]}