{"mood_acoustic": [0.01990712247788906, 0.9814977049827576], "mood_electronic": [0.28749263286590576, 0.7114019989967346], "mood_aggressive": [0.9197985529899597, 0.08009954541921616], "mood_relaxed": [0.8757451176643372, 0.13165488839149475], "mood_happy": [0.2935445010662079, 0.7064895033836365], "mood_sad": [0.9145426750183105, 0.08495994657278061], "mood_party": [0.6119717955589294, 0.3962801694869995]}