{"mood_acoustic": [0.0023775456938892603, 0.9981515407562256], "mood_electronic": [0.9957923889160156, 0.004253619350492954], "mood_aggressive": [0.6315005421638489, 0.36431753635406494], "mood_relaxed": [0.9009501934051514, 0.10777218639850616], "mood_happy": [0.3186691105365753, 0.6898893117904663], "mood_sad": [0.9860904812812805, 0.014000354334712029], "mood_party": [0.08511988073587418, 0.9181821346282959]}