{"mood_acoustic": [0.14306758344173431, 0.8697788715362549], "mood_electronic": [0.37993478775024414, 0.6179303526878357], "mood_aggressive": [0.2941732704639435, 0.6953502893447876], "mood_relaxed": [0.07704263180494308, 0.9166905879974365], "mood_happy": [0.2431541234254837, 0.762163519859314], "mood_sad": [0.5259993076324463, 0.4795398712158203], "mood_party": [0.8814319968223572, 0.1377113312482834]}