{"mood_acoustic": [0.1166546493768692, 0.8848192095756531], "mood_electronic": [0.4115116000175476, 0.5744069218635559], "mood_aggressive": [0.1333591639995575, 0.8537225723266602], "mood_relaxed": [0.014569242484867573, 0.9861078262329102], "mood_happy": [0.2710590064525604, 0.7532480955123901], "mood_sad": [0.28551286458969116, 0.7373537421226501], "mood_party": [0.9765068888664246, 0.021559536457061768]}