{"mood_acoustic": [0.014707897789776325, 0.9854035973548889], "mood_electronic": [0.9790424704551697, 0.022338518872857094], "mood_aggressive": [0.20643511414527893, 0.7964932322502136], "mood_relaxed": [0.5506523251533508, 0.47339609265327454], "mood_happy": [0.3466816246509552, 0.6592521667480469], "mood_sad": [0.9001631140708923, 0.09967008233070374], "mood_party": [0.3876243829727173, 0.6049367189407349]}