{"mood_acoustic": [0.9764904379844666, 0.022511446848511696], "mood_aggressive": [0.0038021677173674107, 0.9959195256233215], "mood_electronic": [0.06620854139328003, 0.9368465542793274], "mood_happy": [0.025909464806318283, 0.97406005859375], "mood_party": [0.9931775331497192, 0.0072218794375658035], "mood_relaxed": [0.018037039786577225, 0.9805446267127991], "mood_sad": [0.0638054758310318, 0.9385786056518555]}