{"mood_acoustic": [0.7371047735214233, 0.27095282077789307], "mood_aggressive": [0.028973950073122978, 0.9705047011375427], "mood_electronic": [0.33472684025764465, 0.6800308227539062], "mood_happy": [0.0042173732072114944, 0.9952158331871033], "mood_party": [0.9910286664962769, 0.01019863411784172], "mood_relaxed": [0.004155438393354416, 0.993401050567627], "mood_sad": [0.09122540056705475, 0.9111173152923584]}