{"mood_acoustic": [0.287958562374115, 0.6812048554420471], "mood_electronic": [0.06417932361364365, 0.8997384905815125], "mood_aggressive": [0.004803401418030262, 0.9935382008552551], "mood_relaxed": [0.003511507995426655, 0.9923520088195801], "mood_happy": [0.041476327925920486, 0.9605562686920166], "mood_sad": [0.3018268644809723, 0.7071937322616577], "mood_party": [0.9873617887496948, 0.01184074953198433]}