{"mood_acoustic": [0.33531105518341064, 0.6877009868621826], "mood_electronic": [0.33135175704956055, 0.6744738221168518], "mood_aggressive": [0.023838257417082787, 0.9763340353965759], "mood_relaxed": [0.02272767387330532, 0.9736434817314148], "mood_happy": [0.08856759965419769, 0.9056747555732727], "mood_sad": [0.1948312371969223, 0.8225968480110168], "mood_party": [0.9604615569114685, 0.032026756554841995]}