{"mood_acoustic": [0.032238904386758804, 0.9676623344421387], "mood_aggressive": [0.22343358397483826, 0.7735722064971924], "mood_electronic": [0.9574020504951477, 0.04224998131394386], "mood_happy": [0.28587374091148376, 0.6983097195625305], "mood_party": [0.33099186420440674, 0.7014219760894775], "mood_relaxed": [0.5777544379234314, 0.426538348197937], "mood_sad": [0.8517065048217773, 0.15246737003326416]}