{"mood_acoustic": [0.29407116770744324, 0.7019084692001343], "mood_electronic": [0.7407543063163757, 0.26244500279426575], "mood_aggressive": [0.15602216124534607, 0.8492090106010437], "mood_relaxed": [0.2355913519859314, 0.7751114368438721], "mood_happy": [0.2936173975467682, 0.7062499523162842], "mood_sad": [0.42856526374816895, 0.5703982710838318], "mood_party": [0.8836262822151184, 0.13839371502399445]}