{"mood_acoustic": [0.1192498579621315, 0.8808169364929199], "mood_aggressive": [0.14336726069450378, 0.8589588403701782], "mood_electronic": [0.8585883378982544, 0.14069046080112457], "mood_happy": [0.1318865418434143, 0.8677774667739868], "mood_party": [0.9203990697860718, 0.08697004616260529], "mood_relaxed": [0.0990217924118042, 0.904852569103241], "mood_sad": [0.45458534359931946, 0.5542205572128296]}