{"mood_acoustic": [0.05634450539946556, 0.9435222148895264], "mood_aggressive": [0.052266936749219894, 0.954066276550293], "mood_electronic": [0.9528840780258179, 0.04957875236868858], "mood_happy": [0.22848553955554962, 0.7722536325454712], "mood_party": [0.8108291029930115, 0.20533190667629242], "mood_relaxed": [0.1581541895866394, 0.851800262928009], "mood_sad": [0.49653926491737366, 0.5047321319580078]}