{"mood_acoustic": [0.7612454295158386, 0.24393311142921448], "mood_aggressive": [0.10371030867099762, 0.8936972618103027], "mood_electronic": [0.09953206032514572, 0.9082857966423035], "mood_happy": [0.8254812955856323, 0.16737577319145203], "mood_party": [0.7056881785392761, 0.28401967883110046], "mood_relaxed": [0.53728848695755, 0.4640986919403076], "mood_sad": [0.7344099879264832, 0.2565097212791443]}