{"mood_acoustic": [0.22672943770885468, 0.7918543815612793], "mood_electronic": [0.7408146262168884, 0.2944771349430084], "mood_aggressive": [0.5101531744003296, 0.4763951301574707], "mood_relaxed": [0.021720515564084053, 0.9717907905578613], "mood_happy": [0.02298135496675968, 0.9726806879043579], "mood_sad": [0.8759152889251709, 0.12984254956245422], "mood_party": [0.9799339175224304, 0.03384172543883324]}