{"mood_acoustic": [0.3541111946105957, 0.6523624062538147], "mood_electronic": [0.33600470423698425, 0.6515653729438782], "mood_aggressive": [0.0032469602301716805, 0.9975435137748718], "mood_relaxed": [0.03089171275496483, 0.9697396755218506], "mood_happy": [0.07441014051437378, 0.9293102025985718], "mood_sad": [0.07917100936174393, 0.9241589903831482], "mood_party": [0.9777005314826965, 0.023838287219405174]}