{"mood_acoustic": [0.040100809186697006, 0.9600485563278198], "mood_aggressive": [0.401897132396698, 0.595302164554596], "mood_electronic": [0.9650828838348389, 0.035727761685848236], "mood_happy": [0.09074635803699493, 0.9077012538909912], "mood_party": [0.519085168838501, 0.4855642020702362], "mood_relaxed": [0.464231014251709, 0.5641372203826904], "mood_sad": [0.933160126209259, 0.06566374003887177]}