{"mood_acoustic": [0.40451380610466003, 0.5916815996170044], "mood_electronic": [0.06418883055448532, 0.9385949373245239], "mood_aggressive": [0.5261535048484802, 0.474504679441452], "mood_relaxed": [0.8416504859924316, 0.1590602844953537], "mood_happy": [0.7690011262893677, 0.21989373862743378], "mood_sad": [0.8653742074966431, 0.13812805712223053], "mood_party": [0.7098919153213501, 0.30022117495536804]}