{"mood_acoustic": [0.06941390037536621, 0.9329098463058472], "mood_aggressive": [0.5063877105712891, 0.4754038453102112], "mood_electronic": [0.892215371131897, 0.11170444637537003], "mood_happy": [0.06626483052968979, 0.9274702072143555], "mood_party": [0.8506089448928833, 0.1700304001569748], "mood_relaxed": [0.16482990980148315, 0.8231252431869507], "mood_sad": [0.8136698007583618, 0.1884336918592453]}