{"mood_acoustic": [0.5765198469161987, 0.4596361517906189], "mood_aggressive": [0.02103211171925068, 0.9776691198348999], "mood_electronic": [0.29684093594551086, 0.7202340364456177], "mood_happy": [0.043651022017002106, 0.9521554708480835], "mood_party": [0.970802903175354, 0.029872272163629532], "mood_relaxed": [0.02757948264479637, 0.9711604714393616], "mood_sad": [0.12228485196828842, 0.877564013004303]}