{"mood_acoustic": [0.5283148288726807, 0.4948836863040924], "mood_electronic": [0.2984011769294739, 0.7174364924430847], "mood_aggressive": [0.024054843932390213, 0.9733681678771973], "mood_relaxed": [0.01785930059850216, 0.9814281463623047], "mood_happy": [0.017345912754535675, 0.9803382754325867], "mood_sad": [0.12813149392604828, 0.8748120665550232], "mood_party": [0.9851760268211365, 0.016619421541690826]}