{"mood_acoustic": [0.8371137976646423, 0.16531796753406525], "mood_aggressive": [0.0020943644922226667, 0.9974268674850464], "mood_electronic": [0.053029388189315796, 0.9463912844657898], "mood_happy": [0.0023300915490835905, 0.9975365400314331], "mood_party": [0.9954122304916382, 0.004383894614875317], "mood_relaxed": [0.0035044464748352766, 0.9946129322052002], "mood_sad": [0.05490083992481232, 0.9478427767753601]}