{"mood_acoustic": [0.1596665382385254, 0.8320841789245605], "mood_electronic": [0.8396701812744141, 0.15812252461910248], "mood_aggressive": [0.056128643453121185, 0.9426182508468628], "mood_relaxed": [0.3359096646308899, 0.6692752242088318], "mood_happy": [0.2933361530303955, 0.692553699016571], "mood_sad": [0.7086262702941895, 0.2848789393901825], "mood_party": [0.6439507007598877, 0.36952584981918335]}