{"mood_acoustic": [0.5222018957138062, 0.47367721796035767], "mood_aggressive": [0.28630566596984863, 0.7107429504394531], "mood_electronic": [0.07531750947237015, 0.9272376894950867], "mood_happy": [0.5590490102767944, 0.44010236859321594], "mood_party": [0.8926631212234497, 0.10690577328205109], "mood_relaxed": [0.608749270439148, 0.4016309678554535], "mood_sad": [0.4623095691204071, 0.536042332649231]}