{"mood_acoustic": [0.8149252533912659, 0.2038147747516632], "mood_aggressive": [0.000951442401856184, 0.9990231990814209], "mood_electronic": [0.16855044662952423, 0.8461191654205322], "mood_happy": [0.006464983336627483, 0.9931763410568237], "mood_party": [0.9896829128265381, 0.010332956910133362], "mood_relaxed": [0.005430939141660929, 0.992121160030365], "mood_sad": [0.0401463620364666, 0.960529625415802]}