{"mood_acoustic": [0.45917919278144836, 0.5379180312156677], "mood_electronic": [0.23452766239643097, 0.7777966260910034], "mood_aggressive": [0.18607401847839355, 0.8157077431678772], "mood_relaxed": [0.6800076365470886, 0.33324602246284485], "mood_happy": [0.7507612705230713, 0.24465487897396088], "mood_sad": [0.6959984302520752, 0.30521073937416077], "mood_party": [0.6160772442817688, 0.3872201144695282]}